"","Chennai Super Kings","Delhi Capitals","Kings XI Punjab","Mumbai Indians","Rajasthan Royals","Royal Challengers Bangalore","Sunrisers Hyderabad"
"1",168,201,183,127,199,252,117
"2",168,183,180,129,187,247,120
"3",164,200,161,112,188,240,108
"4",187,193,227,157,196,173,116
"5",176,197,242,141,198,168,113
"6",129,137,187,123,161,112,104
"7",104,146,144,103,165,203,101
"8",149,167,200,138,188,192,119
"9",102,139,137,111,167,199,105
"10",153,158,186,125,191,191,124
"11",105,133,145,111,170,196,101
"12",182,182,208,130,187,172,107
"13",103,147,141,107,176,195,98
"14",182,184,233,140,181,168,99
"15",98,104,166,121,175,129,107
"16",143,156,182,132,185,190,105
"17",165,170,197,144,200,186,118
"18",155,195,177,147,205,254,136
"19",114,141,140,107,179,193,103
"20",187,195,232,152,186,171,111
"21",94,119,159,119,168,149,112
"22",179,197,224,141,194,158,119
"23",112,151,148,99,170,196,109
"24",104,144,147,97,163,201,103
"25",170,199,180,136,200,252,124
"26",164,198,179,127,214,249,114
"27",155,164,183,120,188,190,117
"28",163,189,185,119,172,247,111
"29",154,193,188,123,197,247,114
"30",188,193,232,149,181,169,114
"31",102,112,159,124,163,139,106
"32",167,204,194,132,212,249,105
"33",165,198,173,134,194,253,108
"34",180,205,229,161,194,172,125
"35",157,186,172,115,194,239,108
"36",103,111,169,124,172,138,110
"37",134,153,196,126,157,104,108
"38",162,166,184,148,180,193,110
"39",167,177,199,149,206,197,120
"40",154,188,186,116,199,242,108
"41",156,171,207,148,199,198,119
"42",132,148,193,121,153,108,103
"43",152,157,197,132,185,194,105
"44",108,143,156,104,173,196,98
"45",106,143,154,111,179,191,98
"46",154,161,198,145,194,191,128
"47",106,110,164,113,167,134,108
"48",153,158,209,143,180,196,121
"49",164,201,188,130,208,250,119
"50",179,188,206,120,183,154,115
"51",160,193,176,114,191,240,104
"52",112,141,145,109,186,194,98
"53",97,142,159,101,177,205,114
"54",135,141,202,129,155,114,101
"55",99,142,151,98,168,199,105
"56",99,116,159,119,173,148,108
"57",123,146,185,127,170,111,108
"58",180,188,207,144,201,161,111
"59",166,196,190,130,207,247,120
"60",113,142,153,106,171,193,92
"61",152,191,173,102,195,243,108
"62",152,162,190,139,194,185,132
"63",95,116,165,124,169,148,110
"64",155,165,189,128,189,192,108
"65",122,141,193,128,167,110,100
"66",185,196,222,148,198,175,110
"67",160,197,192,128,194,243,111
"68",155,162,200,136,182,183,114
"69",109,135,147,112,172,190,98
"70",167,169,193,145,198,190,124
"71",123,136,204,122,162,116,110
"72",184,179,211,123,167,161,105
"73",160,175,192,150,197,196,117
"74",165,194,190,123,200,249,116
"75",162,188,181,123,200,235,117
"76",166,189,166,120,192,235,102
"77",157,157,192,125,182,183,106
"78",156,193,189,136,206,244,110
"79",98,110,161,121,151,148,121
"80",188,194,214,159,190,157,111
"81",96,109,167,123,158,140,105
"82",92,120,168,121,163,131,121
"83",125,151,190,114,166,113,107
"84",156,162,185,134,172,201,112
"85",99,114,167,120,172,136,105
"86",136,140,191,124,160,116,117
"87",177,179,214,129,184,160,117
"88",149,151,186,128,186,190,109
"89",132,138,195,128,169,119,98
"90",98,142,157,112,163,200,103
"91",160,189,189,130,216,245,121
"92",158,169,195,141,193,190,122
"93",151,162,196,129,182,181,114
"94",108,109,156,128,162,142,102
"95",157,164,189,152,188,197,125
"96",164,187,164,109,203,249,107
"97",174,199,183,125,204,246,115
"98",154,178,177,105,201,251,102
"99",160,165,195,139,183,181,116
"100",164,162,188,125,191,190,111
"101",177,187,235,154,183,156,122
"102",148,206,180,135,206,246,121
"103",154,179,184,136,190,192,126
"104",104,140,144,109,169,193,96
"105",107,147,157,104,174,199,106
"106",153,189,169,113,191,234,107
"107",103,118,172,121,163,130,102
"108",163,196,202,135,209,250,136
"109",104,141,151,111,165,196,96
"110",104,111,160,119,160,134,119
"111",157,195,171,124,196,242,105
"112",174,197,229,150,188,170,109
"113",102,147,161,113,168,195,98
"114",189,190,207,123,188,175,100
"115",166,180,169,113,192,246,100
"116",136,138,187,135,163,117,92
"117",153,167,191,130,188,181,107
"118",127,151,193,137,160,113,108
"119",161,193,187,142,205,255,106
"120",168,185,182,127,196,248,116
"121",164,191,194,126,215,253,118
"122",104,115,170,122,165,142,105
"123",177,183,212,125,186,163,108
"124",131,138,196,123,161,103,105
"125",133,144,204,124,168,113,98
"126",160,192,176,126,207,242,129
"127",131,142,208,119,160,110,110
"128",164,168,195,140,184,198,115
"129",182,187,220,122,178,171,103
"130",162,189,175,141,210,241,109
"131",120,141,151,103,174,200,108
"132",181,186,222,157,193,173,104
"133",104,116,166,123,161,151,101
"134",162,154,187,125,180,190,111
"135",175,208,224,143,186,174,118
"136",194,188,219,140,173,179,110
"137",190,181,206,144,187,153,106
"138",106,145,156,106,174,193,103
"139",160,161,190,129,188,188,127
"140",172,199,180,125,194,251,117
"141",186,180,219,135,185,162,103
"142",131,150,196,118,151,122,98
"143",165,189,187,124,197,245,128
"144",162,197,174,134,193,252,118
"145",189,184,235,143,179,152,114
"146",156,186,197,119,189,252,111
"147",173,187,214,116,189,161,110
"148",146,167,205,142,194,202,117
"149",157,187,175,114,186,245,120
"150",126,141,201,128,160,127,96
"151",148,199,170,121,191,243,116
"152",161,167,179,148,194,198,128
"153",169,192,178,130,190,250,125
"154",156,174,207,138,199,203,114
"155",164,190,161,113,187,245,114
"156",104,139,152,102,171,197,113
"157",156,171,182,151,192,193,113
"158",107,114,169,118,163,139,111
"159",109,150,145,105,155,191,98
"160",164,166,196,144,190,188,120
"161",157,166,188,152,192,186,123
"162",98,115,164,109,163,130,111
"163",102,136,141,112,177,188,101
"164",106,153,155,105,168,199,112
"165",146,158,180,138,192,189,112
"166",108,116,165,121,163,153,113
"167",161,163,192,158,197,204,124
"168",152,170,197,133,193,192,115
"169",150,162,190,124,182,182,124
"170",161,192,173,137,190,246,107
"171",184,191,202,141,186,158,101
"172",181,189,217,133,190,173,102
"173",159,168,197,148,204,189,116
"174",155,173,188,147,192,193,115
"175",128,144,198,135,159,102,97
"176",101,123,157,122,156,136,110
"177",150,193,175,135,206,250,111
"178",106,138,152,113,188,193,99
"179",169,182,221,153,177,166,118
"180",152,170,206,129,186,185,125
"181",140,161,180,130,187,179,109
"182",111,145,146,102,162,184,98
"183",153,160,192,137,176,186,126
"184",183,203,222,134,184,174,107
"185",97,107,172,126,165,142,117
"186",106,115,167,125,166,137,111
"187",101,106,162,116,169,142,114
"188",103,111,176,116,171,135,110
"189",112,142,143,113,169,194,104
"190",183,187,218,132,185,173,102
"191",156,201,182,135,202,246,114
"192",149,175,171,111,197,237,117
"193",195,188,223,156,186,165,111
"194",128,145,194,123,160,125,103
"195",172,192,221,133,181,158,104
"196",168,193,174,117,201,249,99
"197",191,189,221,157,181,165,120
"198",185,209,229,151,203,166,117
"199",164,186,178,112,193,237,115
"200",163,158,196,147,192,203,122
"201",182,186,229,136,191,158,103
"202",121,141,191,125,166,110,106
"203",161,162,206,154,185,201,124
"204",177,180,213,123,176,172,103
"205",160,174,197,151,184,189,123
"206",172,178,213,131,177,168,110
"207",153,168,189,146,192,200,119
"208",161,171,192,135,198,198,123
"209",101,114,170,122,163,141,100
"210",155,164,201,148,192,192,123
"211",127,141,197,123,163,112,111
"212",197,189,226,148,183,161,118
"213",167,183,169,111,185,240,112
"214",161,192,175,130,198,245,112
"215",111,111,158,123,162,141,112
"216",171,198,165,119,199,241,114
"217",157,162,190,127,176,193,102
"218",128,144,184,128,153,106,106
"219",125,152,198,125,166,120,103
"220",157,202,184,124,204,250,119
"221",185,204,227,132,196,168,109
"222",162,183,174,105,194,245,113
"223",101,118,155,127,161,155,112
"224",109,140,143,102,164,194,106
"225",163,199,186,125,200,257,114
"226",164,197,181,134,195,253,120
"227",162,197,182,130,190,252,125
"228",130,136,180,132,165,110,102
"229",170,199,172,117,201,243,104
"230",124,140,198,122,157,108,103
"231",168,189,163,116,198,246,116
"232",123,141,200,122,154,107,98
"233",126,144,186,134,168,116,97
"234",146,156,204,127,191,186,125
"235",188,197,224,147,183,166,116
"236",100,111,166,121,172,141,115
"237",151,159,183,131,185,191,109
"238",149,161,183,138,186,192,113
"239",107,146,151,112,162,204,105
"240",161,169,203,137,199,201,132
"241",155,162,193,148,190,182,126
"242",157,193,164,113,195,243,116
"243",102,110,163,124,157,132,100
"244",156,189,179,130,215,247,115
"245",163,160,197,139,201,197,117
"246",159,171,196,140,182,195,127
"247",112,145,150,104,159,188,101
"248",165,192,200,144,203,244,121
"249",186,194,230,145,206,160,112
"250",155,165,210,151,184,186,123
"251",158,162,186,128,178,190,117
"252",177,182,223,140,186,160,107
"253",97,140,161,105,184,192,93
"254",165,186,193,119,193,244,112
"255",113,152,135,105,174,197,100
"256",146,160,196,126,195,192,119
"257",139,135,197,118,170,121,107
"258",102,111,169,127,179,151,108
"259",105,146,164,105,166,192,107
"260",181,181,212,140,182,161,110
"261",129,145,185,128,168,120,97
"262",152,163,183,123,188,197,124
"263",126,151,191,131,169,118,105
"264",185,187,213,137,192,161,105
"265",161,196,187,134,202,247,120
"266",100,118,154,121,175,136,107
"267",136,141,190,120,158,113,100
"268",184,192,211,141,181,165,105
"269",151,165,212,138,194,210,129
"270",157,157,193,121,188,192,114
"271",185,193,228,128,176,165,99
"272",152,183,177,123,196,241,110
"273",133,148,199,124,162,114,104
"274",179,185,214,132,177,169,113
"275",153,159,193,129,200,194,109
"276",165,187,160,113,200,233,109
"277",96,143,156,106,177,200,90
"278",93,107,173,130,152,144,111
"279",147,155,182,131,179,189,114
"280",162,198,179,124,186,249,110
"281",102,138,148,105,169,190,99
"282",185,195,224,147,184,170,120
"283",182,189,218,132,189,156,101
"284",154,177,176,126,188,250,114
"285",103,134,149,106,176,196,98
"286",155,184,179,110,188,237,105
"287",157,178,173,110,194,243,106
"288",96,144,142,99,177,189,105
"289",105,109,159,127,151,133,98
"290",107,144,143,99,178,204,113
"291",157,168,197,148,188,204,121
"292",102,119,158,123,168,133,104
"293",134,139,187,122,165,111,96
"294",130,144,190,131,155,115,106
"295",156,157,192,129,181,190,109
"296",179,201,224,154,199,178,116
"297",160,171,193,152,207,188,122
"298",172,157,181,128,189,187,123
"299",162,165,194,139,190,192,122
"300",193,201,242,155,196,167,113
"301",155,157,182,130,187,182,119
"302",181,188,211,126,184,165,100
"303",167,167,224,150,189,191,121
"304",178,194,230,155,184,156,110
"305",158,167,184,136,209,194,129
"306",178,181,213,126,185,160,108
"307",134,138,185,126,159,111,106
"308",178,204,223,164,191,169,108
"309",103,114,171,123,166,144,105
"310",157,172,197,155,184,200,113
"311",176,188,218,127,185,172,103
"312",103,110,146,127,183,136,104
"313",99,109,159,122,175,141,109
"314",109,142,155,115,174,189,97
"315",176,182,211,134,179,164,120
"316",154,196,177,130,210,243,113
"317",160,174,209,156,189,190,120
"318",104,134,152,108,175,201,103
"319",182,178,227,126,180,165,120
"320",162,167,183,141,201,188,122
"321",188,185,211,138,192,178,107
"322",190,199,230,158,202,162,112
"323",107,119,165,123,161,147,103
"324",158,171,195,157,188,184,123
"325",173,184,179,130,204,252,118
"326",190,194,228,148,188,166,117
"327",166,183,164,122,194,239,117
"328",160,156,175,133,182,208,113
"329",140,164,186,124,185,187,109
"330",114,141,152,102,166,202,104
"331",161,152,202,136,168,185,114
"332",151,166,202,154,198,185,118
"333",175,198,172,141,192,251,128
"334",176,192,230,137,185,166,110
"335",154,164,186,129,181,202,113
"336",159,190,176,134,197,253,102
"337",106,145,156,104,158,197,96
"338",104,147,151,113,176,193,97
"339",187,189,227,118,185,159,105
"340",160,172,195,155,209,195,121
"341",157,195,188,130,202,251,121
"342",158,183,179,123,200,229,110
"343",157,186,174,119,186,246,115
"344",182,206,228,136,191,160,116
"345",192,190,217,134,184,156,114
"346",186,198,236,149,213,165,110
"347",168,160,194,133,189,199,127
"348",166,193,170,106,199,243,107
"349",177,194,187,130,199,254,113
"350",153,168,206,142,191,203,120
"351",153,173,194,141,195,198,130
"352",125,148,201,114,174,118,93
"353",147,162,201,161,202,194,114
"354",102,111,158,123,167,132,114
"355",134,145,182,116,171,119,96
"356",182,196,236,145,189,174,120
"357",138,141,201,117,171,119,107
"358",158,186,170,119,190,241,102
"359",169,187,177,117,188,243,108
"360",105,119,174,113,158,144,105
"361",150,162,194,121,183,189,115
"362",160,198,177,111,190,240,101
"363",130,133,198,130,153,115,106
"364",160,195,193,124,219,241,115
"365",142,160,183,115,193,184,109
"366",187,180,223,130,195,155,106
"367",148,185,170,115,190,243,103
"368",147,162,188,133,195,193,117
"369",152,163,176,129,189,193,123
"370",112,147,142,113,180,191,106
"371",101,117,159,119,169,136,110
"372",182,188,209,132,180,161,97
"373",105,140,159,116,170,196,101
"374",166,186,177,104,178,243,111
"375",182,198,220,138,190,169,107
"376",109,149,167,103,170,186,98
"377",98,112,155,131,163,141,104
"378",168,188,172,119,194,239,109
"379",160,184,177,124,182,248,102
"380",183,191,218,136,190,161,107
"381",145,161,177,139,187,191,110
"382",182,189,208,139,169,164,104
"383",102,113,165,120,161,143,106
"384",168,202,182,135,209,242,125
"385",170,158,183,139,187,193,126
"386",102,115,153,127,170,143,103
"387",177,185,214,133,182,163,109
"388",174,197,238,152,185,163,116
"389",156,165,188,133,183,191,112
"390",159,150,182,120,186,203,110
"391",99,112,150,117,164,135,105
"392",184,185,210,114,181,156,106
"393",154,190,174,121,189,246,111
"394",112,143,154,119,173,199,97
"395",107,149,165,105,177,188,103
"396",157,165,189,136,191,189,123
"397",164,158,189,128,180,182,119
"398",149,171,197,145,195,196,129
"399",183,205,226,158,197,160,115
"400",155,166,183,150,191,193,128
"401",155,193,181,148,214,251,112
"402",147,155,179,123,181,182,113
"403",183,190,223,137,190,165,105
"404",152,190,179,126,212,250,113
"405",155,155,186,131,178,195,113
"406",169,200,177,127,202,253,118
"407",110,103,171,122,163,145,105
"408",123,144,186,134,164,108,107
"409",167,180,171,110,192,241,109
"410",153,162,191,126,171,185,122
"411",100,111,157,121,161,135,109
"412",177,184,211,125,169,157,109
"413",123,152,191,125,164,114,107
"414",164,160,194,132,203,187,110
"415",159,176,202,148,181,197,121
"416",106,141,151,103,178,194,98
"417",130,138,183,131,166,126,92
"418",113,141,160,102,171,203,103
"419",162,193,188,123,196,251,117
"420",98,117,169,118,165,149,104
"421",131,144,186,124,160,108,97
"422",180,194,178,138,209,250,116
"423",158,190,185,134,209,245,122
"424",127,142,185,112,177,119,106
"425",186,186,217,136,172,157,99
"426",158,158,188,123,169,182,118
"427",160,196,173,109,195,242,117
"428",153,175,199,131,193,200,122
"429",170,199,158,115,194,240,110
"430",104,142,157,104,172,203,99
"431",166,195,184,133,214,242,121
"432",184,181,213,129,186,166,115
"433",151,165,189,139,195,197,129
"434",152,184,171,116,189,248,108
"435",130,139,185,131,150,117,115
"436",170,191,184,130,196,251,126
"437",150,162,185,128,187,182,104
"438",125,146,181,135,163,108,99
"439",158,189,175,104,193,242,109
"440",181,188,213,130,190,171,103
"441",107,111,159,117,166,151,107
"442",177,185,230,159,194,170,110
"443",180,203,223,148,194,154,113
"444",107,111,168,123,165,150,116
"445",147,159,176,139,188,193,121
"446",163,185,180,128,192,247,110
"447",136,143,186,120,166,125,101
"448",104,145,149,97,183,194,101
"449",95,114,160,126,158,157,104
"450",160,184,163,110,186,242,106
"451",155,164,187,132,187,187,118
"452",167,198,179,134,209,245,120
"453",185,181,216,132,182,161,101
"454",104,110,173,119,160,148,99
"455",165,189,194,148,199,245,115
"456",133,146,191,123,161,119,92
"457",169,181,209,131,178,152,114
"458",132,139,189,128,156,112,98
"459",154,202,203,140,205,254,118
"460",101,131,151,113,171,195,108
"461",99,110,187,114,160,139,111
"462",110,125,168,124,158,144,115
"463",106,113,142,122,174,152,111
"464",131,140,187,128,169,107,106
"465",112,148,160,110,172,199,102
"466",156,187,170,111,196,234,107
"467",165,200,168,129,199,250,114
"468",150,164,183,124,198,195,115
"469",131,134,192,129,162,128,108
"470",103,117,157,119,165,137,106
"471",161,187,164,118,200,240,112
"472",156,160,198,144,191,183,120
"473",169,172,181,115,192,238,108
"474",187,206,239,152,197,168,112
"475",153,165,196,140,194,194,120
"476",100,122,177,117,170,137,100
"477",165,191,179,135,210,245,118
"478",111,136,145,99,165,195,98
"479",153,157,195,128,180,190,113
"480",191,202,226,152,186,175,114
"481",185,200,213,151,181,163,114
"482",162,166,189,135,182,183,123
"483",183,190,220,154,205,177,118
"484",107,145,147,106,176,192,104
"485",152,192,173,110,208,251,107
"486",159,193,192,134,207,250,120
"487",105,109,156,126,184,143,114
"488",95,114,171,118,170,138,101
"489",162,198,187,130,204,247,113
"490",161,171,197,140,192,191,121
"491",116,144,168,117,166,208,103
"492",145,159,193,122,177,182,119
"493",136,145,193,121,167,114,101
"494",131,147,193,138,163,115,106
"495",158,183,173,136,192,251,115
"496",168,191,168,135,194,249,116
"497",110,133,145,103,168,199,103
"498",165,205,181,133,199,245,114
"499",97,115,151,126,161,138,97
"500",158,170,205,145,194,189,122
"501",98,115,169,126,159,152,109
"502",165,162,188,138,183,189,121
"503",119,139,200,134,163,107,97
"504",168,199,184,141,195,237,119
"505",109,144,159,112,171,196,103
"506",153,165,186,145,190,204,127
"507",100,114,168,121,154,149,106
"508",153,203,190,116,199,251,122
"509",156,157,176,124,186,198,120
"510",153,192,177,113,188,244,114
"511",161,206,185,127,212,237,114
"512",106,144,149,109,175,197,100
"513",187,198,224,135,178,156,112
"514",107,145,151,105,178,194,103
"515",95,106,170,124,178,140,111
"516",93,123,165,119,163,127,114
"517",129,149,196,125,164,108,98
"518",105,152,147,118,165,194,116
"519",195,195,210,155,190,171,112
"520",181,190,224,134,178,164,108
"521",108,144,151,108,173,194,103
"522",190,213,228,143,194,160,116
"523",152,184,184,112,185,240,108
"524",97,144,143,105,165,187,108
"525",95,119,156,115,173,150,116
"526",181,184,206,124,183,155,103
"527",167,196,180,126,197,256,114
"528",101,140,148,108,174,195,103
"529",109,118,167,120,165,134,105
"530",125,144,203,127,165,105,99
"531",148,153,180,126,190,181,112
"532",187,195,219,150,186,166,114
"533",106,116,161,126,174,141,108
"534",173,187,215,120,175,156,107
"535",99,108,156,122,181,137,112
"536",155,185,169,116,185,244,116
"537",104,149,148,110,172,190,105
"538",160,181,174,116,197,242,105
"539",155,166,180,141,190,189,121
"540",176,195,219,131,183,158,108
"541",187,192,216,130,183,163,99
"542",99,133,150,116,170,196,106
"543",99,113,155,118,158,149,106
"544",158,184,177,107,195,248,99
"545",135,138,202,120,169,118,94
"546",158,177,173,115,173,243,124
"547",165,200,174,145,191,235,119
"548",130,142,178,129,174,110,102
"549",166,199,177,137,200,245,116
"550",127,152,181,123,159,119,104
"551",171,196,220,127,180,156,107
"552",186,191,224,139,188,178,108
"553",185,188,214,135,184,159,112
"554",157,193,179,132,203,248,121
"555",153,198,176,132,206,249,114
"556",186,187,220,155,186,167,112
"557",145,152,178,124,182,184,118
"558",105,136,152,109,176,197,108
"559",132,146,198,134,178,128,95
"560",155,170,196,137,184,203,121
"561",176,199,228,145,196,171,124
"562",102,148,158,104,174,191,99
"563",131,135,196,128,163,102,99
"564",163,186,171,123,192,239,107
"565",184,196,233,163,183,165,118
"566",116,137,146,110,173,192,101
"567",156,159,195,157,206,185,119
"568",161,158,195,135,189,200,123
"569",158,193,176,134,202,250,120
"570",185,191,219,139,186,172,116
"571",105,109,161,119,164,143,113
"572",188,191,229,149,195,163,119
"573",158,153,187,130,203,187,107
"574",111,147,151,108,173,197,106
"575",112,140,151,103,172,190,105
"576",172,191,191,128,199,247,128
"577",112,140,150,106,173,191,101
"578",153,155,184,122,190,193,111
"579",162,199,191,132,208,247,119
"580",163,190,165,114,199,244,106
"581",125,143,188,122,159,126,107
"582",104,109,173,118,169,144,105
"583",182,184,218,140,183,165,105
"584",157,189,165,115,186,236,120
"585",166,193,160,110,198,239,94
"586",161,193,180,145,201,244,131
"587",188,193,223,141,191,174,117
"588",127,135,195,130,158,110,100
"589",162,192,170,121,196,245,103
"590",187,183,210,128,184,148,98
"591",155,197,183,137,186,239,109
"592",165,194,179,129,213,243,122
"593",159,174,206,156,188,194,114
"594",180,187,228,137,187,155,109
"595",151,187,161,116,200,243,113
"596",188,190,231,142,187,163,120
"597",154,188,174,105,194,246,114
"598",187,189,215,137,173,153,107
"599",129,142,187,131,157,123,97
"600",161,196,186,135,208,253,120
"601",185,181,213,141,186,174,111
"602",160,165,195,149,184,189,127
"603",149,191,176,111,194,243,114
"604",157,192,171,113,191,244,112
"605",97,118,165,120,172,140,112
"606",132,147,207,135,163,105,98
"607",130,148,195,122,151,116,98
"608",151,195,177,127,192,250,115
"609",112,150,149,105,167,201,102
"610",182,192,219,158,193,172,113
"611",183,203,224,139,187,168,113
"612",98,117,157,120,168,145,106
"613",157,160,179,116,187,186,112
"614",163,165,192,147,194,190,124
"615",108,141,153,97,182,197,97
"616",175,191,214,126,181,164,107
"617",190,187,215,137,189,151,107
"618",108,152,141,113,172,197,104
"619",160,189,165,103,191,236,113
"620",152,156,180,125,178,183,116
"621",183,186,215,137,180,148,106
"622",112,141,149,108,170,193,95
"623",146,171,176,128,189,191,113
"624",158,167,201,138,202,188,122
"625",183,194,218,140,186,152,111
"626",155,164,177,134,196,200,123
"627",94,137,157,106,170,197,105
"628",158,161,195,133,198,193,111
"629",100,112,168,121,172,138,108
"630",156,191,172,119,192,230,109
"631",157,187,173,110,191,243,100
"632",189,183,207,136,175,160,104
"633",159,163,200,151,187,189,129
"634",98,117,162,122,178,140,106
"635",109,117,163,119,166,153,111
"636",143,166,175,132,184,186,114
"637",179,194,212,139,181,163,100
"638",101,144,160,111,184,191,106
"639",115,139,152,102,168,204,105
"640",172,187,218,150,202,164,107
"641",156,184,172,107,189,240,110
"642",158,162,202,136,179,191,115
"643",150,181,184,118,184,250,113
"644",160,184,181,118,197,250,98
"645",155,168,197,160,196,195,126
"646",152,168,201,150,184,191,126
"647",173,193,216,154,190,162,114
"648",110,139,143,104,184,201,111
"649",180,196,224,142,199,172,110
"650",176,196,228,154,197,159,115
"651",102,141,147,98,182,191,112
"652",165,188,185,105,200,238,108
"653",111,141,153,103,173,195,101
"654",194,183,218,123,178,160,106
"655",164,191,171,124,183,234,105
"656",177,189,211,134,174,153,104
"657",148,183,166,114,192,245,101
"658",111,112,166,115,166,127,110
"659",167,195,180,125,217,254,113
"660",132,147,186,126,156,101,101
"661",168,197,179,134,199,243,115
"662",164,199,186,127,205,252,113
"663",129,144,195,122,164,112,101
"664",163,194,165,105,201,233,103
"665",125,151,185,136,164,108,101
"666",119,138,154,113,176,199,96
"667",159,189,178,113,199,239,109
"668",174,193,231,157,185,161,106
"669",166,163,203,147,184,195,112
"670",161,183,172,119,204,239,106
"671",106,151,151,110,176,202,104
"672",144,159,190,117,185,180,113
"673",109,112,156,115,175,136,101
"674",145,156,199,135,175,198,110
"675",169,194,180,130,194,240,108
"676",182,189,228,161,184,165,111
"677",152,184,177,108,195,241,109
"678",190,198,229,144,193,165,117
"679",104,144,141,102,171,191,111
"680",163,205,177,117,203,248,108
"681",103,119,166,126,159,144,109
"682",150,164,196,151,188,198,112
"683",163,164,203,152,193,191,134
"684",108,141,139,112,167,196,102
"685",106,117,156,125,170,141,108
"686",124,148,193,139,160,129,96
"687",147,157,179,132,189,189,118
"688",175,179,214,128,190,162,111
"689",160,192,182,135,202,249,119
"690",191,192,206,140,175,154,107
"691",120,135,184,121,163,118,103
"692",189,201,225,151,200,164,120
"693",133,147,195,119,155,111,100
"694",148,183,171,121,189,241,110
"695",160,152,187,120,173,184,106
"696",164,171,201,153,198,186,127
"697",195,193,231,156,198,181,122
"698",155,190,186,130,197,251,122
"699",181,197,221,157,189,162,115
"700",160,175,202,145,206,193,143
"701",160,169,194,143,200,195,129
"702",130,150,203,119,167,108,97
"703",131,137,201,116,175,112,90
"704",175,187,214,135,191,163,103
"705",102,129,139,114,182,194,101
"706",168,165,180,135,180,186,112
"707",176,190,217,124,193,166,107
"708",167,193,182,133,190,247,119
"709",153,151,176,123,181,192,109
"710",155,193,163,119,194,236,103
"711",184,174,210,148,178,143,108
"712",155,198,186,125,197,252,119
"713",160,196,185,139,195,244,116
"714",150,157,189,132,198,178,112
"715",169,194,189,129,212,249,113
"716",128,148,185,125,164,118,105
"717",162,192,182,120,198,244,101
"718",165,198,169,124,211,248,126
"719",97,119,157,125,162,140,106
"720",165,182,185,108,191,248,112
"721",176,180,234,134,188,161,100
"722",129,141,194,138,162,109,95
"723",166,185,174,120,191,233,104
"724",168,174,175,116,180,237,112
"725",149,156,194,124,182,190,112
"726",193,189,204,137,174,170,108
"727",167,172,193,154,208,211,116
"728",153,157,201,141,209,188,119
"729",168,186,173,115,196,242,113
"730",162,185,176,108,197,235,105
"731",157,186,166,110,193,248,100
"732",128,141,194,122,159,107,96
"733",151,159,187,126,181,189,114
"734",136,150,191,129,165,107,99
"735",187,191,218,133,189,151,107
"736",107,151,142,113,177,193,100
"737",125,138,199,125,156,124,94
"738",140,136,190,120,166,118,102
"739",153,162,185,133,172,194,115
"740",180,194,215,131,185,158,117
"741",170,188,173,108,194,243,113
"742",105,148,145,106,172,197,106
"743",156,190,183,112,207,226,102
"744",185,188,222,141,189,155,102
"745",104,140,160,107,163,194,105
"746",159,165,192,150,193,200,117
"747",107,138,142,110,175,198,101
"748",164,195,177,137,194,246,127
"749",191,190,222,160,185,161,108
"750",163,183,169,111,188,238,108
"751",159,163,194,146,198,197,130
"752",96,135,165,101,178,194,100
"753",149,158,177,135,191,186,109
"754",109,148,152,106,171,198,102
"755",134,137,185,131,143,106,104
"756",158,196,203,132,196,244,119
"757",180,188,220,136,186,162,108
"758",101,138,148,105,179,197,108
"759",156,200,167,110,195,234,107
"760",186,205,238,144,200,166,118
"761",104,142,151,107,180,190,96
"762",176,184,217,127,178,164,106
"763",166,171,195,139,193,185,128
"764",152,190,175,108,199,247,114
"765",115,147,146,106,175,194,100
"766",154,158,191,124,189,187,114
"767",156,195,164,123,194,235,103
"768",118,150,145,108,166,201,103
"769",158,186,172,117,199,238,112
"770",147,164,190,146,214,183,114
"771",126,141,193,129,155,114,98
"772",166,155,184,134,177,174,121
"773",129,143,184,123,145,111,105
"774",181,187,225,143,187,162,110
"775",109,141,147,116,179,192,104
"776",152,192,180,142,202,249,126
"777",198,189,219,131,171,163,109
"778",191,201,216,162,197,161,112
"779",186,185,219,140,188,162,108
"780",153,151,176,119,187,184,124
"781",158,168,185,148,195,206,134
"782",154,163,189,148,195,190,133
"783",160,165,199,146,185,207,125
"784",181,201,222,158,189,162,114
"785",166,183,167,126,199,242,110
"786",186,199,224,148,189,156,114
"787",155,171,183,116,198,183,127
"788",182,179,204,121,194,155,113
"789",102,117,161,119,163,146,109
"790",154,162,194,145,187,199,116
"791",155,164,201,148,187,188,114
"792",190,196,226,152,184,168,106
"793",151,167,201,159,195,188,130
"794",181,188,213,141,181,160,113
"795",148,158,172,121,186,184,116
"796",188,186,226,129,192,164,104
"797",135,144,197,130,164,114,99
"798",149,157,187,142,178,185,115
"799",194,179,200,125,173,163,112
"800",174,204,193,128,197,245,127
"801",141,141,194,126,157,110,100
"802",98,108,166,117,156,142,119
"803",101,108,161,122,161,138,96
"804",111,142,142,105,183,190,110
"805",103,138,144,101,165,190,104
"806",149,181,169,123,190,243,106
"807",158,160,189,121,192,172,121
"808",164,164,197,145,190,204,121
"809",131,136,178,125,166,120,109
"810",161,163,189,147,201,202,130
"811",126,142,199,122,158,115,103
"812",92,111,152,116,158,149,102
"813",161,164,197,140,197,207,123
"814",160,166,176,126,192,193,117
"815",102,112,161,119,163,145,106
"816",132,144,196,121,159,128,105
"817",163,184,179,105,191,240,100
"818",182,187,207,137,190,162,113
"819",181,195,237,156,192,177,116
"820",130,143,198,125,168,117,89
"821",187,186,226,147,188,167,113
"822",156,163,183,119,194,177,124
"823",158,185,179,112,197,244,116
"824",181,196,219,135,175,170,96
"825",148,171,178,124,194,192,117
"826",157,161,194,142,194,195,121
"827",154,150,187,139,182,187,114
"828",163,188,190,131,215,247,114
"829",104,137,147,101,168,188,98
"830",188,193,216,155,189,159,108
"831",133,153,199,116,161,111,96
"832",179,183,220,136,176,153,96
"833",170,206,218,166,187,175,124
"834",188,197,229,150,200,172,105
"835",105,142,146,98,164,194,105
"836",112,119,164,124,168,144,104
"837",111,144,170,114,169,193,104
"838",102,123,172,123,154,140,113
"839",97,106,163,124,166,144,112
"840",126,140,200,123,177,119,100
"841",160,178,163,110,191,236,106
"842",165,162,199,125,184,189,113
"843",157,172,202,151,179,198,129
"844",138,146,197,130,150,110,98
"845",123,148,194,119,155,129,105
"846",168,164,194,137,201,196,115
"847",158,165,201,154,181,187,122
"848",98,113,174,120,162,137,105
"849",95,107,165,117,166,157,100
"850",180,183,206,128,196,162,107
"851",161,191,168,107,186,244,105
"852",163,171,199,144,192,197,116
"853",184,204,237,154,207,161,114
"854",103,110,167,118,160,152,107
"855",104,140,153,107,174,192,107
"856",163,194,165,106,192,244,106
"857",171,196,174,138,201,252,118
"858",161,202,180,124,208,244,116
"859",163,165,172,135,191,194,112
"860",190,180,233,155,193,165,106
"861",106,138,148,106,166,197,101
"862",187,194,223,127,185,155,105
"863",171,202,220,163,179,163,115
"864",98,115,163,129,169,147,115
"865",151,186,164,109,206,237,108
"866",193,192,215,127,176,173,99
"867",97,144,149,113,164,187,102
"868",167,186,177,120,186,236,105
"869",103,115,160,116,151,133,107
"870",97,124,171,126,158,135,113
"871",107,155,147,101,175,194,109
"872",157,198,189,150,189,246,106
"873",171,191,221,149,191,161,109
"874",130,144,192,122,165,114,102
"875",159,191,168,124,194,240,107
"876",182,199,221,156,188,163,120
"877",155,165,210,148,196,199,118
"878",99,111,154,119,164,136,100
"879",154,175,198,146,180,192,129
"880",165,186,180,123,206,235,111
"881",115,143,135,109,170,196,103
"882",188,193,213,157,191,171,105
"883",186,187,217,136,189,158,112
"884",94,122,151,123,172,144,109
"885",159,171,189,146,186,192,126
"886",170,198,178,126,207,248,129
"887",194,194,241,161,190,165,123
"888",111,120,155,122,163,143,116
"889",157,167,186,153,199,186,118
"890",156,190,177,120,205,236,107
"891",168,180,175,104,189,241,112
"892",166,187,186,105,187,247,109
"893",127,141,191,128,163,112,104
"894",112,152,144,108,167,192,100
"895",98,112,164,122,163,139,116
"896",157,164,199,157,199,201,121
"897",103,119,156,118,164,143,110
"898",101,140,145,102,185,200,106
"899",126,150,195,123,171,105,99
"900",189,191,239,171,186,175,109
"901",182,184,206,142,190,154,112
"902",112,138,133,110,182,198,108
"903",157,196,181,130,197,242,112
"904",158,197,181,142,203,249,123
"905",95,112,162,123,160,146,116
"906",166,157,183,131,185,186,109
"907",188,184,223,149,191,166,121
"908",110,140,150,102,178,201,116
"909",185,198,207,133,180,152,116
"910",155,168,193,138,200,186,123
"911",104,115,160,121,161,139,112
"912",160,188,174,112,206,243,98
"913",103,140,148,98,167,192,92
"914",168,164,202,149,196,195,111
"915",169,184,171,108,190,235,106
"916",153,175,176,133,187,247,119
"917",105,142,154,101,161,193,98
"918",197,203,231,147,185,172,101
"919",162,191,164,117,190,240,123
"920",156,194,192,119,224,249,129
"921",189,190,216,137,191,150,109
"922",167,193,192,144,197,259,111
"923",100,119,165,122,160,141,106
"924",159,157,197,126,176,187,123
"925",159,188,174,107,193,242,107
"926",158,184,157,110,212,240,111
"927",161,191,181,145,187,246,114
"928",127,143,195,126,160,112,97
"929",103,114,152,118,169,137,110
"930",154,150,188,144,188,188,113
"931",99,149,156,104,167,193,97
"932",158,191,188,126,193,248,99
"933",104,148,143,110,182,205,103
"934",100,105,178,116,168,150,106
"935",94,119,174,117,161,139,92
"936",157,162,198,153,188,184,124
"937",155,160,205,146,200,201,124
"938",178,183,205,136,189,162,113
"939",154,192,180,132,199,251,124
"940",182,210,214,146,199,163,112
"941",189,192,213,143,174,170,117
"942",139,142,192,126,154,114,98
"943",122,145,192,124,167,121,99
"944",186,196,219,142,191,165,123
"945",188,197,217,133,187,163,104
"946",127,136,193,128,156,128,108
"947",160,200,171,135,194,240,122
"948",128,137,190,131,165,115,100
"949",96,113,153,126,165,144,91
"950",154,188,167,116,191,236,113
"951",114,142,135,116,170,197,97
"952",188,201,212,126,188,166,106
"953",195,186,201,140,181,166,115
"954",151,163,185,124,180,194,116
"955",126,154,201,124,161,116,101
"956",192,187,215,155,201,167,122
"957",154,168,172,129,194,186,115
"958",184,188,212,153,200,160,122
"959",182,191,221,151,193,175,118
"960",157,174,172,112,199,244,99
"961",151,167,183,132,192,194,123
"962",161,157,198,134,197,205,115
"963",109,145,140,105,178,203,95
"964",164,159,192,142,188,203,119
"965",158,166,186,144,187,193,117
"966",157,166,189,120,178,174,114
"967",148,163,179,127,179,190,107
"968",175,190,227,147,190,171,113
"969",183,188,224,136,179,160,105
"970",122,155,140,107,175,192,107
"971",176,187,222,130,194,160,101
"972",172,194,231,149,198,168,115
"973",188,193,225,152,191,171,110
"974",156,187,163,113,199,247,112
"975",123,140,192,124,158,117,98
"976",151,188,174,112,200,240,111
"977",156,167,195,160,203,186,120
"978",154,185,178,107,188,248,113
"979",180,188,211,126,189,173,113
"980",194,186,213,119,183,162,109
"981",153,162,193,151,193,211,129
"982",192,195,216,136,172,166,107
"983",104,140,162,98,175,200,94
"984",189,191,219,114,181,169,102
"985",149,165,174,127,177,190,113
"986",154,168,206,145,189,200,115
"987",149,157,186,132,186,179,121
"988",185,185,221,151,192,162,114
"989",110,146,143,109,174,195,100
"990",157,206,184,126,199,259,115
"991",155,183,173,101,195,243,112
"992",153,195,175,134,196,250,114
"993",121,141,196,138,159,105,98
"994",99,119,152,128,153,127,117
"995",165,198,173,126,201,255,119
"996",103,147,152,111,172,190,95
"997",178,198,218,165,190,175,109
"998",159,170,205,136,194,193,120
"999",144,161,184,118,176,202,120
"1000",185,201,221,152,178,174,109
