"","Chennai Super Kings","Delhi Capitals","Kings XI Punjab","Kolkata Knight Riders","Mumbai Indians","Rajasthan Royals","Royal Challengers Bangalore"
"1",264,166,188,331,172,237,388
"2",300,171,200,372,185,257,375
"3",306,151,193,347,173,240,359
"4",264,141,187,370,173,230,378
"5",271,152,211,327,186,236,355
"6",283,150,202,327,173,235,361
"7",299,159,190,327,212,258,382
"8",278,146,200,349,168,238,375
"9",299,151,195,347,187,254,370
"10",311,152,198,345,189,232,412
"11",299,170,220,358,218,237,378
"12",291,160,197,350,173,231,375
"13",275,135,184,356,185,230,361
"14",264,138,186,335,173,219,360
"15",315,158,210,366,185,242,385
"16",313,161,191,360,169,238,384
"17",280,171,204,334,173,238,376
"18",282,149,199,361,178,226,386
"19",315,167,204,360,155,234,368
"20",322,166,221,350,221,254,370
"21",256,173,201,335,172,238,404
"22",299,147,206,361,171,227,387
"23",279,164,190,334,171,245,373
"24",305,136,199,347,201,236,359
"25",285,163,211,354,181,261,370
"26",288,138,202,343,201,246,374
"27",292,153,199,387,188,251,384
"28",293,158,194,360,194,245,376
"29",289,179,208,334,196,236,382
"30",289,144,173,354,168,215,365
"31",297,173,197,339,180,254,380
"32",294,160,190,351,162,262,363
"33",293,139,183,359,179,231,366
"34",300,157,207,355,190,246,387
"35",257,152,210,340,168,228,364
"36",286,165,216,360,427,233,365
"37",312,146,198,345,221,224,385
"38",276,172,218,362,166,249,379
"39",292,157,207,368,176,241,390
"40",580,143,207,368,196,238,378
"41",270,160,195,371,170,224,379
"42",281,167,191,352,183,251,374
"43",268,150,188,344,195,228,379
"44",271,158,206,336,186,246,362
"45",268,295,194,323,157,230,375
"46",284,149,202,338,178,227,343
"47",319,150,212,381,212,667,376
"48",291,154,195,334,182,219,355
"49",284,142,209,370,182,245,362
"50",273,164,189,339,169,209,369
"51",287,161,208,355,155,232,380
"52",264,151,202,322,162,231,376
"53",329,152,196,346,172,244,392
"54",308,154,195,331,172,234,385
"55",277,152,198,341,174,247,371
"56",286,139,185,359,161,216,373
"57",286,147,204,341,419,247,379
"58",282,155,201,331,167,250,369
"59",437,146,215,342,196,220,370
"60",282,164,189,363,173,235,367
"61",295,159,193,329,192,222,358
"62",283,173,211,344,196,244,467
"63",287,154,193,351,201,239,385
"64",277,154,199,331,180,225,384
"65",281,173,203,349,185,255,386
"66",300,152,204,321,174,239,352
"67",291,167,211,334,194,240,374
"68",259,157,202,341,193,2037,359
"69",302,150,194,356,183,216,370
"70",266,157,205,347,171,236,380
"71",318,172,211,354,184,236,601
"72",286,638,245,336,188,240,386
"73",328,162,205,343,185,238,368
"74",280,168,221,342,184,273,386
"75",301,168,198,338,182,241,386
"76",269,140,183,355,183,214,358
"77",417,170,221,340,238,247,376
"78",295,172,213,343,188,250,390
"79",283,145,188,346,171,224,361
"80",299,151,202,359,198,234,373
"81",294,155,198,345,203,249,362
"82",272,152,189,341,164,239,376
"83",291,172,203,352,203,256,384
"84",274,167,205,333,161,244,357
"85",301,140,180,354,212,230,375
"86",308,158,200,340,201,246,360
"87",275,144,197,373,189,246,359
"88",291,148,208,368,188,248,368
"89",332,140,197,369,183,240,372
"90",294,157,210,374,186,227,372
"91",328,160,192,365,189,205,362
"92",318,155,198,354,199,237,392
"93",292,167,205,351,183,247,377
"94",322,161,190,356,187,223,380
"95",286,159,205,340,200,227,371
"96",297,176,206,340,195,259,364
"97",265,134,184,346,162,223,366
"98",281,150,202,344,199,247,367
"99",260,140,213,366,171,220,376
"100",274,150,201,365,176,246,379
"101",294,149,188,372,156,238,359
"102",293,169,194,344,153,252,377
"103",297,154,199,358,172,249,402
"104",282,151,212,353,196,281,377
"105",326,166,221,368,169,245,364
"106",288,141,200,384,208,216,376
"107",275,150,201,363,195,239,377
"108",267,157,210,339,196,244,378
"109",301,142,184,355,182,229,351
"110",268,142,183,368,233,215,348
"111",298,160,202,354,198,242,371
"112",294,141,204,383,193,242,396
"113",253,147,188,331,188,223,362
"114",303,655,185,356,164,227,357
"115",265,135,213,342,189,230,359
"116",292,153,192,370,203,355,377
"117",274,159,188,370,193,226,358
"118",275,143,206,332,170,240,362
"119",310,149,200,330,163,839,357
"120",308,163,224,349,197,249,390
"121",289,155,187,350,196,248,369
"122",292,166,238,345,186,264,382
"123",278,192,201,349,172,231,357
"124",300,149,203,355,194,231,387
"125",280,169,197,348,180,257,384
"126",284,157,190,339,237,240,365
"127",268,137,187,350,199,224,353
"128",297,145,184,372,181,215,360
"129",277,142,200,359,215,241,359
"130",292,151,203,345,195,248,377
"131",302,171,211,334,205,245,394
"132",290,167,228,358,198,275,387
"133",311,151,199,340,169,236,376
"134",289,149,219,319,178,234,364
"135",374,155,187,339,183,233,365
"136",271,144,206,360,210,234,379
"137",293,144,206,351,203,235,364
"138",307,152,196,359,188,309,390
"139",336,180,224,369,200,246,398
"140",258,148,215,366,193,235,360
"141",310,154,201,367,197,212,365
"142",282,148,218,326,183,221,354
"143",277,162,198,379,214,237,371
"144",286,140,183,359,186,218,357
"145",288,139,188,359,189,989,368
"146",284,165,191,339,184,229,384
"147",291,152,208,376,203,234,364
"148",291,174,184,343,156,255,367
"149",289,162,210,347,174,231,388
"150",288,176,195,330,171,255,366
"151",295,159,188,343,172,262,376
"152",312,151,208,355,322,211,362
"153",267,138,175,355,161,238,369
"154",252,134,201,359,181,220,368
"155",282,149,209,354,189,245,366
"156",304,172,213,358,198,261,393
"157",259,150,206,327,190,236,375
"158",272,160,216,369,193,260,369
"159",279,150,200,334,181,206,355
"160",278,158,218,360,198,268,366
"161",257,143,200,347,203,219,379
"162",299,158,206,362,180,227,373
"163",277,152,206,346,166,237,368
"164",263,143,180,355,301,223,355
"165",296,169,199,407,184,226,372
"166",392,155,205,331,174,235,362
"167",299,171,211,353,187,231,375
"168",264,149,197,328,180,238,361
"169",301,140,225,350,181,235,376
"170",285,162,197,352,176,454,378
"171",297,158,200,357,194,241,371
"172",271,153,180,351,163,224,348
"173",324,146,207,348,195,215,381
"174",288,144,190,359,279,224,373
"175",265,151,190,334,190,238,376
"176",270,140,188,354,197,217,363
"177",297,169,219,353,186,224,354
"178",283,159,197,364,200,238,378
"179",292,155,194,334,176,218,366
"180",276,164,199,353,183,238,373
"181",271,154,185,353,158,845,357
"182",291,157,196,357,180,223,360
"183",473,162,204,360,186,249,383
"184",277,142,202,345,195,1186,371
"185",302,154,194,341,192,225,374
"186",260,165,197,334,181,230,370
"187",292,167,199,335,175,243,357
"188",312,176,199,333,187,229,362
"189",295,148,196,355,178,239,386
"190",277,160,205,329,160,243,393
"191",268,152,190,347,188,237,364
"192",309,158,203,377,193,247,370
"193",276,158,200,340,174,364,376
"194",306,155,195,339,190,230,373
"195",330,135,197,365,190,225,375
"196",294,142,191,349,164,225,371
"197",295,170,218,331,169,250,353
"198",309,136,186,367,188,229,367
"199",302,155,197,344,191,232,377
"200",280,167,218,370,182,264,377
"201",279,149,175,354,167,208,344
"202",291,145,192,355,181,224,361
"203",261,144,187,343,187,228,355
"204",308,162,209,354,198,259,384
"205",313,164,199,341,191,232,358
"206",263,153,193,325,193,228,387
"207",306,165,189,353,164,396,366
"208",255,180,195,340,177,229,377
"209",289,167,212,341,190,246,362
"210",275,138,178,365,169,201,351
"211",272,146,230,384,186,237,377
"212",334,154,213,345,180,256,369
"213",265,154,202,337,182,223,369
"214",287,165,196,337,160,223,368
"215",299,156,197,359,185,231,380
"216",279,144,195,357,155,211,368
"217",283,174,206,354,173,258,382
"218",269,163,203,367,197,240,390
"219",272,153,200,327,166,233,357
"220",282,163,189,372,186,250,377
"221",283,148,206,357,181,235,368
"222",283,168,213,341,180,259,443
"223",283,137,188,342,169,220,403
"224",305,148,193,350,176,236,371
"225",275,148,189,336,176,236,355
"226",300,167,192,350,195,240,395
"227",289,159,197,347,199,238,384
"228",324,164,194,349,168,234,371
"229",258,145,203,354,182,212,388
"230",356,163,215,366,189,237,381
"231",306,155,196,354,166,228,370
"232",309,145,181,363,164,232,380
"233",270,145,194,352,180,232,363
"234",275,164,195,363,215,240,387
"235",279,166,209,343,201,243,373
"236",287,156,208,366,187,233,376
"237",290,132,185,351,167,227,369
"238",331,160,200,375,192,259,378
"239",289,160,210,329,184,251,391
"240",278,151,209,357,181,250,378
"241",304,167,206,368,195,228,385
"242",274,148,207,348,167,230,357
"243",285,144,211,357,214,213,379
"244",317,146,196,367,195,255,375
"245",341,149,211,350,176,244,383
"246",325,157,197,355,178,235,357
"247",302,155,199,358,174,242,362
"248",260,155,190,324,171,224,376
"249",336,160,214,349,203,250,374
"250",264,167,200,348,183,245,374
"251",272,148,205,349,183,239,368
"252",268,153,189,338,190,236,373
"253",293,161,188,344,173,253,391
"254",281,161,201,346,179,244,373
"255",322,168,203,356,163,227,374
"256",302,156,203,355,180,227,363
"257",280,165,205,366,176,222,377
"258",309,435,191,359,178,229,391
"259",267,149,216,328,173,227,360
"260",320,155,206,357,224,236,373
"261",252,135,197,353,165,214,357
"262",280,148,207,349,182,231,361
"263",278,164,190,354,214,217,373
"264",331,165,201,340,177,224,372
"265",286,156,205,331,181,231,388
"266",308,144,193,377,167,216,366
"267",276,167,204,351,175,235,385
"268",261,148,211,313,183,237,367
"269",261,143,168,355,160,224,364
"270",283,148,208,369,174,220,365
"271",281,168,192,352,167,233,379
"272",317,168,203,357,166,260,396
"273",290,183,220,360,204,236,368
"274",284,139,206,363,198,213,369
"275",271,283,193,351,188,239,374
"276",295,163,195,336,169,241,381
"277",322,150,187,360,175,226,367
"278",296,150,202,362,195,223,368
"279",271,170,221,376,192,244,377
"280",285,152,214,333,179,233,362
"281",303,161,193,361,177,233,373
"282",295,144,188,345,168,216,352
"283",269,158,197,333,180,232,362
"284",308,152,195,336,179,240,372
"285",315,160,186,341,177,244,386
"286",299,149,205,345,208,216,370
"287",306,171,202,350,182,245,373
"288",291,143,191,362,183,224,359
"289",276,161,210,347,190,220,361
"290",315,146,200,378,202,233,374
"291",300,135,181,348,171,211,363
"292",293,161,201,355,160,232,374
"293",305,170,217,332,190,241,381
"294",267,147,195,331,542,242,376
"295",277,140,213,330,174,224,369
"296",832,160,204,361,186,229,381
"297",271,150,211,369,181,238,368
"298",290,156,195,332,190,234,377
"299",287,142,208,349,170,234,361
"300",301,161,206,384,182,243,372
"301",283,155,194,321,401,212,364
"302",309,176,202,361,187,260,369
"303",338,160,215,365,194,239,376
"304",338,157,199,362,204,232,397
"305",278,141,206,351,190,215,380
"306",291,134,186,358,185,211,368
"307",324,168,226,351,177,267,363
"308",307,150,203,341,174,237,373
"309",300,146,201,369,215,361,397
"310",299,172,210,350,182,246,357
"311",291,151,204,332,166,227,371
"312",321,191,221,357,199,260,373
"313",290,169,223,349,192,269,372
"314",314,165,202,376,191,232,371
"315",279,149,205,335,170,232,374
"316",300,169,199,351,170,223,391
"317",291,148,203,329,176,225,352
"318",276,149,210,330,177,229,424
"319",304,165,191,351,172,234,369
"320",309,141,219,371,208,632,375
"321",250,138,188,368,163,220,356
"322",309,158,198,352,187,213,389
"323",302,151,204,348,213,219,375
"324",287,160,189,328,172,230,371
"325",295,167,210,342,189,247,374
"326",322,146,208,384,196,235,373
"327",299,176,221,384,197,237,393
"328",281,161,197,343,193,243,381
"329",316,138,181,362,167,231,366
"330",319,165,195,343,180,232,358
"331",307,138,211,361,203,234,384
"332",333,144,194,379,197,229,368
"333",286,151,199,373,205,245,671
"334",292,164,199,368,168,234,370
"335",298,152,208,326,180,234,367
"336",273,562,200,356,204,244,368
"337",291,144,187,361,177,229,355
"338",292,155,196,368,192,238,397
"339",273,162,204,339,178,229,366
"340",294,150,196,354,213,219,379
"341",327,151,199,376,198,235,368
"342",275,151,193,330,165,233,364
"343",282,168,211,355,171,236,382
"344",313,162,190,333,185,245,389
"345",322,185,193,381,185,246,392
"346",301,146,210,355,198,213,377
"347",310,158,186,346,161,234,372
"348",292,156,198,382,200,243,368
"349",304,136,182,365,174,221,730
"350",272,168,215,351,205,247,385
"351",262,140,191,348,153,255,346
"352",290,157,202,349,194,215,369
"353",276,185,214,346,187,254,389
"354",337,153,213,365,184,230,381
"355",260,161,194,347,179,237,361
"356",293,172,213,335,753,696,404
"357",294,155,209,370,469,222,361
"358",263,143,173,349,158,198,362
"359",303,159,195,366,158,254,366
"360",280,142,210,370,200,222,365
"361",283,166,197,352,173,240,375
"362",292,136,206,336,184,249,379
"363",294,153,215,388,192,223,381
"364",292,139,201,347,193,216,358
"365",309,152,213,350,177,222,374
"366",276,158,193,356,176,225,379
"367",310,167,209,351,210,255,386
"368",277,168,199,342,188,237,383
"369",380,142,183,348,152,225,360
"370",274,138,185,343,169,212,377
"371",862,136,190,362,179,228,370
"372",297,141,189,352,201,218,356
"373",315,160,208,357,185,222,391
"374",282,139,199,353,180,246,368
"375",424,172,220,342,190,270,371
"376",322,184,223,363,185,247,366
"377",291,164,263,355,190,263,372
"378",260,137,196,343,185,233,365
"379",286,167,188,350,163,233,369
"380",293,150,201,358,495,259,379
"381",325,166,187,341,177,236,376
"382",285,153,215,353,208,225,380
"383",264,167,205,357,167,265,385
"384",312,160,195,342,183,253,352
"385",306,146,188,344,183,219,369
"386",330,158,208,365,187,250,374
"387",327,145,224,356,186,238,379
"388",303,160,204,345,183,253,382
"389",296,149,200,366,188,254,372
"390",357,161,198,338,180,231,360
"391",296,165,201,330,173,246,368
"392",275,135,215,354,771,229,363
"393",278,172,205,341,186,228,357
"394",286,156,199,329,170,231,357
"395",387,157,200,331,160,231,365
"396",280,158,198,334,179,246,370
"397",322,156,201,332,188,228,373
"398",257,147,214,342,170,464,352
"399",312,162,209,351,182,247,367
"400",286,145,187,345,172,211,368
"401",286,137,201,346,189,216,371
"402",598,162,197,336,187,226,371
"403",291,207,204,353,176,245,370
"404",322,173,193,345,173,241,374
"405",317,168,191,345,165,248,364
"406",287,152,195,379,203,246,363
"407",314,166,203,370,181,219,390
"408",332,170,221,351,181,243,374
"409",277,175,207,363,182,254,373
"410",292,155,207,345,162,243,358
"411",288,144,194,347,204,230,402
"412",281,174,190,331,179,240,374
"413",277,153,194,382,194,247,390
"414",294,163,199,374,161,228,391
"415",273,170,215,334,193,224,381
"416",320,165,219,341,204,262,407
"417",277,155,202,335,197,234,363
"418",284,156,187,339,177,224,375
"419",286,174,204,342,186,244,379
"420",334,170,220,342,360,249,374
"421",282,145,177,354,189,320,363
"422",291,169,205,338,166,242,378
"423",279,155,212,368,173,226,371
"424",289,178,209,349,207,228,381
"425",291,179,208,346,180,263,370
"426",322,143,209,371,185,232,361
"427",268,165,210,351,186,243,375
"428",1013,161,184,341,159,251,385
"429",495,167,198,350,175,232,385
"430",306,169,215,350,180,248,369
"431",293,155,202,350,191,245,380
"432",308,143,192,360,166,229,370
"433",258,152,197,338,177,237,359
"434",291,171,196,363,188,250,487
"435",300,158,209,368,172,241,374
"436",303,165,202,347,178,229,379
"437",278,163,195,341,164,241,372
"438",284,143,186,348,192,234,362
"439",328,159,186,345,180,243,374
"440",300,164,219,349,175,237,373
"441",296,161,198,347,163,235,368
"442",282,165,212,360,199,231,370
"443",290,170,188,353,169,245,361
"444",292,147,220,359,200,216,373
"445",283,156,199,350,158,226,374
"446",335,148,210,357,185,232,367
"447",338,159,200,354,174,233,377
"448",292,150,200,376,170,222,365
"449",302,147,189,335,182,232,366
"450",293,150,203,370,190,782,378
"451",285,144,202,367,196,234,841
"452",289,152,184,355,190,205,350
"453",290,168,215,344,199,245,369
"454",312,168,215,355,201,243,390
"455",296,157,188,351,725,225,365
"456",285,163,214,376,173,234,389
"457",287,207,211,365,210,208,353
"458",277,138,183,366,177,224,515
"459",297,148,188,353,176,224,371
"460",298,168,207,337,187,234,380
"461",645,171,214,346,184,247,377
"462",308,154,200,377,189,243,375
"463",283,155,197,345,191,248,360
"464",271,155,203,370,196,225,358
"465",290,155,204,339,211,226,378
"466",285,146,230,365,191,219,349
"467",292,146,182,349,170,223,368
"468",286,151,200,363,206,238,373
"469",283,168,216,349,191,250,389
"470",267,141,192,321,172,217,803
"471",298,157,191,336,186,247,358
"472",270,140,210,343,195,234,382
"473",301,196,199,341,186,232,371
"474",281,148,209,362,180,235,372
"475",290,173,224,378,191,249,383
"476",290,170,199,337,179,270,380
"477",259,275,207,365,213,219,365
"478",325,161,182,340,178,242,377
"479",303,164,192,333,171,223,383
"480",331,152,206,375,186,230,399
"481",291,160,203,376,195,255,364
"482",331,157,201,350,180,254,370
"483",320,130,182,353,192,216,374
"484",286,153,201,363,214,243,362
"485",270,152,209,327,182,248,367
"486",268,128,185,364,187,226,346
"487",295,558,190,333,170,232,368
"488",287,154,205,392,204,231,371
"489",288,174,194,347,169,240,365
"490",286,164,204,341,199,233,364
"491",278,152,179,354,165,213,354
"492",286,161,215,341,213,250,412
"493",310,175,210,346,195,244,375
"494",271,159,199,315,168,217,383
"495",273,148,212,354,201,231,2066
"496",281,153,212,319,180,243,389
"497",312,155,210,379,193,245,379
"498",287,153,180,341,163,232,360
"499",278,148,193,344,189,246,380
"500",265,202,203,334,178,247,344
"501",288,173,195,336,222,247,385
"502",312,144,210,366,192,225,359
"503",333,157,188,358,208,232,369
"504",316,155,198,354,184,236,362
"505",300,167,201,347,201,222,384
"506",298,167,202,353,184,251,369
"507",307,888,189,355,189,247,360
"508",281,163,193,354,180,232,370
"509",288,380,194,378,167,216,371
"510",283,165,199,331,156,245,370
"511",281,144,194,339,177,229,369
"512",293,160,208,372,185,247,372
"513",276,146,192,352,164,229,374
"514",315,166,189,337,194,228,382
"515",296,169,214,347,181,251,386
"516",270,165,204,334,201,249,386
"517",293,156,183,357,183,241,374
"518",286,147,210,339,186,246,360
"519",278,149,192,340,173,234,345
"520",296,154,197,348,167,239,374
"521",270,135,190,359,179,227,363
"522",270,152,204,330,183,226,371
"523",293,165,193,333,188,245,371
"524",279,147,215,348,210,223,363
"525",292,163,188,349,157,251,746
"526",326,169,230,359,193,247,389
"527",281,140,192,365,202,1118,372
"528",272,171,209,351,186,1059,357
"529",312,169,177,341,159,244,391
"530",282,167,197,322,182,230,364
"531",301,166,199,382,183,235,377
"532",281,154,204,329,179,242,353
"533",315,161,197,338,167,225,368
"534",297,159,186,330,169,232,371
"535",306,139,187,362,183,245,375
"536",278,144,184,347,168,226,351
"537",273,136,196,366,188,240,361
"538",289,162,196,355,176,243,362
"539",309,145,220,378,198,246,375
"540",291,157,187,344,154,238,384
"541",278,147,205,348,204,208,364
"542",273,145,209,357,200,252,382
"543",291,166,222,346,199,259,371
"544",311,164,221,360,200,252,381
"545",274,157,202,347,159,247,371
"546",339,149,218,377,199,236,381
"547",267,169,206,351,174,251,369
"548",288,148,213,338,192,227,373
"549",283,162,197,353,179,232,369
"550",269,142,184,341,187,218,352
"551",280,146,206,354,191,767,369
"552",277,135,200,365,162,226,366
"553",281,163,189,344,167,247,2365
"554",268,137,209,344,180,258,371
"555",284,141,180,358,173,230,367
"556",319,169,226,361,190,251,1352
"557",275,128,192,346,150,221,346
"558",294,159,205,340,194,236,381
"559",279,149,202,364,179,245,371
"560",288,165,234,355,184,238,379
"561",282,147,211,366,206,243,368
"562",298,252,204,353,169,248,377
"563",272,155,194,317,181,249,370
"564",310,173,226,363,207,248,375
"565",279,158,188,340,171,242,367
"566",271,157,198,349,165,225,373
"567",291,168,201,348,183,256,381
"568",271,147,203,339,207,250,373
"569",274,151,190,345,164,207,366
"570",303,135,195,335,178,348,368
"571",272,147,212,331,162,257,358
"572",301,154,204,370,217,254,369
"573",291,171,212,354,205,249,371
"574",268,141,200,347,179,254,359
"575",280,141,190,351,185,227,369
"576",998,162,205,345,172,220,377
"577",270,144,209,353,186,232,366
"578",311,342,203,340,189,239,396
"579",289,150,207,339,203,238,376
"580",291,140,191,349,187,224,373
"581",263,365,206,354,201,359,371
"582",269,156,210,358,176,230,368
"583",418,162,212,361,216,256,380
"584",269,135,186,371,184,245,355
"585",289,158,187,344,172,597,692
"586",286,161,195,348,192,220,379
"587",281,158,204,376,183,231,382
"588",302,148,197,364,187,238,379
"589",272,139,184,350,181,212,376
"590",290,159,197,345,183,231,365
"591",291,162,192,346,175,249,370
"592",321,197,202,362,182,234,854
"593",303,163,196,340,189,246,385
"594",290,143,186,376,186,218,373
"595",272,139,184,375,172,311,361
"596",1894,150,205,360,177,244,366
"597",305,149,206,357,191,238,359
"598",288,142,218,337,203,218,364
"599",273,159,191,346,164,236,527
"600",306,140,203,370,208,242,378
"601",268,130,172,357,171,231,357
"602",302,141,211,372,211,255,365
"603",307,166,194,337,152,242,372
"604",313,168,212,357,190,264,396
"605",307,149,214,349,191,265,474
"606",268,136,213,357,211,233,376
"607",327,168,203,333,169,240,378
"608",303,160,190,334,166,242,369
"609",280,163,192,355,192,256,394
"610",315,210,210,363,182,279,373
"611",287,157,186,357,166,230,645
"612",324,179,212,385,203,238,385
"613",295,167,213,354,199,243,370
"614",289,143,200,351,216,598,369
"615",316,147,211,357,196,245,376
"616",301,167,195,350,175,234,361
"617",290,147,204,377,206,228,367
"618",292,156,204,367,207,234,391
"619",314,175,219,341,189,249,368
"620",296,166,194,335,189,248,375
"621",353,161,212,368,202,235,397
"622",328,167,205,364,440,241,385
"623",269,155,200,329,170,271,367
"624",277,156,215,354,190,242,354
"625",293,159,201,357,163,1443,432
"626",280,152,195,321,177,234,349
"627",324,154,200,383,177,235,390
"628",285,143,183,337,169,211,376
"629",299,151,196,366,174,213,380
"630",286,156,195,358,202,228,381
"631",281,332,197,346,190,234,398
"632",297,151,211,347,182,228,381
"633",264,149,189,331,165,237,352
"634",284,266,201,374,191,231,395
"635",319,159,195,341,175,247,378
"636",286,162,206,404,179,285,375
"637",316,143,202,364,212,218,376
"638",366,164,203,349,216,240,386
"639",269,153,208,337,181,226,374
"640",271,139,184,337,176,199,368
"641",291,154,197,366,196,225,363
"642",299,163,198,348,169,253,389
"643",298,167,194,333,171,224,455
"644",297,154,199,371,215,231,368
"645",290,166,209,343,188,245,377
"646",340,143,208,374,181,551,362
"647",281,159,233,368,186,213,382
"648",280,135,179,352,172,222,367
"649",255,139,173,337,168,242,367
"650",286,157,201,363,184,260,394
"651",283,136,198,357,179,229,366
"652",262,136,188,333,158,211,356
"653",313,172,223,340,186,246,373
"654",268,164,194,362,193,242,371
"655",291,164,205,352,185,240,378
"656",289,167,202,382,313,235,369
"657",289,154,207,341,183,220,370
"658",307,167,187,362,248,233,353
"659",276,133,182,349,180,226,359
"660",258,149,195,319,175,212,352
"661",262,153,196,326,162,251,374
"662",323,167,210,354,197,265,381
"663",323,170,216,343,196,264,723
"664",363,160,203,389,191,234,389
"665",344,151,213,367,188,238,376
"666",283,143,214,354,208,245,357
"667",293,164,223,337,204,1078,389
"668",322,165,207,361,194,226,367
"669",295,149,201,387,208,236,372
"670",358,167,205,357,184,242,364
"671",307,174,196,350,341,246,383
"672",300,137,190,347,163,237,365
"673",310,140,199,344,193,220,372
"674",282,165,206,325,181,226,368
"675",306,163,203,350,294,246,364
"676",320,153,202,341,188,252,358
"677",279,151,195,330,168,1706,350
"678",274,156,200,338,208,212,350
"679",281,170,205,342,176,242,385
"680",378,146,195,349,198,245,372
"681",301,151,216,364,183,222,373
"682",314,164,216,357,175,241,367
"683",308,162,201,339,166,237,378
"684",306,151,189,320,189,219,362
"685",288,162,212,336,180,256,386
"686",273,153,200,351,1556,227,375
"687",258,167,204,329,178,249,542
"688",271,143,183,330,167,219,403
"689",285,137,207,350,183,217,366
"690",291,173,226,352,552,256,620
"691",289,168,202,353,186,250,382
"692",344,153,197,341,174,225,381
"693",279,168,208,346,199,254,791
"694",252,154,194,342,157,234,371
"695",295,174,207,353,215,271,363
"696",295,166,210,352,203,253,674
"697",256,153,193,334,181,280,357
"698",271,142,184,352,184,242,364
"699",307,146,207,345,181,228,361
"700",292,150,217,364,187,247,358
"701",461,433,199,339,189,237,2188
"702",278,169,196,334,172,231,360
"703",317,142,201,343,204,230,368
"704",309,158,193,356,178,242,391
"705",285,165,217,342,194,238,403
"706",312,164,203,347,218,241,383
"707",793,142,176,376,161,213,353
"708",286,155,201,345,175,240,367
"709",301,148,202,400,182,236,385
"710",313,231,212,358,199,274,391
"711",302,132,189,361,172,219,362
"712",287,140,198,338,172,249,367
"713",305,162,201,362,170,233,360
"714",267,140,180,347,161,224,357
"715",303,159,203,346,201,255,367
"716",300,140,198,343,197,220,373
"717",285,155,202,374,192,238,379
"718",283,160,235,357,174,243,383
"719",295,163,217,323,205,230,401
"720",299,145,203,346,168,516,376
"721",271,154,194,351,158,218,357
"722",289,150,194,383,165,228,371
"723",278,139,205,355,192,242,374
"724",262,143,190,335,166,215,355
"725",297,159,195,328,184,228,373
"726",287,159,197,345,170,240,340
"727",270,142,214,334,180,220,357
"728",307,159,199,339,179,254,351
"729",302,150,181,365,177,228,364
"730",277,154,207,343,183,248,350
"731",281,139,209,353,185,204,375
"732",302,165,218,345,193,245,411
"733",275,135,182,359,165,241,359
"734",279,148,182,346,157,236,370
"735",303,167,224,358,763,264,374
"736",273,136,199,346,166,214,364
"737",310,164,223,357,193,264,374
"738",319,170,204,352,192,243,377
"739",294,146,219,364,192,243,383
"740",318,169,198,337,178,223,388
"741",332,163,200,347,174,247,378
"742",301,175,213,354,189,241,385
"743",274,153,199,349,155,241,385
"744",284,169,200,365,173,239,378
"745",297,176,221,353,183,253,413
"746",275,149,215,362,185,233,363
"747",298,155,206,347,188,223,369
"748",293,136,197,341,191,218,371
"749",294,223,210,345,188,258,379
"750",314,173,211,374,191,251,381
"751",264,166,195,330,175,230,352
"752",297,193,204,345,205,297,378
"753",279,149,209,343,191,215,372
"754",295,154,201,349,177,225,391
"755",264,131,184,380,185,221,355
"756",275,151,206,364,193,232,385
"757",822,157,211,348,177,236,386
"758",277,158,190,333,154,241,383
"759",289,169,209,365,198,244,383
"760",275,158,202,341,156,243,359
"761",281,151,201,354,182,240,375
"762",1082,148,206,357,199,238,373
"763",307,161,191,333,174,246,364
"764",285,171,209,344,194,827,379
"765",273,140,185,331,195,228,726
"766",286,141,204,362,211,217,387
"767",287,160,195,326,177,221,374
"768",259,147,195,342,176,231,353
"769",285,160,200,350,177,236,371
"770",286,144,204,352,194,225,352
"771",271,148,194,366,181,228,367
"772",296,154,193,374,184,245,381
"773",301,160,196,365,194,226,396
"774",277,169,207,380,175,224,389
"775",300,150,206,363,177,236,392
"776",430,165,198,338,176,228,372
"777",327,148,202,350,211,221,376
"778",280,142,207,339,179,221,375
"779",304,156,191,324,183,205,372
"780",270,152,191,328,192,223,359
"781",308,172,222,330,188,248,380
"782",260,159,212,318,172,227,370
"783",313,153,195,358,185,234,377
"784",300,175,207,361,195,224,371
"785",278,179,202,347,156,373,370
"786",282,143,194,350,183,411,371
"787",304,192,225,357,193,236,384
"788",321,155,207,370,204,231,389
"789",279,171,189,334,174,237,375
"790",279,173,211,349,191,231,401
"791",283,150,204,337,176,232,367
"792",271,161,208,345,190,251,382
"793",287,143,203,351,198,234,364
"794",279,155,189,346,166,220,370
"795",278,147,198,358,175,230,381
"796",281,154,217,349,192,223,362
"797",263,277,195,338,181,244,363
"798",286,176,198,352,167,243,372
"799",338,148,211,354,216,216,375
"800",284,145,194,338,200,228,368
"801",364,151,202,327,177,217,374
"802",263,142,188,359,191,244,375
"803",318,163,205,361,198,246,385
"804",329,159,203,327,169,239,363
"805",309,154,195,353,164,201,365
"806",332,154,193,326,165,235,366
"807",270,168,202,343,181,240,378
"808",266,146,225,352,203,232,367
"809",319,173,217,348,198,260,388
"810",299,155,201,358,174,247,365
"811",306,152,203,329,171,224,385
"812",298,425,217,359,193,236,382
"813",321,154,191,309,182,218,369
"814",328,153,202,329,202,227,368
"815",278,151,190,342,190,217,345
"816",265,158,195,341,165,222,374
"817",284,159,203,364,195,253,373
"818",289,134,180,348,172,230,338
"819",300,162,189,338,164,230,370
"820",327,147,180,363,165,228,381
"821",272,140,171,336,162,230,366
"822",293,139,200,373,192,220,362
"823",271,170,194,354,169,231,358
"824",288,149,194,362,177,204,362
"825",309,163,192,342,157,264,370
"826",307,176,211,355,186,348,380
"827",280,156,209,336,165,238,357
"828",294,140,190,345,170,255,396
"829",278,136,192,353,180,220,354
"830",280,162,207,348,174,235,382
"831",296,168,213,343,189,316,397
"832",282,142,190,342,163,225,355
"833",293,166,195,349,207,254,381
"834",301,140,213,355,236,229,483
"835",267,159,198,336,180,231,356
"836",283,161,207,355,167,227,365
"837",292,155,198,318,167,241,355
"838",281,158,197,338,177,219,346
"839",329,168,196,366,223,250,382
"840",293,165,200,355,165,251,356
"841",282,147,201,333,159,241,362
"842",269,151,195,351,205,240,364
"843",286,164,195,347,171,236,369
"844",291,157,217,369,186,420,381
"845",309,152,185,345,162,245,364
"846",288,172,182,366,174,229,378
"847",305,185,203,348,181,237,361
"848",310,139,192,354,177,223,372
"849",260,134,178,359,202,228,382
"850",268,143,180,334,177,242,366
"851",322,172,218,372,196,241,378
"852",276,263,218,345,193,239,385
"853",285,143,191,341,219,229,359
"854",312,139,184,340,197,213,419
"855",833,161,186,341,158,234,371
"856",275,153,194,339,172,249,348
"857",266,150,209,349,222,242,369
"858",291,171,204,334,204,365,383
"859",271,144,209,355,182,223,371
"860",335,157,198,377,178,242,377
"861",293,157,198,325,186,252,354
"862",285,156,196,368,201,223,386
"863",294,174,220,351,203,234,377
"864",310,146,213,376,201,221,381
"865",295,161,212,369,198,245,372
"866",300,156,205,377,200,249,370
"867",299,150,189,374,191,229,385
"868",284,148,212,365,191,233,361
"869",300,171,203,351,202,231,373
"870",311,160,191,377,176,246,389
"871",336,153,202,364,195,252,402
"872",310,156,218,366,183,227,365
"873",321,159,190,350,176,240,378
"874",303,152,197,337,165,242,371
"875",324,136,191,361,197,214,375
"876",285,164,196,367,185,250,369
"877",280,150,210,379,192,237,416
"878",245,138,183,342,189,231,361
"879",320,667,218,361,214,231,367
"880",280,163,219,348,190,259,381
"881",317,153,197,341,207,235,371
"882",285,163,207,341,181,3830,355
"883",283,150,202,321,187,247,377
"884",276,150,213,342,183,229,362
"885",281,147,201,353,194,245,395
"886",313,162,210,367,212,249,406
"887",284,151,208,331,192,226,364
"888",281,148,199,345,189,238,372
"889",301,152,203,323,198,228,366
"890",282,143,195,344,165,236,503
"891",274,142,179,340,187,216,361
"892",346,150,194,332,186,232,903
"893",305,146,215,348,198,230,369
"894",287,276,221,359,198,260,374
"895",295,156,196,368,172,234,377
"896",268,132,198,353,185,277,368
"897",301,159,192,347,186,234,366
"898",283,146,202,337,185,219,367
"899",313,154,203,340,186,217,376
"900",283,165,196,365,176,234,367
"901",271,174,206,348,189,242,381
"902",285,171,186,345,169,221,387
"903",293,158,186,330,185,221,441
"904",314,145,203,374,257,242,363
"905",270,151,217,372,202,223,361
"906",294,173,217,337,204,244,380
"907",311,162,196,340,171,250,377
"908",284,155,201,366,189,225,377
"909",336,159,196,330,184,246,364
"910",301,155,191,347,161,265,375
"911",295,168,200,364,185,239,381
"912",296,171,215,339,207,242,383
"913",286,166,207,337,181,245,369
"914",291,166,210,365,194,247,380
"915",315,166,209,353,196,221,379
"916",308,154,197,363,182,220,367
"917",298,140,193,358,176,215,1037
"918",268,133,199,369,182,227,357
"919",289,140,190,326,191,217,340
"920",279,144,204,366,175,230,374
"921",279,176,192,348,177,686,359
"922",279,168,203,358,194,265,366
"923",298,151,199,355,186,219,379
"924",334,181,221,355,190,277,389
"925",325,151,208,342,184,217,354
"926",288,160,212,344,162,234,821
"927",292,171,174,351,161,250,380
"928",276,134,185,335,161,216,365
"929",300,169,230,326,217,241,365
"930",310,181,206,346,183,248,355
"931",279,157,205,375,192,214,364
"932",272,137,181,351,164,222,355
"933",305,153,214,345,209,235,372
"934",287,152,213,356,202,228,378
"935",279,167,199,368,183,252,376
"936",282,138,204,362,183,230,361
"937",285,164,187,331,546,234,375
"938",257,142,188,361,179,220,362
"939",261,148,203,336,176,237,367
"940",293,170,227,354,206,245,374
"941",306,147,209,355,195,230,373
"942",288,158,202,396,199,231,393
"943",301,163,191,358,188,247,378
"944",300,150,214,345,188,236,391
"945",297,152,198,339,167,246,372
"946",308,143,204,346,205,235,360
"947",284,145,207,352,204,230,369
"948",266,150,201,374,186,223,373
"949",294,141,208,339,201,224,394
"950",308,170,222,348,179,265,381
"951",279,137,194,358,154,225,361
"952",278,148,220,353,196,231,358
"953",317,165,200,339,193,231,379
"954",309,153,192,328,172,235,364
"955",269,158,192,327,178,240,358
"956",282,150,210,332,166,239,379
"957",295,161,190,356,195,243,365
"958",257,146,191,363,179,214,377
"959",273,151,207,369,193,235,353
"960",318,160,209,369,187,231,373
"961",276,155,207,374,169,252,381
"962",293,178,196,371,174,242,359
"963",295,168,196,346,158,239,375
"964",325,170,196,352,182,244,375
"965",298,168,199,374,195,241,392
"966",317,165,203,342,185,232,380
"967",290,161,197,368,189,241,384
"968",286,167,222,362,188,233,376
"969",334,135,189,358,173,223,381
"970",323,176,221,356,192,325,369
"971",291,159,180,342,160,233,379
"972",289,144,189,355,167,223,373
"973",297,152,184,338,168,218,378
"974",337,191,213,344,199,242,387
"975",322,165,212,361,192,257,367
"976",313,167,207,372,216,228,386
"977",296,148,188,346,185,218,379
"978",294,158,204,380,196,213,361
"979",270,129,192,355,159,215,369
"980",300,157,189,344,190,218,354
"981",295,149,200,354,192,258,372
"982",304,151,194,363,165,235,362
"983",280,166,193,344,172,230,354
"984",288,166,218,349,191,265,371
"985",306,153,205,326,188,225,378
"986",270,156,190,329,177,234,360
"987",300,170,202,335,185,244,380
"988",327,170,229,364,204,244,374
"989",403,150,202,346,201,234,374
"990",313,149,210,354,229,222,397
"991",305,158,182,340,170,243,382
"992",271,145,208,366,204,201,370
"993",296,136,193,357,185,224,356
"994",286,164,195,345,175,217,378
"995",322,151,213,349,656,245,379
"996",323,170,199,359,201,239,390
"997",284,164,194,331,157,220,367
"998",266,2327,219,350,188,248,378
"999",307,165,217,359,203,250,372
"1000",297,166,212,364,190,220,390
