"","v Australia","v Bangladesh","v Bermuda","v Canada","v England","v Hong Kong","v India","v Ireland","v Kenya","v Netherlands","v New Zealand","v Pakistan","v Scotland","v South Africa","v Sri Lanka","v U.A.E.","v West Indies","v Zimbabwe"
"1",210,245,217,205,214,182,185,232,201,193,243,281,250,175,181,206,236,208
"2",225,298,231,237,211,259,287,236,253,192,180,192,262,169,188,285,236,291
"3",224,302,236,237,204,243,278,240,265,203,165,186,289,178,183,276,230,298
"4",197,289,207,197,126,243,178,238,258,156,189,222,188,163,178,297,210,227
"5",168,190,191,186,131,182,249,221,199,173,209,165,258,198,173,223,208,250
"6",199,344,248,216,251,233,269,232,213,190,229,254,299,174,178,234,271,257
"7",200,238,207,226,143,241,247,224,233,174,153,170,257,193,143,222,216,258
"8",202,168,205,235,164,239,136,250,235,196,162,182,215,125,172,283,226,237
"9",244,315,247,205,265,220,174,285,220,194,196,297,244,164,192,262,259,250
"10",231,319,248,260,215,251,279,238,246,196,220,252,313,159,189,226,288,266
"11",227,285,214,174,189,213,180,208,229,165,159,196,230,165,188,287,233,251
"12",202,214,211,201,192,226,248,276,229,12443,191,168,262,137,176,193,237,249
"13",191,211,193,167,147,182,181,234,207,167,192,186,225,155,164,245,201,231
"14",169,277,226,254,212,255,270,253,238,220,281,290,277,183,176,206,220,190
"15",190,243,215,202,224,215,174,240,231,202,214,267,278,117,193,168,272,183
"16",183,211,227,213,178,226,200,270,231,220,223,178,289,180,204,279,223,256
"17",242,324,248,251,238,229,197,244,256,207,234,285,310,146,201,292,277,244
"18",179,245,245,242,205,234,230,243,208,285,229,264,301,215,180,203,249,261
"19",192,284,209,191,153,230,214,231,243,147,164,239,204,166,163,292,218,226
"20",158,164,208,260,163,253,227,248,237,211,214,147,283,156,167,247,248,267
"21",205,235,225,216,231,223,198,247,215,196,214,279,272,125,192,173,246,203
"22",207,338,251,215,292,268,251,278,249,241,201,269,312,159,208,242,290,279
"23",211,230,223,242,162,228,268,254,248,196,182,176,271,157,165,236,209,256
"24",221,344,271,208,284,291,250,295,254,231,210,279,331,171,203,235,276,293
"25",178,203,204,230,145,216,173,236,247,166,206,222,235,141,185,293,234,221
"26",141,206,198,210,97,225,258,206,229,168,217,184,236,189,152,226,201,241
"27",184,252,253,276,216,312,268,255,251,207,237,248,377,174,179,257,279,263
"28",143,244,218,235,185,235,294,216,221,195,283,273,263,182,174,195,239,207
"29",224,332,285,255,293,280,253,285,236,247,276,297,355,187,219,322,265,279
"30",181,241,224,236,190,219,207,212,237,183,227,298,229,141,175,223,222,172
"31",212,277,261,265,261,287,227,283,256,227,206,257,330,140,202,278,308,286
"32",161,164,221,248,162,261,213,243,241,205,181,140,269,168,173,247,253,255
"33",216,325,243,237,254,240,210,232,248,229,269,315,298,178,197,315,267,215
"34",197,217,241,290,241,268,204,256,239,240,228,242,315,165,186,239,280,297
"35",209,333,268,203,261,294,190,310,258,208,211,287,315,151,205,293,299,286
"36",192,200,210,238,113,226,249,214,238,179,166,158,273,177,162,250,220,245
"37",150,207,198,180,145,237,228,268,227,180,181,148,281,163,162,190,242,242
"38",201,266,231,264,250,222,232,271,202,228,274,257,283,163,181,191,242,214
"39",232,254,243,255,230,298,179,271,250,215,224,279,315,136,199,267,262,245
"40",206,331,279,238,293,296,248,306,269,263,254,564,365,179,210,290,300,300
"41",242,355,263,261,270,242,286,274,265,229,230,278,329,135,191,250,253,251
"42",227,268,265,241,264,249,203,299,224,265,257,281,351,189,212,259,248,252
"43",219,324,265,241,299,285,230,270,281,239,263,292,362,154,214,264,309,237
"44",189,308,237,203,254,249,269,240,237,201,210,242,327,161,191,200,291,263
"45",168,206,216,277,212,233,233,230,216,226,215,236,267,149,188,161,263,240
"46",197,310,236,220,250,240,269,250,242,188,231,254,325,163,192,203,290,228
"47",190,242,231,238,206,257,242,244,250,203,169,374,283,147,180,316,290,265
"48",254,351,285,269,256,312,280,289,290,245,236,303,355,167,205,319,277,292
"49",211,276,255,274,243,266,253,282,252,250,268,268,345,161,202,249,255,256
"50",179,215,183,195,117,244,171,212,223,153,181,205,193,168,154,243,184,210
"51",149,241,223,260,181,277,272,245,241,180,233,260,271,198,163,232,248,248
"52",208,278,210,163,180,195,173,235,209,996,167,197,224,151,188,275,225,249
"53",213,264,228,229,199,252,237,246,246,223,169,183,230,163,186,251,237,299
"54",206,328,235,225,262,233,256,243,254,196,239,252,311,173,189,194,289,247
"55",144,241,232,248,166,246,250,242,241,192,252,274,292,200,179,216,242,229
"56",167,212,212,212,150,203,251,240,216,185,244,178,292,190,177,253,239,249
"57",205,268,234,254,238,264,229,268,264,229,181,187,281,155,204,306,268,284
"58",187,236,200,198,185,243,251,270,233,2911,183,175,272,156,193,206,231,241
"59",217,206,229,272,262,216,132,278,241,222,210,272,235,128,203,218,279,207
"60",177,318,241,242,212,293,287,247,253,192,231,261,296,194,177,278,260,253
"61",234,329,241,248,225,245,307,240,242,192,236,247,326,178,181,244,284,249
"62",205,331,248,222,292,263,276,280,253,224,242,266,319,165,206,209,277,233
"63",238,265,239,221,225,208,162,259,222,208,257,289,289,140,185,242,246,214
"64",166,231,225,255,197,258,248,233,224,188,258,275,250,183,163,198,245,211
"65",192,262,257,247,283,292,228,306,241,259,255,295,362,156,213,243,288,269
"66",189,212,232,273,229,241,222,240,231,219,181,239,288,155,187,197,261,252
"67",195,302,237,206,225,263,241,254,258,191,183,174,269,157,192,252,247,256
"68",200,235,218,222,192,207,174,221,239,187,274,294,214,160,175,207,223,171
"69",207,226,255,231,258,240,175,281,244,212,255,601,284,128,206,229,280,218
"70",204,214,205,198,174,225,150,256,210,184,219,195,263,155,178,305,215,223
"71",205,232,226,200,229,245,155,243,199,204,229,278,250,156,203,227,225,227
"72",247,326,259,263,244,291,209,289,277,2826,219,299,322,143,215,335,276,279
"73",170,165,219,239,156,238,203,252,239,200,193,146,269,158,175,251,266,256
"74",212,236,247,297,296,237,213,280,254,263,254,261,284,129,221,231,271,224
"75",173,237,219,251,223,189,217,236,203,254,265,243,285,204,168,181,242,209
"76",212,263,258,237,271,283,232,304,222,271,284,287,343,190,218,258,258,272
"77",168,316,248,262,237,255,268,230,252,197,303,292,305,177,184,289,288,228
"78",210,317,240,240,215,269,231,235,262,182,226,299,265,165,191,286,250,238
"79",211,334,271,218,279,293,266,280,246,224,209,272,325,180,200,230,282,306
"80",241,335,259,266,309,249,258,254,231,233,264,297,353,157,216,281,279,252
"81",204,310,271,225,292,271,260,278,255,225,257,265,368,149,204,234,335,268
"82",196,289,241,260,243,248,242,239,252,207,212,237,246,177,203,210,293,261
"83",203,303,259,227,291,294,255,267,258,213,220,275,366,163,214,270,321,282
"84",184,224,233,209,196,274,227,294,252,223,212,176,311,143,195,244,248,230
"85",193,275,270,254,284,304,231,315,252,250,239,278,377,169,214,246,279,256
"86",186,277,220,214,153,217,236,228,214,166,195,159,252,204,174,276,251,270
"87",202,267,242,228,264,274,242,304,249,250,229,282,310,162,197,198,264,259
"88",183,235,242,246,218,198,235,255,213,216,274,267,347,187,202,227,261,209
"89",190,235,236,224,254,226,168,264,246,221,248,284,313,137,208,221,267,213
"90",180,329,267,237,261,268,255,249,253,239,307,297,310,175,202,287,276,232
"91",217,286,252,269,265,303,270,278,257,234,218,264,298,176,188,214,249,259
"92",213,311,254,227,213,242,224,277,232,227,245,202,316,201,198,300,254,264
"93",219,293,247,212,244,276,259,290,273,222,208,184,318,145,203,280,265,268
"94",164,245,248,243,217,233,212,287,212,215,254,261,357,197,170,261,263,266
"95",197,203,210,239,198,244,206,266,234,233,146,169,222,169,176,209,215,253
"96",218,321,236,226,250,209,249,233,218,189,247,243,286,180,193,230,261,243
"97",198,214,198,171,158,227,174,257,228,169,163,182,229,124,178,211,219,214
"98",213,281,257,279,269,277,231,253,263,233,225,245,322,182,209,272,296,256
"99",212,325,270,245,324,310,259,313,290,253,230,284,360,173,211,283,308,304
"100",159,273,214,210,144,253,273,217,242,156,212,172,222,204,163,293,233,244
"101",238,308,243,237,209,267,261,274,272,200,200,202,294,157,183,323,265,286
"102",191,316,255,234,247,279,273,253,247,210,198,248,326,162,197,238,289,281
"103",211,315,263,237,270,264,250,258,235,228,232,286,302,182,205,285,246,264
"104",211,271,247,272,232,274,251,263,243,236,223,273,301,156,182,220,237,263
"105",217,343,271,225,308,245,248,261,272,245,267,266,366,166,220,267,299,245
"106",185,325,256,219,226,247,268,227,214,202,223,258,319,204,199,264,267,273
"107",166,202,213,207,163,212,226,250,209,182,258,169,278,188,172,271,231,258
"108",177,300,247,244,195,290,262,266,279,217,238,213,272,179,200,333,247,255
"109",212,231,203,199,132,226,201,211,233,165,147,185,241,135,170,228,225,230
"110",193,250,229,237,199,283,242,241,257,200,165,157,267,167,185,290,268,273
"111",222,306,215,166,166,210,180,223,221,154,176,189,214,170,180,281,240,236
"112",237,342,268,265,279,290,289,276,266,226,201,306,329,171,197,267,263,309
"113",200,317,238,211,256,213,257,257,207,191,249,243,291,197,197,221,265,248
"114",153,200,227,217,165,267,230,233,250,195,217,161,332,151,183,251,257,278
"115",205,332,248,233,242,276,209,242,254,190,270,334,283,134,197,305,268,197
"116",197,237,247,260,206,260,267,261,243,223,219,249,334,174,185,233,257,277
"117",227,255,227,225,208,249,148,229,258,194,157,194,249,128,197,310,255,245
"118",200,337,253,225,301,312,252,279,244,243,203,285,348,158,199,248,288,269
"119",181,252,230,260,217,246,194,267,249,199,261,312,284,161,185,312,250,221
"120",170,317,243,262,203,288,311,233,248,183,225,274,313,199,167,270,262,256
"121",163,178,206,222,141,226,227,222,217,181,148,140,224,167,170,224,229,235
"122",202,185,204,240,177,226,238,232,235,218,148,160,218,142,178,205,216,273
"123",236,260,261,261,259,288,235,282,284,247,239,275,385,169,201,295,266,263
"124",227,284,223,187,214,222,176,260,231,178,190,197,282,165,187,339,250,233
"125",140,214,194,225,103,218,265,207,233,161,218,167,229,178,153,232,217,242
"126",194,304,235,221,225,231,221,236,246,186,253,292,227,158,176,270,248,202
"127",235,263,247,268,246,232,249,249,242,237,235,270,310,173,192,195,237,249
"128",212,237,215,203,217,220,151,249,223,191,227,301,271,158,203,220,236,224
"129",217,202,223,210,162,233,185,241,251,185,178,203,284,145,185,288,235,225
"130",235,270,228,221,217,244,153,286,256,185,159,195,232,162,188,323,262,257
"131",210,227,252,311,274,242,204,265,254,275,268,270,302,140,226,221,268,217
"132",171,251,230,246,203,240,241,249,238,225,270,287,280,177,174,203,238,188
"133",173,237,234,253,176,283,245,240,231,202,240,259,272,197,172,231,241,256
"134",261,317,244,226,246,255,218,246,247,183,187,274,282,145,189,263,268,226
"135",209,170,210,228,152,220,133,256,231,193,169,196,233,133,218,273,243,235
"136",206,221,219,251,226,235,143,257,223,222,175,287,245,141,185,222,253,243
"137",159,311,246,263,235,261,261,248,272,195,314,290,305,200,186,290,292,250
"138",245,333,250,239,302,254,297,288,251,225,235,272,314,142,188,246,263,274
"139",221,316,232,207,198,264,281,242,269,196,185,175,286,160,176,267,224,260
"140",177,322,257,272,231,243,283,244,250,198,287,282,308,187,164,295,282,214
"141",206,204,224,221,174,242,173,252,259,168,194,368,305,134,182,280,235,228
"142",201,201,219,227,139,230,262,245,242,192,196,160,313,177,175,278,236,258
"143",184,256,244,229,258,257,243,286,239,244,228,255,314,176,191,188,260,246
"144",200,224,232,256,240,274,129,274,239,228,199,272,257,121,199,265,253,252
"145",201,254,218,199,237,248,178,243,239,210,183,284,275,138,196,205,267,233
"146",236,316,238,206,253,231,166,254,218,187,209,287,301,172,203,261,246,255
"147",209,233,230,235,183,245,278,257,235,207,179,183,267,160,198,235,214,247
"148",237,291,237,217,186,247,190,246,269,174,197,216,273,143,193,323,253,260
"149",210,322,268,245,315,286,235,310,263,239,268,286,339,141,221,252,311,250
"150",166,234,221,236,169,245,232,261,248,201,249,207,275,181,174,305,214,240
"151",222,312,268,283,318,321,233,285,273,262,234,273,323,163,225,307,290,287
"152",202,207,201,191,159,208,163,259,205,174,227,184,256,170,187,288,224,223
"153",214,245,234,210,248,287,168,257,247,228,222,284,327,156,207,243,293,256
"154",215,281,255,289,273,290,234,301,259,227,205,257,326,164,209,301,310,312
"155",179,248,239,228,203,229,238,268,193,199,243,256,282,196,181,216,239,275
"156",184,236,250,234,225,260,221,275,230,222,272,269,358,188,192,250,260,276
"157",178,158,196,251,141,214,222,211,221,193,157,142,228,162,166,200,244,261
"158",250,301,250,269,298,266,223,287,246,264,219,289,311,161,204,275,302,243
"159",210,224,243,294,280,249,206,257,246,259,269,268,299,158,220,232,270,247
"160",208,317,253,260,225,297,304,239,257,198,199,257,331,196,173,263,269,287
"161",230,306,249,296,269,260,247,264,252,245,181,267,274,158,200,256,286,299
"162",202,213,229,275,241,274,146,287,249,228,193,269,271,145,206,288,252,241
"163",195,217,207,189,187,202,151,261,214,180,222,300,247,153,190,287,210,237
"164",170,204,233,270,248,283,193,262,241,246,214,244,309,166,200,225,296,289
"165",169,186,197,185,144,208,230,257,195,173,196,155,255,177,154,212,208,245
"166",165,208,214,204,167,239,233,274,238,194,196,154,297,156,180,232,275,256
"167",195,208,208,174,162,240,149,252,244,183,202,183,294,118,188,262,257,230
"168",216,318,238,197,273,277,196,257,257,198,188,297,309,162,200,241,271,259
"169",166,182,198,237,156,224,234,214,218,185,164,136,240,156,169,206,223,262
"170",182,215,192,192,122,218,182,207,235,153,179,196,196,152,159,251,199,193
"171",192,244,210,232,165,250,245,238,237,193,144,149,240,171,177,253,257,282
"172",164,219,210,204,147,241,174,239,239,175,207,213,235,131,178,320,212,208
"173",207,242,226,200,222,248,190,262,257,204,185,283,273,134,192,208,263,234
"174",200,327,244,242,281,208,241,248,218,219,258,280,291,182,201,251,252,220
"175",179,203,230,237,148,227,249,268,248,184,206,153,298,159,158,289,250,274
"176",207,279,255,282,270,269,244,282,255,236,221,262,315,176,217,292,312,308
"177",192,267,236,228,253,255,239,276,234,230,251,253,293,161,192,158,262,222
"178",223,284,247,257,270,275,156,281,264,227,215,285,279,153,222,320,285,268
"179",184,202,232,263,222,225,226,236,218,224,198,899,268,156,184,169,257,220
"180",210,320,244,231,209,281,219,227,250,179,211,302,255,144,203,299,240,252
"181",168,259,245,244,212,256,258,253,227,231,237,288,257,184,175,237,242,243
"182",202,279,206,189,182,212,260,213,216,171,173,136,261,181,175,258,235,254
"183",194,285,255,268,255,302,236,264,258,235,218,250,316,198,194,283,310,291
"184",162,314,263,267,210,294,276,251,258,203,280,307,325,194,185,310,285,271
"185",188,205,223,244,145,249,229,259,244,187,215,153,307,161,173,268,251,236
"186",235,331,255,250,276,267,200,257,272,195,225,285,329,129,206,291,280,224
"187",198,286,260,283,261,287,219,264,249,241,202,247,335,174,196,290,304,286
"188",207,314,244,244,254,260,208,249,268,191,247,313,267,156,195,301,265,198
"189",189,247,262,272,207,286,267,282,257,219,229,259,357,174,182,280,286,286
"190",163,319,240,242,214,241,277,221,250,194,255,281,289,198,162,252,261,225
"191",228,249,243,244,230,237,189,272,246,208,250,300,292,156,197,256,261,207
"192",204,319,262,244,267,249,248,277,215,215,252,273,341,182,218,298,295,280
"193",196,212,229,264,241,233,144,228,238,242,215,286,272,138,200,230,268,213
"194",160,281,221,233,152,249,261,237,257,157,213,181,298,197,157,321,258,253
"195",220,297,242,253,289,254,160,267,265,223,216,290,263,113,204,284,282,244
"196",168,202,200,214,139,191,234,227,206,178,208,155,235,192,158,210,211,238
"197",235,261,222,223,226,260,168,271,251,193,152,186,248,141,212,299,256,248
"198",214,328,244,214,311,274,269,263,259,235,234,274,290,153,196,207,264,260
"199",172,236,230,233,236,269,238,247,230,204,228,234,319,199,179,185,265,273
"200",226,297,258,291,335,299,229,297,260,271,252,272,325,152,219,282,276,259
"201",205,330,251,237,227,299,186,272,255,195,227,303,286,153,200,356,287,244
"202",218,256,242,255,250,248,280,284,235,431,238,271,328,160,199,193,235,227
"203",220,326,255,240,293,219,250,254,223,229,248,287,299,201,209,228,248,275
"204",187,288,223,209,169,270,181,234,270,156,221,228,231,177,177,348,258,250
"205",171,208,205,184,118,193,232,221,189,190,212,165,246,196,154,223,208,250
"206",182,275,231,198,179,254,250,212,243,4550,175,147,279,167,173,234,254,257
"207",163,277,235,231,148,270,266,241,259,183,235,208,266,184,162,308,261,234
"208",180,222,199,189,117,227,177,223,222,152,198,200,197,170,167,248,183,213
"209",188,261,257,245,260,271,209,298,223,242,257,282,358,183,209,259,247,248
"210",193,267,213,209,157,237,274,224,256,181,164,175,283,183,169,286,226,263
"211",189,272,232,201,187,276,238,260,261,184,207,149,333,154,188,299,287,271
"212",202,246,227,254,181,227,254,273,255,225,198,181,317,161,179,284,238,264
"213",210,289,247,273,270,291,229,268,268,236,208,265,303,174,204,297,299,310
"214",219,216,212,222,123,226,192,224,238,174,174,178,251,151,169,241,220,218
"215",191,313,260,223,262,305,255,282,255,211,248,390,360,173,193,282,323,262
"216",180,277,251,260,289,257,243,285,257,234,267,261,346,140,220,223,263,242
"217",197,232,227,262,199,250,253,239,258,214,204,184,317,153,186,264,231,267
"218",215,219,221,216,165,231,206,266,246,171,178,197,269,140,172,280,228,255
"219",178,248,238,250,201,224,263,224,243,202,222,246,313,171,174,194,253,240
"220",203,316,265,209,262,295,186,288,279,2655,212,281,324,150,218,293,298,262
"221",200,334,284,232,301,307,244,310,280,261,253,272,381,156,219,303,303,269
"222",195,253,252,232,294,248,245,274,257,262,275,279,328,150,197,208,289,218
"223",204,258,261,256,272,215,243,258,220,250,309,264,322,176,207,244,254,254
"224",162,251,229,262,186,225,281,221,218,199,265,256,246,189,176,193,246,226
"225",200,300,231,177,206,266,192,254,260,171,169,192,281,133,204,298,275,249
"226",168,171,215,251,156,245,231,236,246,206,183,138,269,166,188,254,253,262
"227",204,265,231,238,178,234,279,235,251,148,159,174,274,174,171,285,260,282
"228",174,230,255,239,247,310,233,292,248,231,238,249,368,163,189,245,291,295
"229",175,318,260,266,226,254,263,267,257,205,274,281,311,182,176,284,286,263
"230",207,249,260,268,244,290,247,303,275,248,226,278,379,164,191,271,254,259
"231",236,281,231,241,265,281,183,258,239,212,158,278,242,147,207,256,257,271
"232",192,232,223,226,203,236,219,271,214,220,245,185,282,170,188,267,243,258
"233",195,320,258,239,264,292,256,259,249,224,237,309,283,201,196,270,243,242
"234",227,345,249,222,266,249,249,259,227,228,267,295,302,176,206,218,256,243
"235",237,279,231,209,194,250,193,233,268,171,186,184,278,149,196,342,261,266
"236",175,237,234,231,224,218,227,253,212,203,238,245,300,219,174,203,257,253
"237",191,288,229,185,149,229,223,251,209,166,178,160,274,187,159,254,226,280
"238",225,323,264,278,274,248,270,256,264,270,247,278,315,164,183,229,245,269
"239",233,332,275,260,268,272,269,297,258,245,217,675,314,168,203,278,275,309
"240",178,248,236,231,224,227,216,263,193,195,253,241,300,186,193,204,243,258
"241",161,290,230,233,146,286,251,231,257,171,233,188,267,192,171,315,260,242
"242",194,305,257,237,272,263,264,297,251,208,254,246,356,160,206,258,316,236
"243",168,224,227,187,190,244,226,268,244,205,181,170,283,155,163,204,226,254
"244",232,308,263,250,261,325,170,273,250,232,178,281,275,165,203,313,291,301
"245",220,258,253,275,250,255,257,297,269,251,272,265,363,161,193,245,261,228
"246",186,227,236,225,221,230,205,255,226,225,234,192,286,179,199,280,227,259
"247",202,301,224,182,228,258,178,255,252,173,179,191,289,121,199,309,273,245
"248",216,238,254,265,268,270,228,272,235,260,193,263,272,146,201,221,240,252
"249",200,245,242,263,190,289,230,244,254,204,178,156,279,154,192,308,283,261
"250",189,242,224,204,246,221,179,244,230,198,210,266,270,125,198,185,260,222
"251",215,214,214,245,231,229,168,244,220,225,169,281,232,146,202,232,251,266
"252",209,320,257,265,248,256,290,254,276,220,253,265,368,169,188,282,294,265
"253",172,330,242,226,211,232,291,237,233,191,252,282,272,180,174,235,274,230
"254",183,194,234,241,205,261,217,286,250,243,182,182,260,150,196,283,235,274
"255",170,214,213,258,141,237,257,238,244,189,219,162,314,169,174,283,243,260
"256",202,279,241,215,189,256,273,257,254,175,205,179,327,165,171,315,273,278
"257",200,224,247,300,286,243,205,298,247,267,256,269,292,145,216,237,272,226
"258",151,240,239,258,184,243,268,262,247,204,289,275,297,199,188,251,270,203
"259",190,220,250,278,268,282,209,299,271,264,239,264,306,144,213,259,279,281
"260",196,269,255,220,243,292,249,275,244,234,223,269,333,155,207,197,270,257
"261",208,263,244,222,256,291,241,278,235,237,224,272,338,161,191,191,254,258
"262",214,328,260,260,251,290,303,237,263,190,205,249,329,166,185,251,275,310
"263",194,312,225,229,243,210,250,212,204,205,236,253,320,199,192,211,287,229
"264",159,210,206,207,131,231,180,229,235,173,220,211,236,148,175,288,214,230
"265",207,198,212,233,184,240,198,236,225,223,155,158,242,164,176,218,216,253
"266",204,329,250,255,248,259,266,273,258,223,234,279,261,191,213,247,244,246
"267",195,233,224,212,189,229,223,258,228,220,234,186,282,174,209,281,227,241
"268",189,241,209,231,180,244,242,215,239,188,147,142,214,179,155,253,242,288
"269",213,236,254,244,219,242,256,267,265,222,218,194,321,166,194,292,229,254
"270",208,312,240,247,211,263,299,285,253,210,199,258,326,187,184,261,275,294
"271",183,231,222,208,177,224,255,253,199,209,224,174,256,186,178,231,198,236
"272",182,239,232,216,206,210,240,242,205,190,268,236,289,200,189,195,232,230
"273",221,323,251,231,186,274,258,260,280,210,215,196,315,193,190,345,252,266
"274",199,324,264,251,252,247,241,263,224,220,281,265,343,169,197,275,289,273
"275",201,331,284,232,316,328,242,317,281,269,233,285,367,167,218,294,311,291
"276",215,217,214,226,168,236,164,250,256,181,178,195,265,130,173,301,227,256
"277",172,233,234,237,207,270,174,257,251,205,273,298,272,151,192,294,262,223
"278",205,256,228,225,235,215,136,247,230,213,258,295,288,156,202,241,259,213
"279",201,219,200,168,153,235,180,247,236,171,153,181,231,136,178,224,230,212
"280",181,244,235,235,178,261,237,266,253,202,182,151,272,156,192,290,279,271
"281",202,261,269,270,263,305,265,297,263,259,260,291,352,175,194,285,262,278
"282",195,212,206,194,164,221,154,265,226,170,210,196,273,160,189,268,210,211
"283",230,300,263,240,239,278,268,254,269,212,210,196,306,169,182,320,258,271
"284",235,315,256,250,222,231,272,219,231,196,225,254,318,163,191,238,264,234
"285",195,227,232,242,195,262,179,252,252,207,279,291,268,137,182,253,235,193
"286",175,265,264,263,229,315,230,273,249,238,282,295,321,180,179,289,248,243
"287",200,306,238,196,234,274,249,280,280,205,192,196,317,129,202,296,279,270
"288",200,315,231,219,208,250,220,218,241,181,272,326,238,166,181,269,243,200
"289",210,292,262,288,309,303,237,312,262,261,219,283,320,171,224,318,286,291
"290",195,300,226,219,241,240,257,244,250,191,232,264,309,179,186,197,288,240
"291",229,343,261,254,285,273,300,244,267,267,252,266,328,176,192,241,259,234
"292",173,251,247,212,217,270,247,246,230,199,219,247,315,160,188,181,278,271
"293",238,339,245,270,281,253,289,288,260,229,241,277,328,175,204,236,254,251
"294",157,172,207,245,156,240,202,244,227,217,178,154,267,181,165,256,251,242
"295",201,287,252,294,267,264,237,234,257,227,242,244,308,165,197,264,289,241
"296",187,234,209,219,178,235,248,235,241,180,137,134,227,167,175,258,249,270
"297",210,302,237,220,225,241,240,284,235,210,216,193,311,184,194,333,238,307
"298",215,284,242,251,302,296,164,260,261,222,197,289,291,126,213,302,287,289
"299",158,168,220,252,155,231,223,247,243,211,188,147,260,163,182,252,256,263
"300",220,355,273,213,275,256,234,280,233,235,219,652,313,196,197,260,242,291
"301",198,326,235,221,223,272,200,251,249,183,210,290,244,179,186,282,256,234
"302",198,286,236,228,181,253,263,256,257,200,188,162,347,182,171,316,258,280
"303",205,244,236,261,187,257,257,241,258,202,204,242,324,183,183,223,253,268
"304",191,246,245,225,253,257,154,291,216,221,275,296,291,148,206,267,245,222
"305",220,266,230,237,246,237,237,283,214,226,272,272,299,172,191,195,220,216
"306",209,329,279,257,324,301,247,311,264,249,240,277,362,160,211,289,288,295
"307",208,270,233,226,210,277,222,247,255,211,149,183,226,138,218,255,231,310
"308",222,218,214,251,228,240,165,225,229,219,195,263,211,128,202,196,263,218
"309",217,303,242,248,277,286,172,246,250,211,154,278,236,149,205,259,276,260
"310",226,288,240,264,282,238,166,265,256,228,210,286,276,122,213,285,287,229
"311",179,220,203,213,119,231,258,220,238,175,169,144,260,181,158,230,222,251
"312",176,209,199,209,109,216,182,210,228,148,188,202,202,162,151,264,191,215
"313",197,248,226,209,229,238,182,232,236,200,240,265,275,126,195,178,270,181
"314",199,242,231,202,228,267,159,260,248,206,193,268,307,129,197,210,261,228
"315",136,211,200,208,95,242,284,212,231,171,209,170,240,195,144,244,211,235
"316",198,318,248,240,207,294,198,258,276,199,244,306,303,146,199,317,272,250
"317",191,239,241,250,257,273,232,250,235,255,210,473,283,167,192,205,265,265
"318",208,314,259,218,262,254,176,302,249,198,236,1838,312,152,216,326,271,256
"319",188,295,259,279,249,290,216,285,247,234,204,257,328,164,211,302,306,303
"320",191,249,257,298,215,276,272,254,252,214,235,239,371,157,206,255,273,273
"321",183,241,213,231,176,226,206,224,241,184,256,291,244,151,168,219,232,167
"322",205,238,230,268,198,261,243,267,269,256,207,191,315,143,185,280,242,241
"323",153,308,266,271,225,303,262,265,261,203,294,291,330,188,176,331,276,243
"324",214,295,207,177,175,210,184,232,215,167,203,189,224,174,182,274,221,246
"325",187,321,250,228,249,288,249,268,251,204,209,265,338,172,199,241,288,284
"326",228,330,244,216,252,267,193,238,234,190,203,263,279,184,185,271,238,254
"327",204,302,227,198,211,231,234,251,225,238,210,192,277,198,181,279,215,272
"328",227,277,230,220,186,242,193,271,267,172,181,189,288,145,183,340,249,259
"329",232,342,288,271,302,309,267,335,280,249,232,287,357,163,204,311,279,291
"330",180,210,230,264,221,241,246,252,223,215,202,243,291,168,179,199,257,266
"331",179,252,240,259,197,254,282,240,244,204,228,256,328,186,185,211,253,268
"332",174,298,250,234,211,247,288,226,237,187,265,250,278,182,186,237,267,231
"333",166,293,244,230,146,282,279,233,265,173,228,194,278,177,165,328,261,250
"334",228,280,226,207,196,253,212,257,271,164,179,213,280,139,196,335,249,247
"335",178,329,237,225,245,287,268,270,252,213,199,246,333,185,197,239,302,319
"336",176,237,235,252,251,216,226,256,220,209,288,259,340,181,186,228,258,209
"337",173,201,204,196,145,211,252,237,192,164,220,149,239,201,167,214,220,230
"338",244,296,238,218,211,252,280,249,261,191,198,182,278,172,164,290,226,278
"339",232,293,218,216,159,237,209,237,259,157,124,204,240,150,190,293,217,250
"340",211,226,216,215,154,245,174,246,257,181,184,181,272,128,174,277,223,253
"341",202,325,266,270,240,289,285,271,268,209,233,4059,363,181,203,315,288,329
"342",195,318,234,217,244,251,267,244,248,204,235,228,312,158,189,219,304,227
"343",204,271,244,247,216,257,221,277,260,246,182,175,274,158,200,290,253,308
"344",213,327,251,215,289,274,263,268,266,229,232,258,312,133,201,216,292,236
"345",231,286,234,254,252,257,198,266,246,200,173,275,254,146,205,263,267,266
"346",217,211,209,250,233,203,148,226,220,218,203,274,237,127,193,180,251,206
"347",198,330,264,237,321,281,263,290,278,261,252,279,337,142,215,258,320,249
"348",249,321,246,241,277,260,210,247,272,197,230,297,307,120,215,317,283,225
"349",212,344,265,247,308,232,237,286,232,239,280,303,323,186,204,299,278,224
"350",166,277,211,245,130,265,240,213,243,158,182,190,218,199,159,282,232,245
"351",171,203,201,187,138,213,236,206,196,169,213,166,239,185,156,219,212,235
"352",197,191,195,174,152,199,148,234,212,156,201,177,212,179,178,233,195,227
"353",225,342,257,232,292,289,198,274,264,194,204,302,305,140,209,318,295,273
"354",163,323,278,285,211,299,282,267,273,262,282,295,330,203,184,306,282,284
"355",223,307,258,289,339,281,220,290,269,254,249,1291,304,133,207,269,277,278
"356",204,277,247,263,258,266,252,255,247,226,180,240,279,179,187,260,285,307
"357",200,307,255,250,222,298,204,239,259,190,216,314,276,161,196,345,264,229
"358",181,196,208,251,175,242,207,276,233,217,163,174,228,169,192,216,232,226
"359",183,318,252,236,199,291,269,227,272,196,233,271,271,181,181,277,267,278
"360",212,318,254,216,287,243,188,269,259,209,236,286,311,134,206,268,303,228
"361",209,207,206,206,129,225,196,228,234,163,150,190,236,147,170,246,205,228
"362",190,247,241,224,231,236,151,268,211,213,239,307,302,175,209,272,249,214
"363",190,334,241,245,233,271,209,247,259,199,274,325,280,134,202,315,261,219
"364",183,257,238,238,200,292,190,248,239,204,260,312,275,159,193,305,253,221
"365",209,320,262,205,304,297,182,274,271,206,209,326,333,131,212,296,300,266
"366",196,242,252,241,202,262,251,275,259,217,214,435,312,158,169,279,233,252
"367",166,314,262,232,275,314,264,303,255,211,227,239,361,163,204,276,324,288
"368",204,332,244,220,243,249,279,269,240,202,229,250,320,161,183,190,301,234
"369",226,252,251,256,251,285,193,272,262,219,233,286,315,164,202,292,259,249
"370",213,329,235,200,241,209,195,237,208,190,220,266,257,131,214,223,264,225
"371",214,346,249,234,286,232,274,271,221,228,266,282,304,179,190,240,247,255
"372",167,213,206,183,145,225,238,228,220,162,170,149,267,151,167,201,237,235
"373",182,245,220,241,216,200,230,223,189,204,271,257,288,183,181,186,243,229
"374",157,283,236,223,151,269,268,225,254,181,254,180,279,203,169,321,253,260
"375",172,304,260,265,230,261,277,237,247,198,269,279,323,181,184,307,299,246
"376",204,299,259,250,239,258,284,252,255,194,216,247,332,185,173,260,266,290
"377",225,291,218,209,194,239,217,223,261,211,148,196,247,147,190,280,236,270
"378",222,321,243,203,287,263,194,259,269,194,182,277,284,151,219,246,273,266
"379",198,240,233,246,187,250,266,221,248,199,237,250,284,162,165,197,257,238
"380",188,209,205,180,160,251,163,243,243,176,178,184,276,118,187,243,238,224
"381",220,321,246,205,254,230,196,219,254,191,197,280,262,126,208,206,270,232
"382",204,226,228,263,262,237,162,264,241,222,218,270,253,141,195,222,278,194
"383",222,333,258,244,311,285,254,298,258,240,255,295,356,156,200,263,311,280
"384",186,262,238,221,236,229,227,242,223,233,263,261,295,178,188,193,229,235
"385",238,294,234,254,251,262,175,244,265,213,170,269,248,145,219,258,266,273
"386",234,337,257,236,284,258,295,272,260,224,261,272,308,148,194,229,272,270
"387",192,246,236,237,204,289,185,263,247,239,237,320,258,153,212,283,249,219
"388",177,222,212,222,132,218,259,248,240,166,181,160,256,181,177,226,236,242
"389",186,254,244,221,248,247,265,257,228,246,246,275,286,140,213,162,271,213
"390",224,331,238,202,260,260,200,238,272,196,189,269,295,139,203,263,273,261
"391",204,310,249,185,216,237,229,277,251,215,239,190,305,181,193,322,240,282
"392",247,298,234,235,270,228,177,228,240,204,180,277,238,130,199,236,250,229
"393",201,304,240,204,200,239,227,279,229,205,238,189,293,173,191,317,251,291
"394",227,322,276,277,322,309,225,276,272,262,218,270,315,161,204,298,296,297
"395",161,202,207,195,113,206,240,232,208,163,190,164,260,175,178,213,219,222
"396",210,342,245,219,248,208,264,243,218,184,259,257,293,203,181,234,262,249
"397",187,233,225,232,214,207,229,221,194,197,258,247,277,209,181,176,245,223
"398",198,228,229,185,164,256,241,246,226,200,177,168,271,139,174,185,228,243
"399",194,254,246,252,208,281,271,239,243,203,206,253,314,181,174,227,261,269
"400",223,257,231,239,197,245,237,268,253,218,152,172,228,162,180,247,242,259
"401",200,350,251,239,252,317,290,269,250,1668,254,293,283,195,190,284,250,255
"402",199,225,229,209,188,224,202,273,211,203,234,184,299,177,184,272,211,260
"403",249,357,291,266,322,293,274,328,281,259,234,291,392,172,209,324,273,289
"404",172,204,188,197,117,253,186,213,228,152,184,211,198,159,173,256,197,206
"405",201,228,249,252,175,261,246,262,264,239,203,1798,320,153,165,274,250,250
"406",196,236,241,260,252,261,219,292,253,254,208,260,275,156,202,210,230,258
"407",176,244,234,225,208,207,223,254,217,203,240,233,269,197,187,217,248,287
"408",199,215,207,203,163,203,157,265,219,173,212,234,258,164,177,272,222,233
"409",197,262,259,238,291,287,214,326,246,247,256,272,345,173,194,248,265,261
"410",165,236,248,232,232,289,243,241,238,213,247,249,339,162,192,233,304,277
"411",234,317,236,189,250,211,185,239,228,183,224,283,256,183,194,235,245,230
"412",222,269,222,238,244,200,236,254,204,226,286,274,269,171,190,193,233,232
"413",179,204,247,282,241,253,222,278,253,242,210,239,319,157,190,251,280,268
"414",211,288,215,174,165,199,175,222,216,161,163,199,218,167,184,287,216,260
"415",219,251,236,230,250,245,152,269,227,207,242,287,302,159,208,280,247,234
"416",146,208,201,220,93,242,248,211,224,164,196,192,231,179,169,226,223,221
"417",178,230,249,231,246,254,247,252,237,225,262,247,358,146,195,189,289,225
"418",218,245,210,237,201,270,162,276,258,204,139,193,246,129,194,317,250,270
"419",180,241,224,275,258,227,221,245,226,255,211,263,259,140,188,164,246,224
"420",203,300,230,194,230,252,248,241,262,194,177,243,267,141,187,238,249,277
"421",190,286,219,176,169,237,262,237,238,175,178,159,286,145,174,249,269,273
"422",203,255,262,265,258,248,254,298,253,254,265,273,342,172,195,257,247,233
"423",188,311,259,246,266,288,261,305,256,209,233,244,361,169,203,282,314,288
"424",192,227,189,168,166,224,184,238,239,170,148,187,250,130,189,199,232,223
"425",209,217,225,226,144,223,182,254,252,179,166,209,276,141,175,305,225,240
"426",185,257,240,247,219,271,257,259,230,593,244,285,272,175,189,243,230,243
"427",225,269,239,253,230,241,261,255,238,249,252,260,296,177,186,196,239,221
"428",147,234,225,261,200,271,253,249,246,200,269,281,302,177,170,252,253,225
"429",229,278,241,266,275,250,168,253,250,216,223,291,268,131,215,285,296,219
"430",157,253,239,267,208,267,247,215,250,227,292,268,294,190,173,241,266,213
"431",192,294,221,205,185,251,194,238,250,172,195,225,237,168,172,342,232,246
"432",228,277,246,257,235,241,256,255,250,230,224,275,291,164,193,200,245,233
"433",217,241,219,193,253,233,178,246,239,205,228,272,259,135,193,174,255,190
"434",207,250,232,270,193,225,270,224,242,1180,250,241,296,168,169,202,248,223
"435",208,308,245,239,244,242,199,247,265,194,289,315,267,150,200,315,270,220
"436",180,214,214,278,221,239,236,244,229,228,218,234,272,159,176,185,249,244
"437",218,222,204,207,147,207,200,218,224,351,154,197,245,137,171,249,216,226
"438",188,290,217,203,168,257,180,242,244,167,194,214,249,178,184,347,248,225
"439",207,272,238,263,255,225,239,249,237,214,219,227,290,172,173,222,265,243
"440",200,294,237,211,210,261,260,280,259,204,189,184,268,158,183,256,243,290
"441",222,327,247,241,235,243,297,246,261,217,206,268,316,172,180,248,276,256
"442",166,162,206,250,174,228,219,253,229,200,173,153,276,155,176,241,251,252
"443",224,323,262,245,248,257,194,283,269,201,210,285,339,142,223,341,278,259
"444",249,314,271,248,272,304,199,276,287,206,227,299,324,141,204,327,292,275
"445",197,183,213,228,157,253,134,257,242,189,164,185,216,120,185,257,245,245
"446",232,255,233,256,221,223,201,258,253,203,256,295,308,120,189,259,248,194
"447",200,295,250,197,213,238,237,289,255,206,250,215,318,199,191,310,243,272
"448",219,265,234,233,252,200,238,260,203,225,279,257,298,171,209,185,224,230
"449",200,298,232,185,204,264,259,275,255,197,165,169,308,147,195,235,261,278
"450",218,316,250,228,270,275,160,268,253,210,221,477,314,178,202,339,274,264
"451",218,313,248,242,237,257,219,255,277,197,247,336,256,155,189,309,270,193
"452",226,311,266,234,256,262,183,280,238,199,241,297,317,175,209,321,255,260
"453",229,330,258,212,280,250,191,251,265,205,239,281,313,131,213,273,303,240
"454",216,334,251,215,273,265,269,262,258,224,244,273,327,136,208,222,286,260
"455",156,224,226,237,158,264,249,274,242,212,233,211,272,191,186,277,231,263
"456",181,219,216,181,202,266,237,263,231,194,178,174,256,148,173,204,228,251
"457",211,285,230,171,208,257,182,262,246,171,182,188,291,152,193,305,275,252
"458",223,269,242,269,246,244,247,261,239,231,230,267,331,150,184,186,233,234
"459",187,320,264,239,269,270,247,277,236,218,261,264,356,195,200,299,285,275
"460",229,270,224,240,214,237,239,260,247,207,134,174,233,163,185,246,238,266
"461",214,304,248,279,290,256,235,259,249,246,201,261,257,155,196,216,274,255
"462",187,341,284,261,267,322,260,294,275,237,285,302,321,185,210,334,277,278
"463",199,249,232,267,218,227,272,252,236,198,233,233,286,183,169,205,256,232
"464",193,249,225,243,216,260,197,258,238,193,278,314,276,148,194,271,245,172
"465",237,302,261,299,293,261,230,296,263,258,227,278,307,155,227,277,287,261
"466",182,279,222,199,173,212,244,214,218,159,178,170,271,210,172,259,249,272
"467",193,278,226,177,182,260,256,228,239,851,167,157,265,167,175,236,259,246
"468",221,318,232,191,252,231,217,255,244,193,205,277,263,127,200,232,282,215
"469",195,246,272,255,265,295,251,306,245,253,244,278,360,156,223,242,287,291
"470",209,272,244,255,233,271,213,257,253,236,177,178,262,173,200,296,280,283
"471",159,281,245,194,232,252,260,255,259,204,198,167,336,166,184,301,298,285
"472",193,269,245,253,258,234,233,234,231,215,203,226,279,147,172,219,277,255
"473",193,282,212,189,172,205,245,235,227,165,194,171,249,187,183,256,243,239
"474",187,229,222,228,187,281,187,241,222,193,222,298,230,153,187,258,221,213
"475",193,299,247,235,232,302,185,252,251,202,246,307,303,156,200,335,274,257
"476",206,343,259,244,282,211,272,255,216,243,236,280,305,193,203,225,250,247
"477",217,207,209,213,137,233,194,224,244,165,168,169,229,141,164,236,202,236
"478",216,255,243,259,242,269,216,273,261,227,183,181,270,152,187,299,266,289
"479",219,332,247,240,281,259,248,278,212,221,253,288,290,171,186,250,235,297
"480",189,320,238,230,201,252,273,222,232,180,258,282,283,186,176,227,261,225
"481",155,280,229,198,122,249,269,231,241,157,192,194,240,178,170,278,244,242
"482",154,257,226,244,168,226,268,240,229,192,279,259,261,193,161,211,248,196
"483",160,226,244,241,229,213,231,248,226,208,283,245,340,191,198,226,257,225
"484",170,227,216,234,171,251,236,240,257,211,229,206,280,179,177,279,232,245
"485",188,276,219,204,158,220,252,224,215,155,197,152,250,208,185,253,224,275
"486",226,255,239,254,196,255,233,275,246,476,211,275,306,157,172,281,232,268
"487",176,312,254,260,236,307,250,281,264,206,257,279,321,193,201,313,278,260
"488",199,304,257,227,254,278,279,246,255,205,204,256,318,155,188,223,296,297
"489",234,283,239,224,195,264,198,246,277,168,172,203,279,136,168,341,245,242
"490",214,266,252,244,268,261,228,301,267,249,276,264,364,151,204,208,289,228
"491",226,326,266,240,324,251,233,303,237,244,280,300,346,172,214,282,275,233
"492",242,338,241,195,262,204,183,228,235,184,239,293,278,160,193,250,259,216
"493",219,292,232,257,235,258,184,255,244,215,156,364,261,138,206,269,266,274
"494",210,257,251,269,274,303,247,275,268,260,243,288,371,145,210,273,267,264
"495",211,234,242,292,289,251,218,282,249,255,234,262,311,144,200,218,267,246
"496",176,257,254,250,291,247,233,262,244,259,280,273,326,130,194,217,290,243
"497",208,334,259,218,286,258,274,253,255,231,238,284,313,156,202,207,276,247
"498",208,297,239,192,215,227,246,250,221,199,205,198,255,178,175,272,221,265
"499",217,301,218,213,161,228,219,231,253,146,151,182,248,151,189,280,238,255
"500",210,307,231,220,231,250,222,213,247,178,240,313,219,139,191,251,247,197
"501",195,238,236,220,254,272,155,281,237,949,210,293,303,133,207,245,270,256
"502",198,332,262,246,243,296,289,276,250,216,263,311,293,203,180,281,247,287
"503",209,335,273,236,297,302,247,318,285,275,251,284,360,170,204,272,306,295
"504",179,233,228,228,190,237,213,267,224,211,236,180,291,167,195,268,225,242
"505",227,266,243,240,248,269,239,287,258,234,179,179,295,141,204,300,252,266
"506",161,273,234,230,138,260,258,222,263,178,221,190,284,166,171,316,244,266
"507",190,298,235,194,229,252,254,270,246,194,186,176,297,149,190,242,243,274
"508",206,242,235,221,262,241,243,257,247,243,223,270,298,155,191,154,260,206
"509",220,286,240,236,271,252,172,237,256,214,155,281,244,150,201,257,266,258
"510",177,216,223,278,230,226,219,249,218,234,221,225,265,166,197,170,256,232
"511",198,264,262,271,290,253,249,286,250,255,280,273,350,155,190,247,251,216
"512",187,242,241,208,228,272,246,264,248,219,212,239,330,172,190,182,287,267
"513",196,224,189,172,168,199,151,250,187,169,174,192,223,168,208,226,201,219
"514",191,324,270,246,272,258,264,282,262,239,303,309,319,168,202,288,273,260
"515",178,207,209,224,127,224,245,228,234,575,161,135,287,175,163,214,222,267
"516",196,210,202,173,174,221,170,232,242,167,149,167,251,125,184,199,223,247
"517",201,230,251,253,234,280,252,253,266,222,244,265,370,176,173,300,281,269
"518",250,345,256,252,265,276,187,272,267,202,195,311,328,161,200,339,294,285
"519",192,264,238,245,236,200,246,305,211,244,290,280,296,164,188,178,228,216
"520",204,216,237,259,244,273,139,274,239,233,204,565,288,135,196,277,267,260
"521",237,344,274,255,289,255,270,295,269,253,265,284,344,154,184,262,297,263
"522",194,250,238,221,270,261,230,290,248,233,214,277,310,157,203,183,255,260
"523",208,329,268,266,255,288,248,274,259,3363,307,304,306,199,207,298,278,234
"524",196,236,218,249,162,249,264,251,247,202,176,163,261,179,178,220,211,251
"525",168,250,222,250,205,220,181,243,241,210,263,304,255,158,191,278,261,164
"526",219,210,224,229,165,241,175,236,260,172,166,206,273,140,181,268,228,251
"527",188,209,205,232,123,228,259,233,234,162,174,161,278,188,161,242,231,271
"528",191,297,267,247,277,309,243,278,262,222,237,257,376,170,195,273,308,267
"529",226,250,229,243,221,259,191,257,243,196,192,273,302,152,188,241,254,257
"530",168,224,230,239,207,234,230,252,189,219,236,241,290,175,194,214,244,265
"531",205,277,243,274,256,253,242,269,244,233,224,250,308,162,200,282,306,249
"532",195,226,205,215,163,208,218,236,210,214,227,182,243,169,184,221,202,235
"533",204,330,271,229,301,263,264,308,256,243,249,278,371,152,218,256,309,248
"534",173,317,239,243,210,276,274,226,250,184,241,285,277,210,173,267,271,268
"535",218,254,254,246,252,293,174,280,254,207,216,279,341,159,202,287,268,246
"536",213,270,249,242,256,245,230,278,219,245,251,269,313,188,211,210,230,244
"537",239,338,289,277,299,286,269,300,291,249,262,296,353,167,207,325,303,267
"538",248,325,258,242,252,263,204,262,262,214,221,281,323,126,196,303,283,218
"539",214,245,215,233,209,251,162,235,254,185,148,175,236,137,202,326,270,263
"540",189,269,256,234,285,257,210,311,207,247,287,284,351,192,204,283,236,272
"541",197,340,258,268,256,293,296,263,264,220,247,322,257,204,184,284,256,282
"542",149,246,253,241,194,298,253,265,247,206,286,288,300,189,174,288,260,239
"543",204,218,204,204,143,218,199,237,238,161,163,254,219,152,168,269,219,230
"544",207,234,249,218,246,281,168,284,255,223,214,276,314,137,204,248,276,233
"545",190,257,227,254,203,262,209,266,251,203,179,160,277,162,185,300,284,262
"546",193,244,224,202,231,227,164,253,215,193,199,275,268,158,196,219,229,235
"547",199,232,250,268,223,269,244,291,248,222,245,255,344,170,174,302,279,266
"548",171,200,225,267,211,226,213,245,212,225,212,234,270,156,189,163,264,248
"549",210,293,270,282,246,278,228,286,259,227,197,245,333,151,210,285,295,290
"550",204,301,258,271,300,287,220,273,251,251,198,272,283,169,209,258,271,283
"551",215,355,259,234,293,284,255,294,272,254,209,268,343,167,204,236,293,299
"552",181,322,253,246,268,287,262,256,269,205,259,250,366,167,200,231,334,214
"553",159,240,255,270,193,304,227,262,241,214,266,275,326,184,181,259,265,245
"554",214,325,270,247,333,288,245,289,252,238,267,297,375,195,225,325,266,284
"555",220,258,224,219,214,209,168,275,198,190,229,285,248,154,196,221,220,243
"556",186,279,242,240,263,274,243,271,243,222,205,230,289,170,193,249,275,280
"557",182,307,240,230,180,281,259,274,267,189,254,206,262,186,175,351,232,256
"558",168,211,228,256,161,264,264,255,262,179,207,141,303,163,166,271,253,237
"559",215,250,237,233,240,225,150,251,222,215,270,284,290,150,195,235,242,203
"560",200,172,202,230,166,241,148,265,237,202,144,960,245,124,183,260,245,236
"561",181,271,227,206,192,269,253,270,253,177,190,182,298,155,180,282,296,273
"562",204,252,245,230,251,255,241,262,224,1755,264,265,302,184,212,222,229,272
"563",203,237,241,232,241,243,143,262,215,208,234,280,320,160,206,270,258,246
"564",201,245,238,289,194,232,271,268,269,221,246,248,318,161,181,224,264,262
"565",229,313,279,288,304,319,223,291,256,269,235,278,319,173,223,302,289,300
"566",173,204,200,195,157,226,251,247,224,161,182,135,273,175,168,191,244,245
"567",202,315,241,218,223,238,208,223,253,190,252,302,227,154,186,263,254,205
"568",163,321,263,257,218,280,281,262,260,205,265,305,319,185,202,302,273,280
"569",182,205,212,266,213,239,220,232,220,223,221,235,266,165,168,167,261,248
"570",209,311,242,238,255,213,271,245,201,191,271,235,291,178,204,218,272,225
"571",176,176,209,229,146,217,215,224,218,184,154,148,242,169,169,196,219,259
"572",235,245,231,217,216,248,191,245,243,195,179,280,285,149,183,239,249,242
"573",187,284,213,196,189,238,261,230,249,192,159,145,280,161,187,237,262,273
"574",208,245,220,219,254,236,171,268,236,214,244,275,300,111,214,222,270,213
"575",215,331,249,222,226,267,197,262,265,187,204,307,257,175,195,309,261,249
"576",225,332,246,209,252,234,187,247,221,211,202,1818,274,180,194,275,265,252
"577",220,339,270,225,313,277,250,279,252,244,272,280,359,142,204,277,291,240
"578",227,266,261,277,262,256,251,275,256,237,274,273,367,172,204,245,255,215
"579",158,191,212,194,149,243,242,225,220,167,185,157,269,164,159,183,250,230
"580",213,276,237,278,239,238,270,244,239,232,257,280,296,159,201,206,235,245
"581",185,271,239,202,173,220,250,258,227,173,215,174,319,210,182,311,252,278
"582",204,287,215,162,184,253,192,251,249,160,144,189,256,127,189,250,244,254
"583",172,244,250,247,242,299,247,292,242,232,255,250,356,172,198,233,289,269
"584",232,293,236,270,296,269,171,252,253,224,206,288,281,117,227,284,292,230
"585",214,268,214,167,182,242,211,230,252,165,138,182,235,143,189,242,271,264
"586",179,286,222,185,186,245,265,234,239,168,176,172,288,163,167,231,269,277
"587",214,319,258,225,271,254,185,281,241,207,230,294,309,185,210,321,285,243
"588",233,319,243,204,258,249,180,256,220,188,224,285,274,181,196,287,237,260
"589",170,171,207,242,157,223,222,227,224,186,153,132,215,159,174,212,233,249
"590",228,346,280,242,299,285,242,287,225,255,267,283,358,212,229,314,285,281
"591",229,354,273,283,291,274,277,268,278,234,253,280,360,162,208,292,272,258
"592",246,349,255,241,290,245,264,246,272,218,227,268,316,160,190,251,257,245
"593",235,299,234,236,250,271,162,254,249,216,160,282,255,141,197,261,261,272
"594",219,335,244,205,279,212,192,273,229,199,270,299,297,135,215,296,269,224
"595",197,311,236,224,209,216,262,239,220,3579,250,268,297,210,191,215,266,243
"596",190,238,236,257,182,259,232,265,266,232,220,184,302,161,187,269,233,238
"597",189,235,229,260,253,207,158,271,232,228,223,271,262,127,211,247,260,200
"598",196,341,250,243,288,247,273,261,258,236,238,266,313,167,207,208,273,237
"599",215,332,260,273,248,286,291,250,249,213,202,253,321,193,181,261,267,274
"600",217,242,236,283,236,253,258,260,254,207,275,242,350,163,183,259,284,234
"601",172,275,234,247,213,269,243,263,222,216,252,304,280,197,176,241,236,216
"602",222,241,242,260,236,294,186,280,251,210,193,286,309,142,211,269,252,237
"603",197,263,258,280,248,301,258,295,266,253,239,290,345,163,200,264,256,269
"604",193,187,217,265,200,266,202,267,248,243,186,4144,279,138,195,253,229,265
"605",237,327,246,238,246,271,231,263,264,188,185,280,298,164,184,274,253,258
"606",210,311,228,203,213,214,247,251,218,203,218,181,267,201,185,253,231,244
"607",237,338,228,225,238,224,216,238,250,189,199,295,289,128,193,239,262,221
"608",172,239,224,238,231,208,241,255,222,217,294,241,309,195,189,229,263,229
"609",209,319,235,211,214,249,216,232,248,179,236,298,234,155,188,264,249,222
"610",171,248,238,259,215,243,248,255,246,203,179,346,268,156,190,311,259,260
"611",240,324,246,262,237,252,281,212,258,190,217,254,299,151,202,223,274,284
"612",183,239,218,218,190,208,220,223,217,185,244,289,206,138,185,216,218,187
"613",221,272,252,241,252,222,232,295,228,232,297,1133,328,173,214,231,256,233
"614",196,316,248,223,257,235,254,240,204,195,248,247,283,199,189,230,265,254
"615",236,307,238,212,203,255,288,240,257,195,179,197,274,159,187,281,227,282
"616",209,241,251,251,207,224,242,241,247,212,274,256,344,168,189,259,271,246
"617",225,254,245,261,267,235,213,287,215,233,305,282,337,183,217,238,264,232
"618",184,282,229,207,184,226,237,253,243,191,234,185,315,187,184,302,260,246
"619",183,240,230,234,200,239,185,240,238,197,293,310,256,147,188,270,247,182
"620",218,315,249,215,266,240,191,258,220,186,201,289,285,167,192,279,258,255
"621",208,309,244,252,242,244,282,251,252,204,216,255,309,167,184,232,281,252
"622",175,289,231,201,178,220,230,270,229,177,225,192,303,159,180,323,247,285
"623",188,217,211,210,167,211,267,278,210,194,213,178,233,176,176,234,198,250
"624",224,208,209,238,228,229,157,258,240,205,161,287,236,131,196,222,236,257
"625",164,269,227,219,123,264,264,216,241,155,203,185,230,187,158,283,243,237
"626",161,273,232,220,154,280,253,248,260,159,236,196,281,181,174,315,261,294
"627",191,233,223,223,207,234,239,260,232,201,240,253,313,154,181,159,272,210
"628",200,317,239,209,227,249,230,228,247,273,251,313,239,176,189,282,234,220
"629",222,267,243,249,226,241,188,238,259,210,240,285,314,127,180,253,260,206
"630",171,253,231,246,218,241,180,246,246,204,276,311,275,144,182,245,240,184
"631",196,167,212,225,175,248,154,239,242,192,168,185,246,133,192,259,239,249
"632",219,208,221,214,162,248,184,253,259,178,169,201,288,136,183,283,216,230
"633",168,258,247,240,277,279,259,290,247,229,232,269,300,153,198,194,255,262
"634",177,209,236,287,228,260,235,244,221,226,173,248,265,157,173,197,270,250
"635",230,328,259,216,280,267,175,298,246,217,234,296,333,156,218,308,270,253
"636",192,184,228,245,209,247,205,266,240,224,185,169,265,143,178,270,240,261
"637",186,219,231,221,217,272,219,264,243,239,216,177,310,155,199,250,259,278
"638",175,218,220,209,174,251,228,250,238,183,216,154,309,143,189,245,264,213
"639",220,268,246,260,261,261,272,263,251,239,205,285,319,169,179,221,229,256
"640",210,318,232,230,238,245,209,221,230,178,218,289,235,160,181,252,252,214
"641",220,329,237,271,234,234,299,237,259,201,201,246,327,163,184,237,274,263
"642",227,324,238,198,273,230,197,242,228,188,209,274,261,181,201,274,235,260
"643",204,242,217,205,223,228,189,256,228,192,222,273,268,119,202,153,262,202
"644",205,218,210,199,150,215,157,272,216,171,236,565,244,157,189,274,218,210
"645",233,250,227,194,232,209,186,239,233,219,227,287,272,117,198,174,242,189
"646",187,329,251,265,264,280,285,253,247,221,262,294,273,183,202,243,253,253
"647",213,340,271,230,312,250,242,300,265,240,270,270,357,158,209,254,296,229
"648",195,293,237,229,179,277,252,260,253,212,239,219,274,177,185,345,247,259
"649",190,341,270,278,252,326,265,274,288,224,283,295,343,213,206,327,266,291
"650",159,281,212,210,130,245,280,218,245,160,190,176,247,182,155,280,250,249
"651",194,296,235,187,216,252,273,245,258,194,169,171,279,168,187,259,246,270
"652",255,323,239,204,256,253,197,243,228,197,191,291,258,159,193,268,260,259
"653",207,313,260,214,296,296,206,259,260,213,222,300,315,150,203,298,281,269
"654",162,264,263,277,239,298,243,299,258,234,295,305,320,178,206,287,238,227
"655",217,262,261,253,275,277,214,298,236,252,267,293,350,206,188,250,254,292
"656",181,222,237,253,219,207,223,258,216,215,289,259,339,184,199,229,261,236
"657",215,352,260,225,296,215,243,260,229,219,245,288,308,193,211,232,245,248
"658",185,206,214,237,135,258,261,256,250,183,209,160,305,169,189,266,252,265
"659",233,329,287,290,277,312,271,301,293,249,245,294,358,162,192,312,285,279
"660",256,331,256,243,261,254,219,269,288,205,234,310,307,140,200,295,270,239
"661",208,312,241,221,241,216,239,237,222,196,279,269,308,199,204,238,262,249
"662",135,204,202,212,96,236,257,216,227,170,199,177,226,206,153,229,224,219
"663",172,200,223,262,232,205,238,211,214,228,208,223,251,151,193,163,264,231
"664",217,199,222,280,259,246,142,300,236,217,240,271,268,146,215,229,272,212
"665",169,238,229,248,238,206,221,229,201,218,284,257,330,180,197,218,269,222
"666",242,287,232,216,198,253,201,249,268,160,179,192,280,132,188,340,251,239
"667",165,272,223,200,140,243,275,213,236,152,207,180,231,212,147,281,240,250
"668",215,323,226,184,185,220,248,274,234,202,199,183,269,187,171,263,214,279
"669",169,206,238,273,238,266,213,291,253,241,223,241,308,160,201,266,297,268
"670",230,320,245,211,249,248,184,259,228,186,202,299,273,175,214,263,252,238
"671",215,237,233,236,230,243,197,238,248,329,218,265,255,133,175,213,240,205
"672",211,288,248,270,263,234,215,243,263,239,213,242,310,168,209,261,299,261
"673",195,244,227,231,263,233,172,253,250,211,237,277,301,111,203,224,280,194
"674",202,186,199,244,165,221,139,247,252,198,164,174,230,135,194,275,232,236
"675",168,244,228,219,217,253,249,285,230,203,207,238,317,156,191,177,284,282
"676",140,218,194,204,108,233,256,219,224,167,207,170,228,207,145,215,202,230
"677",191,229,240,247,202,279,178,271,249,200,246,317,263,150,198,282,245,216
"678",184,242,250,226,247,245,254,281,239,245,243,260,306,145,191,160,253,233
"679",185,253,231,243,267,191,224,254,204,288,271,264,284,176,200,193,228,225
"680",224,310,249,262,230,254,284,230,257,200,229,256,318,180,175,248,275,259
"681",188,319,267,223,295,300,256,278,275,217,240,271,359,158,200,275,322,288
"682",206,223,230,247,196,219,261,229,228,207,253,247,305,149,172,195,251,240
"683",167,216,198,186,133,203,231,218,195,166,194,139,278,196,171,234,210,230
"684",147,230,245,277,190,290,259,242,263,211,266,293,314,191,170,262,261,274
"685",195,327,259,257,259,253,240,282,236,212,245,265,347,208,200,301,282,280
"686",182,212,216,186,170,224,146,245,196,173,196,189,276,157,197,272,217,234
"687",211,333,264,239,300,287,246,289,267,249,255,292,349,150,209,263,322,278
"688",215,318,237,228,241,252,226,220,240,175,235,316,222,139,183,255,246,210
"689",201,323,253,222,257,240,260,256,224,196,218,257,299,210,188,264,265,284
"690",193,233,254,267,227,307,258,248,257,213,248,254,354,179,172,270,282,285
"691",194,217,215,192,181,238,165,242,258,188,186,195,286,120,195,254,251,222
"692",232,300,244,264,280,271,172,255,243,220,201,284,270,124,215,293,297,228
"693",224,284,236,240,251,275,177,250,243,214,167,280,244,140,206,273,264,266
"694",201,293,212,174,188,235,194,236,252,167,155,190,244,137,189,257,254,264
"695",207,291,221,206,199,227,235,227,211,204,196,195,237,184,185,276,226,270
"696",193,251,241,242,259,240,229,255,212,234,245,271,299,208,203,215,234,242
"697",194,277,244,224,257,290,234,261,248,236,222,279,329,158,195,198,259,256
"698",170,277,230,207,155,281,262,228,265,503,229,186,303,178,168,328,252,253
"699",212,290,222,166,189,226,160,250,233,183,182,200,262,168,190,317,249,264
"700",191,252,259,229,259,276,234,274,242,233,219,272,296,170,184,197,271,259
"701",228,300,249,281,287,238,231,274,252,238,216,259,287,164,209,236,270,251
"702",234,336,275,246,311,230,248,287,233,245,304,277,334,183,198,270,276,267
"703",239,330,233,202,259,245,210,219,247,192,193,296,274,119,195,217,275,216
"704",192,250,225,239,194,258,172,240,241,201,266,301,280,146,188,250,236,176
"705",180,214,244,273,234,275,225,276,240,245,237,235,311,174,194,252,281,289
"706",251,314,256,251,263,254,189,273,282,211,222,300,321,123,191,299,265,222
"707",195,302,234,200,203,245,240,286,237,220,226,188,303,195,184,296,235,276
"708",218,242,216,211,191,229,186,229,250,184,115,181,183,130,188,262,248,270
"709",208,322,248,195,249,296,245,272,270,212,208,219,336,142,203,284,266,298
"710",161,243,246,256,198,249,244,250,248,218,292,284,304,184,189,236,264,205
"711",228,271,246,256,255,260,270,302,248,242,194,273,318,165,199,232,250,261
"712",200,237,262,289,274,241,209,274,254,261,257,262,292,134,199,228,267,224
"713",215,294,210,188,199,209,178,227,211,156,169,188,232,165,187,300,212,224
"714",214,289,209,166,181,246,185,232,258,164,146,199,239,117,188,252,269,238
"715",209,341,255,225,257,232,244,268,228,240,285,289,288,202,191,232,263,252
"716",207,318,246,251,233,245,310,223,234,206,205,258,306,186,167,232,272,245
"717",204,308,264,281,310,258,239,297,285,253,240,273,302,127,219,269,282,243
"718",173,259,257,253,292,306,215,275,266,244,252,282,362,159,204,242,282,270
"719",214,331,258,236,253,255,246,272,220,1592,247,300,323,187,192,277,249,249
"720",214,207,213,238,236,188,135,238,242,215,184,265,227,128,191,197,249,229
"721",220,317,260,215,287,255,239,285,237,226,232,306,336,182,213,268,248,273
"722",194,262,214,237,196,243,240,244,249,220,139,173,236,156,190,255,242,290
"723",201,342,270,252,278,273,225,294,242,242,259,294,363,193,206,329,282,292
"724",195,289,225,196,184,270,194,243,257,170,207,233,224,153,186,337,240,238
"725",162,214,216,194,150,206,217,242,209,193,232,172,300,171,187,244,245,249
"726",243,299,241,194,294,263,200,268,251,198,172,778,292,137,195,249,280,249
"727",213,338,275,239,291,298,246,296,257,261,255,279,371,151,233,281,312,290
"728",233,240,240,232,284,242,141,280,243,208,257,292,294,155,206,270,254,219
"729",237,304,256,249,218,291,277,262,277,201,207,195,338,165,170,332,258,313
"730",190,245,233,212,224,220,171,247,222,199,203,1782,265,172,211,245,229,237
"731",137,202,203,238,103,237,269,202,230,159,216,172,211,183,160,229,210,226
"732",175,222,240,207,192,250,227,290,256,219,218,894,315,142,187,253,267,248
"733",198,363,242,254,259,249,284,233,256,213,262,295,270,182,180,255,259,226
"734",193,186,205,219,182,233,127,244,247,196,158,186,233,137,187,273,240,223
"735",186,202,246,289,234,269,210,286,248,250,233,243,329,176,195,232,271,264
"736",189,223,235,212,190,231,224,268,230,228,243,187,301,170,181,264,225,233
"737",175,173,215,238,167,236,209,260,241,207,181,150,292,147,188,249,256,267
"738",203,188,189,218,150,224,156,261,226,187,129,175,189,142,163,213,212,234
"739",183,268,227,210,196,257,267,259,247,175,202,155,303,170,183,280,289,287
"740",152,249,226,248,185,280,280,226,243,195,232,272,281,196,174,224,239,253
"741",159,195,203,189,154,219,231,211,234,183,180,145,249,157,168,189,248,256
"742",200,250,242,221,237,224,168,266,219,209,276,297,302,162,194,290,268,239
"743",188,336,234,256,204,232,273,206,240,188,254,273,279,186,199,240,257,222
"744",218,264,223,228,206,247,226,247,252,221,158,171,232,148,179,234,241,290
"745",207,293,232,196,222,251,250,257,255,197,168,1604,284,153,183,228,246,248
"746",202,235,223,245,215,232,191,252,237,197,277,303,262,138,194,273,252,196
"747",248,349,256,247,291,252,277,247,247,229,238,282,310,157,208,256,268,256
"748",181,219,227,259,228,247,207,251,223,229,194,253,297,169,175,198,260,256
"749",202,290,229,172,217,244,189,272,266,176,172,191,270,131,203,312,265,259
"750",220,297,254,246,232,245,247,279,268,206,210,175,313,157,186,321,260,280
"751",214,267,261,266,258,261,220,316,220,248,296,294,334,199,220,265,255,275
"752",236,296,266,242,212,282,262,279,284,226,192,195,329,166,189,341,245,273
"753",198,306,242,194,259,269,188,277,264,200,189,294,285,143,203,250,284,280
"754",198,312,264,244,270,255,243,282,223,202,269,270,363,176,194,286,297,308
"755",212,233,218,200,252,214,180,228,219,191,224,264,268,127,206,177,266,191
"756",200,241,207,226,169,247,229,217,239,186,148,139,227,170,170,241,257,250
"757",218,284,220,167,186,235,168,224,252,156,144,207,228,130,195,258,248,221
"758",196,227,218,204,196,210,238,248,213,729,225,187,255,176,157,221,202,229
"759",227,273,252,269,283,271,165,275,274,229,183,285,300,146,220,310,302,278
"760",193,318,237,243,212,248,290,222,252,192,245,260,271,189,170,259,275,226
"761",192,250,236,225,252,254,167,253,252,210,221,273,304,117,223,212,299,202
"762",210,318,241,209,251,211,193,228,229,189,223,300,243,171,200,244,238,214
"763",219,325,239,216,244,234,195,257,226,205,196,275,287,176,221,281,254,260
"764",176,253,242,270,243,267,263,256,260,237,319,297,272,154,200,238,260,215
"765",177,327,244,241,214,285,275,245,249,196,238,296,281,184,174,273,269,264
"766",210,292,218,185,201,223,153,231,230,169,196,217,267,154,206,319,257,253
"767",190,315,222,186,202,220,238,261,225,186,199,175,273,176,202,268,221,263
"768",176,287,218,247,225,224,253,224,235,228,297,287,254,173,180,179,222,225
"769",186,177,186,219,162,210,149,227,221,175,144,247,186,121,170,230,222,221
"770",189,248,256,239,296,297,240,291,252,244,264,281,365,137,217,240,279,302
"771",206,300,287,253,254,278,282,283,269,213,234,259,379,184,195,305,301,283
"772",256,344,288,257,307,284,271,277,279,273,245,402,373,159,207,280,276,267
"773",240,326,254,236,237,256,209,276,251,194,192,528,289,152,193,265,259,273
"774",174,242,239,239,226,220,227,256,210,223,291,257,322,163,198,225,270,236
"775",188,252,207,236,169,243,239,209,229,187,139,154,233,161,181,264,255,290
"776",218,313,245,287,292,249,280,236,249,259,207,266,269,137,206,238,275,237
"777",217,304,250,226,212,272,272,245,285,213,207,185,329,152,202,311,254,295
"778",204,311,219,200,197,219,233,258,223,190,194,194,270,201,178,272,228,273
"779",176,241,240,236,203,299,184,270,267,201,263,320,300,171,204,293,253,210
"780",217,329,223,224,207,237,208,207,246,188,227,314,210,163,190,255,242,204
"781",183,192,197,172,160,215,165,234,236,170,148,167,227,139,180,208,226,233
"782",224,215,222,209,155,233,181,228,261,180,181,191,301,132,177,269,220,235
"783",233,347,274,283,284,303,289,263,272,227,215,512,332,166,191,272,266,299
"784",200,245,241,212,249,283,171,276,252,209,222,263,320,131,207,251,270,253
"785",209,322,232,215,200,267,210,234,257,184,231,291,254,155,184,268,238,203
"786",226,313,243,196,270,266,182,227,249,1633,189,280,300,144,201,250,288,257
"787",223,311,247,235,264,225,168,255,246,207,258,305,308,179,211,296,261,224
"788",188,278,233,189,168,262,232,240,226,180,220,159,300,175,193,307,257,276
"789",173,202,234,270,209,268,238,236,226,221,201,236,269,148,186,200,272,274
"790",196,201,215,239,120,218,259,227,224,166,183,142,263,174,158,227,227,259
"791",199,236,237,261,207,276,239,281,257,200,210,187,287,174,189,282,233,268
"792",181,181,206,242,176,258,211,251,233,223,157,160,213,148,170,233,225,243
"793",198,302,255,220,245,283,263,238,237,198,196,261,326,162,188,234,299,268
"794",242,336,282,272,296,293,266,304,279,240,225,280,366,188,196,317,286,295
"795",215,295,255,254,241,257,289,261,249,189,226,281,302,173,175,231,289,266
"796",227,279,264,297,247,269,251,238,247,224,233,255,290,172,208,255,313,283
"797",184,249,242,251,239,198,234,268,220,215,306,256,348,183,196,235,262,221
"798",211,231,252,290,275,243,210,274,238,251,244,258,298,149,184,228,285,246
"799",229,288,239,245,264,252,170,256,245,205,161,282,265,147,200,257,257,273
"800",210,281,254,283,279,270,245,255,251,235,224,241,303,165,204,270,311,280
"801",163,228,224,231,152,245,246,232,246,208,209,191,219,193,177,245,196,231
"802",208,318,249,259,260,268,278,258,271,218,256,247,373,167,195,287,287,256
"803",196,234,207,198,184,209,228,263,216,203,198,189,261,180,184,230,213,245
"804",172,308,254,246,231,268,270,226,256,209,287,275,307,172,182,295,275,242
"805",220,191,227,263,248,215,156,256,239,231,221,278,252,142,213,236,264,208
"806",189,272,253,222,264,261,232,286,235,224,224,263,309,146,187,195,252,261
"807",209,273,212,161,199,251,203,227,242,159,147,190,231,133,173,255,252,234
"808",192,256,231,265,229,244,251,243,242,217,267,265,352,166,178,231,275,226
"809",165,207,189,184,111,212,181,210,240,155,176,202,180,160,173,244,206,202
"810",188,211,189,197,127,238,184,232,228,296,195,189,197,151,159,239,196,215
"811",170,319,260,268,238,319,257,260,264,205,258,291,358,189,201,323,284,274
"812",225,245,232,225,240,191,170,257,220,201,273,3315,290,148,202,231,245,203
"813",215,264,225,223,200,264,157,248,253,193,146,209,256,125,185,320,257,249
"814",221,276,268,281,260,281,238,284,279,639,248,282,328,159,197,279,265,276
"815",194,243,219,229,204,182,244,226,185,203,277,258,285,205,186,172,246,232
"816",211,310,256,238,234,229,254,260,227,210,285,260,327,198,208,258,300,253
"817",221,346,271,235,285,231,255,294,247,236,273,290,346,167,214,260,256,244
"818",203,259,231,256,196,239,256,239,236,200,245,253,322,162,171,181,262,218
"819",189,257,235,231,211,262,252,248,249,215,171,163,293,172,186,314,280,285
"820",178,250,232,240,180,248,175,270,251,203,283,303,276,160,186,257,251,193
"821",187,290,236,209,170,255,269,242,249,188,214,202,244,177,174,274,221,276
"822",205,244,249,287,276,284,228,306,251,262,225,261,311,156,232,262,264,288
"823",208,315,249,272,248,271,286,236,250,183,223,250,322,198,177,239,279,257
"824",241,296,234,233,244,225,171,247,241,204,183,276,246,125,199,239,255,253
"825",184,244,237,242,212,274,169,292,249,197,261,299,295,156,202,303,252,227
"826",208,244,248,255,224,259,194,277,268,214,219,293,316,164,208,300,269,243
"827",203,235,232,221,234,220,174,286,212,207,218,283,271,158,203,246,238,235
"828",220,347,261,235,282,243,259,284,223,226,235,285,316,222,208,282,250,289
"829",222,221,221,248,221,280,155,230,224,219,158,273,220,151,178,229,241,253
"830",219,294,241,203,232,250,252,248,262,199,186,181,277,135,186,247,272,269
"831",182,247,231,237,188,263,230,298,255,219,228,179,310,157,196,244,247,253
"832",202,282,235,192,241,216,245,273,219,195,203,176,274,188,191,253,243,246
"833",181,211,214,233,144,245,175,232,241,176,231,215,229,156,177,323,224,219
"834",225,205,219,261,234,262,146,248,235,211,165,270,235,149,196,211,243,257
"835",203,251,247,248,236,263,179,285,243,216,207,298,314,144,194,293,251,241
"836",217,326,249,218,282,286,188,277,266,221,229,275,338,131,204,298,310,291
"837",197,291,229,203,187,218,243,262,233,179,219,152,315,188,177,312,251,262
"838",172,233,220,222,154,241,232,272,258,208,248,219,263,173,186,282,209,238
"839",210,312,237,206,222,258,255,243,246,196,171,181,258,152,186,252,254,281
"840",195,294,261,227,287,290,271,265,252,208,240,246,366,181,208,273,317,285
"841",179,225,222,279,218,208,243,237,214,233,209,235,266,172,193,175,277,240
"842",168,243,228,242,192,246,239,244,229,202,305,270,308,172,187,239,261,194
"843",202,222,247,308,287,265,208,317,246,276,223,270,329,149,216,268,260,265
"844",191,213,249,274,227,247,221,255,234,254,229,250,337,146,186,268,276,278
"845",225,258,243,249,238,226,183,252,246,311,247,278,304,144,202,237,253,194
"846",223,291,228,254,272,233,185,226,231,207,191,277,211,123,195,243,271,236
"847",207,319,257,249,243,270,300,254,259,191,208,255,339,173,173,251,274,300
"848",168,246,240,250,231,282,242,270,239,220,245,263,344,155,193,250,290,272
"849",177,211,188,216,120,221,198,219,235,156,199,201,188,141,155,259,198,203
"850",181,211,241,311,245,263,215,273,251,247,212,252,329,170,174,254,280,299
"851",210,308,234,212,217,286,236,288,266,208,205,183,319,151,207,297,279,264
"852",206,183,191,218,158,224,137,222,217,183,125,177,209,151,175,216,227,241
"853",223,219,200,209,139,211,193,210,245,160,150,180,227,126,178,244,212,240
"854",207,205,203,200,169,224,187,222,230,158,160,190,244,142,175,242,204,231
"855",213,340,291,236,315,313,247,311,281,248,241,1579,356,159,206,294,307,291
"856",179,239,224,231,214,222,250,227,201,211,247,247,294,197,181,198,241,255
"857",205,255,212,198,248,228,186,255,236,199,221,264,242,125,193,169,257,192
"858",203,318,255,243,239,297,188,252,272,202,263,320,289,167,191,360,260,265
"859",227,345,255,237,286,260,261,277,239,214,242,282,300,204,190,262,254,280
"860",209,338,271,249,294,316,257,295,267,250,243,292,354,164,216,294,309,283
"861",187,208,213,243,121,234,281,211,236,164,186,143,286,173,162,228,229,252
"862",230,279,238,217,183,271,200,241,270,175,167,198,274,131,179,333,261,271
"863",199,336,263,269,258,261,246,276,261,226,303,297,306,176,209,294,282,238
"864",187,208,199,164,147,224,164,222,220,173,158,181,235,139,180,215,231,224
"865",217,301,255,232,225,274,271,271,263,205,193,211,308,155,184,315,262,285
"866",144,202,232,234,126,245,233,232,228,163,252,171,272,181,168,289,237,222
"867",159,234,233,228,213,280,246,254,224,212,214,234,309,177,185,192,279,269
"868",224,264,236,240,245,221,246,273,213,237,276,261,276,185,184,186,247,221
"869",222,304,242,284,292,242,247,263,243,254,189,264,274,151,194,230,278,258
"870",175,201,204,242,127,237,259,212,235,163,188,160,256,168,159,239,229,257
"871",227,270,228,246,252,282,182,246,242,213,156,296,239,138,208,248,258,268
"872",185,207,214,242,209,230,222,225,221,221,217,224,287,151,178,166,269,220
"873",205,222,249,288,282,257,207,283,240,281,232,262,281,166,206,232,262,254
"874",171,332,255,254,210,299,271,277,273,208,279,279,323,181,179,318,285,263
"875",179,221,229,200,189,215,220,245,196,197,224,377,250,186,164,233,195,232
"876",225,248,204,213,192,244,174,233,247,178,125,177,207,145,179,275,235,261
"877",186,344,272,250,278,295,279,271,275,233,269,313,325,186,187,332,269,271
"878",245,307,260,216,267,252,186,278,262,202,232,277,309,130,214,262,308,225
"879",212,327,242,215,227,216,285,212,210,206,241,263,294,188,181,224,268,258
"880",214,210,223,278,262,251,152,256,233,227,215,340,271,141,230,244,265,218
"881",185,213,210,230,113,206,251,230,232,165,176,147,278,194,166,238,219,255
"882",187,265,248,254,225,288,197,249,254,210,236,302,263,168,206,286,245,220
"883",182,204,219,203,166,254,245,245,234,180,205,160,348,150,192,243,268,262
"884",192,270,245,248,253,276,249,296,241,232,212,270,336,171,209,184,256,262
"885",244,316,245,228,231,266,210,236,261,192,169,299,272,141,192,287,261,240
"886",194,175,202,238,159,234,146,266,243,200,175,190,236,117,189,282,227,231
"887",195,233,245,280,278,241,199,277,244,263,246,267,295,146,203,231,265,241
"888",154,254,234,242,251,207,230,264,195,217,305,248,338,225,210,228,264,216
"889",194,307,237,227,256,212,262,219,212,190,255,252,303,201,188,225,271,244
"890",183,286,242,215,188,262,270,269,262,186,205,162,316,154,186,278,290,276
"891",170,293,222,203,131,250,271,209,245,150,209,190,240,199,146,298,232,242
"892",205,321,241,247,212,224,285,227,244,183,236,284,272,177,165,239,249,211
"893",244,332,265,258,259,238,205,239,264,209,205,284,319,130,194,293,281,212
"894",182,231,241,237,240,228,232,263,244,225,251,238,348,162,188,197,295,239
"895",230,319,263,273,248,237,289,237,278,208,258,246,365,167,200,295,295,254
"896",224,277,235,188,224,243,171,254,225,175,198,237,266,155,214,326,239,250
"897",192,294,238,178,213,270,262,239,257,202,179,182,278,166,196,248,248,288
"898",187,222,253,294,273,274,204,314,255,272,226,271,306,145,208,278,270,275
"899",217,302,258,252,238,278,269,274,278,200,198,200,311,152,201,326,248,287
"900",184,292,252,226,189,279,265,274,274,189,234,222,274,182,165,328,235,249
"901",193,256,255,255,273,226,207,275,227,250,310,273,337,181,206,210,242,225
"902",171,319,239,248,206,309,268,232,248,345,241,292,294,187,167,266,264,266
"903",164,254,236,267,212,285,252,266,249,236,246,287,278,179,185,234,237,233
"904",189,318,244,225,223,236,257,250,219,202,234,247,304,217,184,245,267,276
"905",237,323,231,203,265,247,196,232,260,203,193,275,270,127,200,214,273,233
"906",177,245,259,274,237,275,230,273,245,231,223,266,348,169,200,257,292,255
"907",188,235,210,239,170,242,246,236,238,194,154,164,237,177,189,253,250,266
"908",220,328,238,210,263,238,190,251,215,192,235,287,286,188,202,277,247,254
"909",210,326,251,213,306,309,216,269,282,204,201,299,358,135,210,284,302,291
"910",193,203,215,232,139,236,267,226,235,181,179,164,295,171,160,220,216,267
"911",208,228,215,206,222,194,195,250,195,189,264,265,250,160,192,197,227,200
"912",200,215,217,202,185,226,257,243,227,204,187,177,270,153,174,198,232,250
"913",234,310,265,248,257,306,210,268,288,203,222,767,342,156,212,313,262,279
"914",192,270,243,238,247,234,241,255,209,240,244,269,304,175,202,218,227,250
"915",178,246,241,222,232,287,161,275,253,217,224,292,324,121,214,247,289,232
"916",197,278,235,181,218,262,180,262,265,172,163,220,289,131,200,309,270,248
"917",180,247,238,234,215,288,190,253,248,220,252,307,292,171,192,290,252,224
"918",168,323,253,240,194,309,282,219,244,197,217,275,278,214,189,265,266,258
"919",185,303,262,237,268,288,246,294,261,218,238,264,354,176,199,280,329,284
"920",172,234,254,256,223,232,210,275,211,213,272,255,350,198,192,260,254,250
"921",187,258,241,257,220,240,255,260,229,223,264,288,254,180,180,194,240,202
"922",208,305,244,268,295,259,253,266,259,257,208,267,279,135,215,226,267,279
"923",171,251,233,239,199,246,222,280,205,207,233,247,295,192,172,215,239,257
"924",185,210,230,276,215,272,218,258,235,222,195,232,285,175,193,212,271,268
"925",234,293,241,213,190,268,203,269,275,178,178,216,275,160,194,316,243,278
"926",207,256,228,229,212,243,259,261,245,203,152,165,224,155,188,250,249,260
"927",231,319,247,225,277,268,198,278,258,209,262,287,310,135,214,256,292,231
"928",199,295,233,178,202,257,175,247,263,171,182,186,265,130,195,303,274,254
"929",194,335,247,210,259,234,284,219,242,200,232,250,335,165,192,200,301,256
"930",221,322,261,276,237,261,265,264,267,198,269,264,347,164,184,290,298,289
"931",196,276,218,186,176,227,254,238,210,179,205,156,268,203,174,263,234,269
"932",182,203,229,259,221,235,234,233,218,234,207,230,252,145,178,167,264,233
"933",204,315,268,248,278,314,256,266,262,223,223,279,378,186,200,281,325,301
"934",212,277,249,289,250,244,238,239,248,224,259,256,343,158,184,271,309,254
"935",163,223,209,221,159,247,263,252,240,185,222,194,217,171,151,246,203,257
"936",196,277,222,209,149,249,283,212,241,164,170,164,272,184,173,255,254,260
"937",218,333,285,252,287,276,258,298,243,257,271,282,349,191,212,297,261,300
"938",209,217,249,296,263,288,217,283,252,269,228,266,322,149,202,253,279,271
"939",217,328,268,289,292,303,232,265,262,274,221,277,334,154,209,290,296,298
"940",191,221,223,254,231,210,205,223,223,223,207,223,259,136,172,179,260,258
"941",209,260,253,269,253,314,278,284,269,245,218,283,329,162,187,255,238,265
"942",205,239,245,226,262,288,170,269,234,224,217,270,317,133,210,233,282,252
"943",242,238,243,271,260,296,225,250,229,253,222,271,296,150,201,203,255,266
"944",220,249,244,253,224,258,173,275,260,212,218,275,337,144,210,278,280,237
"945",190,298,217,218,147,274,176,250,269,163,204,231,240,160,171,348,255,224
"946",213,254,276,283,252,292,239,301,252,273,248,287,343,179,205,286,273,285
"947",166,242,240,233,239,253,244,262,224,228,279,240,370,148,193,205,276,246
"948",183,319,236,224,253,247,263,248,234,194,227,251,312,177,191,191,314,256
"949",249,335,251,229,252,275,216,249,262,183,192,296,279,154,195,266,250,274
"950",194,342,251,250,233,248,275,252,241,216,272,295,299,171,178,250,241,214
"951",200,263,255,248,274,262,228,294,227,263,300,294,338,177,207,259,259,250
"952",187,298,223,201,180,263,290,243,254,185,203,218,244,168,170,275,216,266
"953",181,267,254,243,231,242,224,278,217,222,257,248,353,212,187,244,261,254
"954",191,215,205,178,165,213,167,258,229,167,155,185,234,132,171,214,222,213
"955",206,315,236,231,204,276,201,241,247,183,221,314,241,155,180,283,244,230
"956",193,206,212,216,139,234,272,248,225,174,163,143,276,153,143,218,233,256
"957",187,299,235,230,196,276,251,258,265,224,242,228,279,177,201,331,238,254
"958",218,253,192,206,204,238,167,221,244,191,130,175,207,143,179,273,227,276
"959",146,198,207,191,144,223,224,217,226,175,173,147,250,150,160,192,244,249
"960",220,340,262,203,278,278,221,282,222,229,246,296,311,205,209,271,253,280
"961",181,234,235,249,196,270,159,264,253,206,252,308,287,155,201,292,267,230
"962",187,174,213,252,174,251,214,258,239,208,185,366,269,156,168,251,264,291
"963",223,269,240,260,253,241,270,247,262,235,239,276,314,149,191,192,251,242
"964",211,242,241,261,230,286,182,287,249,211,230,299,319,139,188,281,251,249
"965",196,205,227,285,227,235,226,237,243,232,245,239,311,151,201,223,274,247
"966",155,276,226,233,156,265,255,224,250,170,216,181,272,181,174,310,256,246
"967",212,341,267,228,281,291,261,276,257,240,227,278,322,164,197,237,291,305
"968",203,316,255,239,224,279,194,273,271,193,242,335,293,153,198,330,274,224
"969",253,323,247,232,242,281,215,255,257,205,179,280,287,152,195,273,240,274
"970",196,267,265,237,281,279,237,287,244,235,283,272,348,127,202,196,284,242
"971",193,271,240,261,233,269,233,257,275,244,183,190,269,143,205,296,261,274
"972",202,343,264,225,293,294,263,276,252,245,198,279,300,173,198,224,279,280
"973",219,314,233,237,213,254,290,238,263,195,169,179,270,164,177,265,224,284
"974",224,214,222,224,184,238,260,246,243,196,173,172,266,145,169,242,209,256
"975",217,310,232,226,210,262,204,221,253,178,241,313,250,172,202,268,248,210
"976",199,344,266,263,261,296,272,252,261,226,286,321,313,181,195,291,265,214
"977",180,236,240,223,235,251,239,262,228,204,221,321,302,160,183,177,263,250
"978",218,338,252,244,290,224,245,260,226,233,259,281,302,176,204,236,259,227
"979",197,330,261,257,237,275,287,257,262,210,252,292,351,190,197,291,285,255
"980",211,259,228,228,237,243,157,250,259,197,151,193,245,122,186,313,257,275
"981",210,222,215,232,190,255,253,242,238,1471,191,154,268,177,174,243,217,266
"982",175,223,236,206,207,247,226,263,245,215,217,176,313,146,194,254,259,258
"983",174,233,249,233,230,263,241,272,220,229,280,254,346,199,189,255,261,268
"984",200,319,247,254,216,301,193,263,266,200,252,314,284,163,196,340,276,249
"985",196,304,249,287,265,243,238,243,268,228,242,246,310,144,202,285,306,258
"986",178,262,258,227,308,288,233,308,266,253,271,274,351,147,218,233,275,277
"987",202,252,236,225,237,191,152,247,205,203,257,353,286,164,206,251,262,197
"988",220,230,250,281,263,246,210,299,247,263,258,260,309,138,209,231,276,231
"989",213,323,235,230,232,262,215,247,268,178,196,294,243,155,185,307,251,232
"990",225,317,253,219,303,260,176,270,271,204,232,285,324,111,215,250,310,215
"991",144,206,213,231,126,257,230,259,237,175,232,177,268,186,144,283,246,219
"992",167,257,240,222,220,265,249,263,221,201,216,254,329,167,182,191,274,249
"993",191,216,202,185,165,184,151,236,210,165,178,187,215,178,174,232,211,220
"994",174,216,216,191,187,234,222,278,231,215,185,185,269,153,174,200,229,252
"995",173,273,229,193,203,269,271,239,252,186,190,163,321,163,187,288,286,293
"996",225,323,244,201,259,235,173,223,214,188,208,297,279,190,200,286,238,253
"997",176,298,231,214,181,268,267,236,261,194,197,209,238,201,186,286,223,272
"998",217,337,274,251,268,321,265,284,266,236,286,309,343,190,208,328,290,265
"999",227,330,255,221,267,265,176,282,237,197,242,311,322,146,222,322,274,248
"1000",196,264,254,272,269,229,222,287,233,245,294,285,330,165,208,236,255,223
