"","v Afghanistan","v Bangladesh","v England","v Hong Kong","v India","v Ireland","v Kenya","v Netherlands","v New Zealand","v Pakistan","v South Africa","v Sri Lanka","v U.A.E.","v West Indies","v Zimbabwe"
"1",418,480,308,349,442,385,338,351,401,332,305,254,383,375,383
"2",391,456,268,309,306,253,306,309,301,324,269,245,306,207,342
"3",415,427,212,311,336,348,283,305,397,298,272,214,314,253,299
"4",282,260,222,304,350,339,268,296,337,317,244,212,291,242,248
"5",298,267,278,288,361,352,265,294,375,325,251,242,311,290,281
"6",416,463,292,360,398,388,327,385,396,307,290,239,357,355,354
"7",249,338,281,291,415,279,300,309,293,308,280,192,298,277,347
"8",271,258,239,258,342,320,253,290,344,303,228,215,278,235,262
"9",447,453,303,342,357,331,327,345,364,334,310,267,343,261,333
"10",379,504,279,352,421,327,347,341,364,303,288,243,323,352,403
"11",429,505,325,365,444,381,347,337,389,294,300,202,350,360,372
"12",297,276,298,305,387,285,264,323,287,302,283,232,304,346,305
"13",344,529,259,317,423,299,336,324,334,291,266,186,332,292,363
"14",305,308,311,326,437,355,290,324,334,308,270,247,324,351,329
"15",308,319,249,289,348,355,271,289,373,335,265,246,292,254,278
"16",420,421,290,303,335,335,301,327,357,329,263,239,316,246,332
"17",367,554,296,317,391,322,345,330,338,320,275,182,320,274,384
"18",276,286,306,305,417,325,266,316,341,315,279,221,293,346,306
"19",397,440,254,316,358,317,298,305,351,317,295,222,316,243,280
"20",404,440,279,312,377,300,301,310,284,314,288,197,324,307,307
"21",264,342,292,308,448,276,307,296,300,310,280,194,309,262,347
"22",398,462,294,325,435,379,340,339,338,335,235,179,351,365,362
"23",407,458,247,345,445,386,312,357,398,314,265,235,330,369,356
"24",388,526,241,328,380,352,295,321,325,292,267,153,326,318,318
"25",399,361,303,324,408,339,323,333,309,314,255,230,339,307,343
"26",265,236,214,271,361,313,243,258,360,313,230,214,282,237,261
"27",295,245,278,290,356,278,231,282,307,311,268,253,290,238,252
"28",402,458,230,328,378,284,299,328,267,308,273,238,321,313,302
"29",272,278,307,291,369,266,271,305,251,327,255,216,277,334,294
"30",310,362,307,307,419,345,300,319,341,315,291,236,342,351,339
"31",405,489,333,342,422,410,321,351,343,327,287,214,348,351,347
"32",371,521,312,338,414,341,346,333,355,312,288,188,375,302,382
"33",412,394,295,319,412,296,296,321,317,325,289,256,329,299,345
"34",378,455,285,348,401,358,319,345,352,386,291,222,330,327,329
"35",387,512,261,321,343,340,329,314,389,273,269,222,323,291,357
"36",419,512,261,332,344,381,314,351,412,325,289,225,348,296,337
"37",433,435,281,319,365,344,317,331,353,329,318,271,339,277,315
"38",444,483,363,338,375,315,324,327,303,320,275,234,336,344,350
"39",376,477,284,339,388,317,341,323,371,302,266,245,340,346,397
"40",366,482,267,324,404,304,315,299,317,313,257,182,302,285,353
"41",274,255,257,293,438,311,265,304,324,305,242,227,287,304,307
"42",267,345,288,289,398,345,261,310,287,300,287,143,308,277,309
"43",389,523,281,345,442,362,316,339,332,304,286,184,343,324,349
"44",428,413,301,326,418,316,322,343,351,304,285,270,358,359,363
"45",439,461,289,331,399,330,299,346,317,298,292,252,331,362,346
"46",267,363,279,299,418,301,327,304,290,287,300,208,319,282,344
"47",366,515,300,338,419,368,307,345,341,287,278,188,337,320,346
"48",300,272,264,274,295,296,255,278,291,334,273,245,277,287,268
"49",255,348,291,301,358,298,252,291,290,287,255,180,303,340,269
"50",432,428,251,313,314,314,289,322,341,301,291,231,313,285,297
"51",285,277,315,277,352,282,274,279,253,305,257,253,287,342,281
"52",397,497,255,330,381,345,294,343,317,278,249,184,332,309,339
"53",351,517,233,296,381,299,335,323,324,287,274,178,328,292,339
"54",383,550,274,365,403,317,350,325,339,304,298,177,349,333,396
"55",382,428,275,334,421,325,303,328,301,301,299,262,324,312,340
"56",393,425,263,310,347,367,310,322,380,349,279,250,331,252,297
"57",241,360,262,285,378,284,277,284,266,283,281,171,291,300,326
"58",446,443,309,328,366,351,310,318,379,336,303,249,329,272,323
"59",452,462,318,332,335,346,305,351,354,343,286,239,351,334,334
"60",423,450,268,340,344,336,327,342,386,317,273,224,357,257,362
"61",288,298,258,296,397,324,273,310,294,315,262,202,286,325,323
"62",382,527,281,358,328,340,307,325,358,316,272,230,326,223,354
"63",385,562,319,362,411,334,363,363,363,357,309,237,355,301,415
"64",411,437,231,340,376,358,312,326,428,302,240,222,330,299,306
"65",422,552,331,357,424,350,368,352,390,306,270,223,358,334,394
"66",383,529,294,332,395,318,353,347,322,302,276,176,357,326,371
"67",428,412,280,325,450,329,292,348,327,312,290,241,340,322,353
"68",284,307,232,278,335,327,268,264,339,284,253,214,267,252,275
"69",428,408,266,324,374,326,303,360,372,326,273,273,324,294,312
"70",292,270,325,312,407,289,272,305,301,314,279,232,303,323,307
"71",393,437,237,337,350,375,278,350,379,288,268,232,341,274,293
"72",367,544,328,341,360,312,344,368,347,315,287,172,347,340,364
"73",348,525,237,305,348,291,323,299,278,311,292,175,311,272,343
"74",287,283,239,297,351,333,257,294,365,371,244,226,305,304,283
"75",282,312,277,296,317,349,275,304,357,304,277,237,291,244,276
"76",391,541,326,355,464,333,345,346,353,295,307,223,374,338,406
"77",407,528,283,341,333,345,323,320,377,318,264,228,326,274,349
"78",302,321,279,292,375,355,270,294,377,294,249,204,306,303,272
"79",288,273,248,276,364,334,246,294,342,335,237,223,300,243,273
"80",269,344,238,272,397,313,250,275,274,288,252,163,270,281,289
"81",308,357,308,343,447,351,328,325,369,306,303,207,345,323,329
"82",427,465,344,349,386,361,335,342,310,332,318,257,345,336,356
"83",423,461,305,348,434,401,339,366,364,334,286,221,356,317,369
"84",395,471,303,371,459,398,352,350,395,357,334,266,356,337,362
"85",303,357,305,330,437,346,330,315,357,316,304,224,310,319,331
"86",386,518,303,327,345,348,323,327,398,326,252,233,330,236,345
"87",357,455,272,316,379,355,327,327,330,335,291,218,313,306,327
"88",368,515,214,313,352,330,328,318,370,287,249,198,301,245,347
"89",326,275,294,297,338,323,264,309,337,331,282,272,288,317,292
"90",373,529,313,313,370,327,323,319,381,320,262,215,319,236,360
"91",415,443,270,310,414,316,303,341,316,295,311,261,334,365,349
"92",395,427,304,314,335,342,299,310,332,310,308,267,313,252,306
"93",301,291,309,301,403,310,275,304,301,299,284,282,311,380,292
"94",390,424,246,318,333,362,292,327,393,310,273,242,311,271,314
"95",313,261,274,289,394,288,252,270,322,331,286,225,293,239,273
"96",303,248,256,280,337,299,238,284,324,311,250,192,275,222,252
"97",290,344,285,280,400,300,295,300,299,288,259,208,329,290,350
"98",386,378,261,292,357,315,270,315,254,337,276,242,315,292,315
"99",432,468,346,366,440,343,323,334,353,340,311,264,365,376,354
"100",385,463,292,325,378,299,300,325,275,304,263,196,328,310,321
"101",426,502,280,347,347,375,340,352,397,297,273,204,341,335,339
"102",331,275,303,308,440,300,287,301,316,289,271,239,302,356,335
"103",293,345,314,330,424,361,299,315,344,307,316,231,321,331,338
"104",371,486,289,325,384,261,311,312,239,329,283,235,315,282,361
"105",388,409,300,327,388,280,312,306,289,297,260,247,321,358,312
"106",362,522,228,301,330,314,308,296,360,307,282,191,318,214,333
"107",403,448,271,319,346,311,294,320,277,351,289,211,322,357,336
"108",397,376,241,319,331,310,279,309,345,350,246,256,303,220,284
"109",319,361,334,322,410,375,317,362,353,315,326,257,336,368,363
"110",419,470,311,358,407,319,344,322,326,329,299,257,323,328,359
"111",378,453,278,318,416,331,305,325,311,297,281,187,334,352,309
"112",358,483,267,348,419,323,328,324,356,305,295,215,342,301,362
"113",392,563,346,366,420,350,359,360,372,333,283,220,343,359,403
"114",294,284,285,295,406,307,288,307,317,332,294,265,300,320,315
"115",358,439,213,284,402,331,280,315,313,328,263,166,318,304,321
"116",310,334,280,295,364,362,274,298,372,320,279,225,315,303,307
"117",395,471,258,336,452,384,334,346,397,307,274,225,361,381,354
"118",273,368,294,309,398,289,300,322,308,288,255,238,318,328,344
"119",401,441,279,336,450,313,308,314,303,305,310,226,327,312,340
"120",246,341,237,289,381,310,256,292,302,289,293,193,284,326,295
"121",266,289,233,282,435,309,273,271,311,326,248,217,294,293,282
"122",264,304,217,272,337,335,246,282,342,294,238,186,284,256,250
"123",282,301,300,320,436,324,291,303,359,310,254,252,321,334,311
"124",287,379,296,314,417,295,308,319,326,299,291,237,315,321,355
"125",432,461,320,360,388,340,344,353,324,319,319,263,351,376,392
"126",389,498,242,330,368,319,343,317,385,294,248,213,338,258,345
"127",377,502,240,308,384,338,312,317,376,281,262,197,333,253,368
"128",414,448,266,314,337,395,312,335,424,338,274,233,329,254,319
"129",412,473,328,361,428,377,340,335,373,324,302,274,362,376,353
"130",348,382,273,297,368,288,296,312,261,355,257,212,290,279,312
"131",362,474,303,342,393,365,304,359,330,329,283,233,341,338,346
"132",430,518,266,340,362,399,319,335,400,320,296,259,359,312,334
"133",415,385,258,339,407,319,270,308,324,352,253,250,317,259,298
"134",263,261,295,289,362,273,239,291,243,304,242,240,290,319,284
"135",307,268,266,287,329,306,269,272,308,341,277,275,279,258,266
"136",339,487,253,328,371,308,313,301,310,296,240,218,317,309,355
"137",259,351,277,302,418,317,302,307,317,297,271,229,323,283,343
"138",294,279,264,309,418,295,281,309,301,314,307,278,293,312,302
"139",440,461,299,357,445,342,319,345,369,323,326,268,355,336,348
"140",409,470,323,340,335,318,324,343,298,342,286,234,340,353,328
"141",309,338,276,303,394,345,277,325,367,336,300,216,318,267,289
"142",416,474,343,363,451,387,331,391,391,314,256,259,346,364,354
"143",296,254,264,288,329,293,243,264,334,329,271,245,294,229,265
"144",274,329,242,301,352,298,286,277,344,305,233,191,275,217,289
"145",250,321,253,285,382,304,268,280,271,295,259,185,300,295,276
"146",419,397,262,317,339,339,311,326,339,363,242,246,303,302,313
"147",262,267,275,296,417,326,253,303,309,328,257,227,291,319,301
"148",415,510,285,351,350,374,311,348,391,277,305,234,354,304,323
"149",385,480,292,326,399,276,347,324,316,321,296,255,340,292,371
"150",313,290,315,285,395,295,267,292,253,303,300,210,290,348,303
"151",288,313,246,277,347,348,288,286,381,315,277,219,297,282,266
"152",310,349,292,301,339,354,280,303,387,309,290,251,325,266,279
"153",398,516,308,354,436,373,340,333,405,303,300,223,363,348,367
"154",402,511,268,329,377,362,278,329,318,304,284,195,331,316,311
"155",395,513,285,325,352,338,356,355,360,325,262,243,333,240,366
"156",277,353,289,315,382,332,266,305,298,320,292,197,290,287,315
"157",396,490,273,314,356,371,338,344,409,308,248,224,336,264,294
"158",390,416,248,322,335,335,274,320,337,316,254,236,312,254,282
"159",347,434,244,301,399,340,271,304,281,303,270,187,310,304,319
"160",391,461,288,349,458,367,344,352,366,319,277,234,339,322,345
"161",270,352,281,301,373,305,281,290,336,290,258,222,288,235,313
"162",384,446,249,326,410,345,303,322,346,291,242,155,308,299,338
"163",379,533,288,342,355,363,314,338,341,301,275,207,345,355,343
"164",379,549,293,355,426,352,343,354,344,279,273,200,337,342,383
"165",297,355,334,314,463,347,300,330,348,324,273,233,326,310,308
"166",234,357,325,284,351,276,287,261,249,274,257,167,283,332,315
"167",393,447,297,327,399,323,311,348,328,296,276,265,343,348,361
"168",355,476,250,295,388,287,308,313,276,303,260,177,323,274,337
"169",428,396,264,316,362,324,285,333,343,323,269,253,329,304,318
"170",282,363,287,305,428,298,319,296,312,309,276,205,316,299,355
"171",305,348,325,321,448,376,300,340,371,301,302,232,331,345,325
"172",277,324,284,303,389,343,255,284,296,322,297,201,300,322,310
"173",282,314,259,294,340,369,285,277,369,291,255,225,289,294,269
"174",366,501,274,338,427,314,337,324,341,283,277,207,332,308,377
"175",371,469,274,302,350,272,302,328,254,310,285,236,307,314,348
"176",274,375,280,301,436,304,322,312,313,313,244,183,306,291,340
"177",407,461,292,365,396,302,320,337,333,300,283,268,330,371,343
"178",367,457,246,300,400,343,289,321,299,314,287,167,311,309,317
"179",299,336,299,316,370,383,271,301,361,307,291,245,306,280,299
"180",386,479,313,325,407,363,331,356,359,332,307,220,350,347,360
"181",283,375,305,305,410,307,301,321,321,281,271,203,330,327,350
"182",320,334,299,320,350,376,286,313,361,316,284,255,310,302,296
"183",306,278,269,295,346,278,264,281,309,315,267,236,287,285,272
"184",421,505,278,349,364,407,331,344,394,293,277,225,340,290,321
"185",371,455,291,331,444,308,340,338,354,306,249,229,328,290,366
"186",416,473,314,374,434,355,327,352,349,321,289,268,355,310,363
"187",289,311,236,304,382,335,262,276,364,300,259,196,276,259,266
"188",281,262,258,258,387,271,240,267,238,330,241,181,257,277,273
"189",235,370,290,298,406,288,291,315,294,320,293,207,295,271,326
"190",372,472,287,288,369,259,325,312,254,327,283,248,323,280,340
"191",395,471,316,355,431,373,302,349,352,361,293,205,335,337,361
"192",357,476,267,310,413,314,337,311,336,283,264,234,312,286,363
"193",260,361,272,287,391,318,266,284,284,317,286,202,280,324,285
"194",283,271,275,285,385,282,273,309,295,295,283,261,308,322,280
"195",420,504,282,338,394,417,289,341,399,288,246,234,322,271,315
"196",267,360,294,319,363,322,290,314,320,295,284,223,305,363,305
"197",374,392,262,296,370,294,299,275,278,315,257,240,308,275,317
"198",383,452,303,324,388,270,341,324,274,314,278,246,331,267,370
"199",256,276,277,286,371,324,259,279,291,301,241,245,294,331,293
"200",444,438,277,328,350,334,318,329,368,336,293,261,326,269,309
"201",377,417,231,327,336,353,272,317,387,302,235,217,295,258,308
"202",352,433,244,314,422,347,295,324,297,303,250,204,317,303,308
"203",370,400,283,295,359,309,282,303,286,339,273,232,334,303,316
"204",386,533,269,346,393,300,347,331,331,283,275,211,328,357,389
"205",287,327,292,320,452,356,268,321,348,310,268,200,310,291,311
"206",394,499,310,352,388,355,303,342,330,297,292,224,338,367,347
"207",414,517,296,344,407,364,318,333,344,302,267,190,339,361,330
"208",394,525,300,326,354,339,335,359,387,306,290,225,328,253,350
"209",399,426,227,321,365,348,306,335,402,313,251,212,331,300,313
"210",241,356,275,292,372,273,272,282,264,308,271,176,280,272,315
"211",406,498,283,356,417,372,316,354,357,293,284,231,358,335,349
"212",291,276,260,295,401,343,252,284,372,320,246,220,294,245,279
"213",420,433,269,333,355,348,272,336,370,341,278,284,328,249,294
"214",286,274,291,304,408,275,257,283,268,324,287,244,292,297,284
"215",372,460,274,333,372,300,288,325,258,322,307,222,321,315,320
"216",389,493,238,328,324,321,297,310,349,286,257,196,315,226,333
"217",382,444,247,304,357,285,266,297,242,301,303,224,319,302,299
"218",337,540,296,335,396,314,324,328,290,311,293,202,315,291,362
"219",436,451,289,337,336,326,320,312,314,337,301,256,341,251,324
"220",301,259,281,268,349,283,233,281,311,322,259,217,282,245,255
"221",324,360,337,365,424,355,307,324,360,338,313,220,333,378,349
"222",356,475,258,316,373,255,288,288,249,322,240,241,306,273,329
"223",373,547,291,340,417,323,365,347,354,312,308,221,333,364,402
"224",347,522,243,299,378,304,308,320,286,300,286,160,309,305,344
"225",410,540,309,352,411,348,353,360,374,293,311,272,346,368,402
"226",412,440,277,334,352,384,301,323,389,320,270,224,354,237,326
"227",238,367,262,311,365,288,283,277,264,292,256,189,283,314,330
"228",420,453,301,327,376,338,318,310,330,340,265,237,327,227,312
"229",335,334,270,317,360,369,314,306,379,323,282,255,305,281,300
"230",366,535,252,331,437,317,325,330,362,302,254,184,334,320,374
"231",311,284,298,288,383,278,269,277,238,344,273,228,299,334,298
"232",391,428,218,307,342,353,272,295,363,305,225,203,321,244,282
"233",243,340,265,302,339,300,289,292,340,311,281,219,275,225,303
"234",269,312,242,283,418,317,289,300,339,280,282,220,294,319,294
"235",371,543,275,350,419,322,349,338,351,301,285,237,338,346,383
"236",386,433,250,330,386,373,326,332,425,333,280,230,331,267,318
"237",375,528,324,345,425,333,355,350,346,333,274,206,334,273,407
"238",283,318,247,299,363,374,252,306,366,273,237,213,285,279,292
"239",240,316,257,268,399,309,235,276,265,283,265,151,279,287,288
"240",293,271,264,297,324,342,252,287,345,307,232,221,295,269,278
"241",446,411,270,330,343,319,287,331,344,321,280,258,311,286,327
"242",384,485,298,313,309,285,329,340,312,299,270,238,320,269,344
"243",359,459,288,336,372,346,302,308,340,317,279,220,320,294,341
"244",407,476,331,351,482,412,333,352,388,316,304,235,375,377,382
"245",416,519,310,347,404,375,334,345,336,288,276,184,338,359,343
"246",285,325,279,299,358,353,265,305,370,309,260,200,287,258,288
"247",303,331,295,334,469,351,281,297,363,324,267,217,319,322,326
"248",320,256,246,281,357,277,251,309,308,322,265,234,274,265,286
"249",385,541,292,332,336,347,344,339,400,308,261,239,347,275,360
"250",354,462,280,316,390,281,316,328,280,310,282,239,332,299,366
"251",365,482,294,321,376,268,335,311,244,333,274,205,312,327,357
"252",404,462,292,316,412,379,313,331,313,302,293,200,336,345,351
"253",421,483,304,312,365,383,317,338,400,310,293,240,338,303,330
"254",383,510,311,349,358,341,332,335,352,333,283,235,321,269,338
"255",305,268,300,309,337,282,263,280,311,325,255,226,295,290,285
"256",287,348,287,318,432,340,304,301,350,264,269,228,307,355,317
"257",415,452,378,335,306,362,297,320,367,335,280,307,363,295,321
"258",285,290,286,297,388,281,258,280,237,304,254,224,293,331,297
"259",379,505,281,339,428,318,320,328,331,278,262,190,329,306,375
"260",416,441,261,329,375,308,301,332,354,306,283,223,331,291,298
"261",369,535,232,292,372,302,301,335,298,289,252,156,323,279,341
"262",363,525,253,328,414,321,327,329,326,286,283,192,329,271,357
"263",356,480,271,336,442,321,327,346,329,334,247,233,347,293,384
"264",396,484,267,333,332,387,303,340,376,301,299,193,327,271,308
"265",393,461,267,330,364,316,288,336,289,325,284,203,315,304,329
"266",386,454,273,355,414,362,316,339,349,301,299,260,350,347,349
"267",386,539,294,363,427,379,340,386,361,299,285,231,388,381,356
"268",229,346,250,275,373,266,280,274,276,291,233,185,281,264,315
"269",393,445,273,338,362,369,315,353,361,341,281,240,332,257,310
"270",257,260,232,270,364,322,252,267,356,315,264,234,286,220,268
"271",320,262,283,292,351,287,260,283,320,349,257,252,285,247,274
"272",264,300,290,295,437,331,281,317,338,324,274,232,291,343,304
"273",283,298,293,291,364,292,269,296,240,306,260,224,292,345,295
"274",393,540,300,322,412,370,323,329,340,321,278,186,354,317,348
"275",397,459,263,338,427,371,325,361,376,295,242,235,346,383,354
"276",286,327,285,294,406,339,288,320,324,269,255,204,309,347,306
"277",411,471,275,324,368,292,303,309,319,289,267,188,329,357,337
"278",360,490,246,318,353,312,328,325,302,279,271,204,319,334,389
"279",405,513,282,364,441,377,333,362,372,305,302,200,361,342,354
"280",347,522,256,304,335,283,296,306,269,269,239,193,295,284,354
"281",404,422,297,340,413,361,302,353,335,322,318,276,346,315,334
"282",294,337,290,310,405,376,294,317,339,288,292,210,306,367,341
"283",402,369,238,295,341,301,262,304,344,330,259,261,278,236,268
"284",377,399,261,322,380,305,276,311,253,336,313,207,293,312,342
"285",358,433,223,312,375,330,268,300,282,293,258,202,288,303,315
"286",383,462,280,321,413,354,299,332,340,328,297,228,339,311,343
"287",391,475,311,331,394,347,334,331,337,322,259,202,334,323,358
"288",419,529,287,326,350,334,358,344,374,293,256,215,352,287,382
"289",279,278,315,304,347,273,265,282,247,317,302,230,305,333,294
"290",276,340,265,300,393,311,250,292,301,288,269,199,293,343,292
"291",400,421,302,323,380,318,310,326,288,301,287,246,320,332,324
"292",403,448,277,316,435,291,295,319,291,294,295,205,339,314,348
"293",431,457,315,361,395,315,321,354,326,301,281,266,339,324,355
"294",230,272,249,266,383,310,245,278,267,313,249,188,295,295,276
"295",409,442,235,317,323,309,308,343,362,301,256,226,306,267,280
"296",434,439,279,328,335,346,307,354,351,321,280,274,315,300,319
"297",234,266,248,272,397,287,235,291,268,302,264,191,271,278,281
"298",394,459,325,335,474,364,325,340,381,326,281,211,333,321,360
"299",361,476,301,327,411,298,331,354,324,321,261,218,324,288,351
"300",269,341,252,295,396,300,239,299,285,307,265,189,281,321,290
"301",417,454,297,314,329,276,301,320,329,290,257,275,302,250,338
"302",287,358,270,300,398,346,316,315,300,297,275,177,297,362,315
"303",313,266,292,293,328,297,270,286,308,320,255,271,273,272,274
"304",254,324,249,299,351,298,265,283,342,300,247,221,286,208,284
"305",299,265,280,284,338,277,241,290,313,320,267,245,267,256,270
"306",305,339,340,323,443,357,295,341,325,295,288,208,325,321,328
"307",445,370,257,336,337,306,299,298,342,340,249,253,310,308,294
"308",274,336,234,271,378,305,248,282,282,293,254,140,279,291,294
"309",470,460,336,372,422,338,341,399,343,312,314,262,365,357,357
"310",295,293,274,305,417,282,274,321,285,310,288,256,289,315,314
"311",424,500,254,321,342,377,322,344,394,303,297,223,344,299,323
"312",409,491,335,364,412,374,350,328,330,334,292,248,339,370,343
"313",421,504,284,333,346,387,345,346,405,290,263,214,333,323,342
"314",367,470,286,307,391,244,337,325,255,322,291,195,306,287,350
"315",397,446,266,339,434,323,300,331,298,302,275,200,334,309,346
"316",414,475,264,332,416,348,315,321,334,310,255,194,340,340,332
"317",400,415,287,316,392,301,285,317,266,306,258,237,312,331,327
"318",410,538,275,345,378,319,323,337,373,330,274,223,341,244,369
"319",451,445,315,356,359,357,331,358,375,313,302,271,349,300,327
"320",389,468,249,315,382,347,284,311,333,288,299,197,332,357,318
"321",423,423,310,355,418,324,311,330,333,332,294,264,327,366,316
"322",430,450,281,338,331,329,293,322,345,289,263,238,325,318,273
"323",392,490,320,332,411,280,343,333,291,321,288,257,355,338,385
"324",413,506,259,344,381,342,318,339,327,310,306,200,335,322,332
"325",418,407,297,319,438,318,320,345,343,319,305,270,338,353,340
"326",440,486,331,382,434,380,363,360,403,324,292,246,365,372,379
"327",260,323,296,291,384,322,277,304,270,322,309,185,310,309,306
"328",266,290,287,297,414,317,278,297,305,335,278,191,293,354,296
"329",389,428,239,322,395,362,293,310,370,283,255,201,292,260,296
"330",388,539,291,347,409,365,326,347,325,310,298,170,347,356,340
"331",394,441,274,343,445,315,293,321,330,290,268,225,321,321,332
"332",393,477,279,340,416,284,335,330,288,320,303,251,301,289,378
"333",425,469,343,348,437,338,317,346,325,359,331,275,319,329,373
"334",288,322,279,300,326,340,284,284,361,318,277,225,289,247,269
"335",380,396,256,313,382,283,274,304,263,321,295,197,318,289,313
"336",380,516,290,367,461,380,323,347,406,303,317,234,363,320,351
"337",378,532,294,342,368,379,315,341,346,305,298,188,336,341,337
"338",400,439,238,332,340,373,298,337,389,271,267,235,323,302,306
"339",411,523,294,347,389,369,303,325,323,291,295,175,329,347,337
"340",300,260,275,279,320,263,231,276,282,333,241,213,277,247,252
"341",406,455,247,358,458,366,332,355,349,287,284,229,348,389,350
"342",360,538,251,340,402,316,334,342,347,261,290,217,343,320,375
"343",378,461,263,335,432,350,305,331,351,291,286,220,317,327,323
"344",378,507,233,304,342,315,315,308,344,291,264,182,308,222,324
"345",276,358,282,303,420,277,323,294,308,313,289,218,282,279,337
"346",395,450,251,299,311,271,316,304,320,305,237,226,284,220,331
"347",271,342,273,295,404,351,278,290,291,288,272,178,302,340,308
"348",343,485,270,321,421,309,319,325,335,295,291,241,356,272,368
"349",255,283,251,288,369,287,273,294,297,325,236,187,276,280,279
"350",415,388,233,324,371,348,291,319,324,344,257,246,316,266,325
"351",347,541,323,326,351,320,327,319,300,297,288,205,344,321,373
"352",299,332,276,332,419,324,294,318,362,298,294,209,306,334,313
"353",427,533,322,370,433,416,361,375,388,313,283,242,372,379,384
"354",425,373,234,313,342,306,274,308,341,353,288,277,314,266,297
"355",420,433,283,333,366,308,291,348,361,337,271,208,326,239,311
"356",287,267,287,300,336,267,271,295,235,307,283,210,293,324,301
"357",375,431,221,312,333,351,315,323,381,296,249,198,308,286,296
"358",255,363,261,295,415,271,289,302,308,308,241,189,316,264,342
"359",413,361,256,317,377,305,280,296,348,340,251,255,302,244,297
"360",292,278,292,285,348,270,248,276,245,303,283,207,279,310,294
"361",255,261,233,277,414,306,239,281,295,315,235,165,286,296,285
"362",270,283,269,300,375,317,274,285,302,307,249,208,289,346,300
"363",221,353,252,276,371,262,273,281,252,295,278,183,281,262,328
"364",321,321,278,325,367,364,300,312,384,324,271,210,305,269,305
"365",385,467,299,334,394,376,327,345,351,295,232,200,334,383,351
"366",374,485,252,311,388,255,320,321,263,321,267,230,305,280,367
"367",256,357,292,296,402,297,283,299,310,304,263,227,289,292,342
"368",282,269,229,287,354,338,274,275,353,293,215,230,282,231,257
"369",269,283,263,288,365,317,299,296,288,326,273,208,296,330,317
"370",245,282,270,280,392,312,271,289,295,328,243,222,283,296,286
"371",400,539,342,372,446,350,370,341,370,309,279,219,356,352,402
"372",407,515,273,335,375,358,330,326,311,304,309,169,317,304,341
"373",392,464,276,317,335,299,290,305,270,284,265,220,317,350,331
"374",290,274,267,298,405,280,274,291,281,342,263,222,293,306,303
"375",423,446,271,324,319,322,307,329,339,297,269,224,308,316,299
"376",405,394,261,300,395,309,291,295,261,335,243,216,308,277,309
"377",376,525,277,338,406,313,358,334,346,313,248,201,336,317,365
"378",431,441,338,344,316,347,330,335,358,333,285,288,325,293,349
"379",332,542,248,303,381,295,325,333,299,291,264,169,304,296,350
"380",414,443,287,358,356,389,312,345,420,322,275,250,325,297,309
"381",277,276,272,269,348,256,255,275,224,305,299,217,285,323,279
"382",362,552,285,330,370,316,332,354,298,362,274,214,339,283,365
"383",410,388,300,316,346,336,326,329,331,319,281,272,342,303,309
"384",387,469,289,341,411,267,312,324,302,310,281,217,296,275,382
"385",367,457,252,317,407,298,332,322,349,294,259,243,329,284,366
"386",360,544,347,344,407,331,338,352,365,327,290,264,362,305,381
"387",271,348,266,295,412,338,261,313,301,282,285,196,281,352,307
"388",281,272,233,296,339,323,259,287,368,318,257,193,289,251,275
"389",372,444,266,331,401,299,301,308,298,316,298,270,324,306,331
"390",361,454,224,310,406,346,278,320,304,298,279,187,319,327,310
"391",314,258,286,286,338,289,275,297,320,297,262,265,286,298,289
"392",411,449,275,324,371,297,306,325,279,289,270,182,312,348,340
"393",401,501,264,330,378,334,291,317,303,303,272,176,314,302,334
"394",379,507,303,330,342,328,315,307,385,297,296,224,314,242,340
"395",288,262,255,267,370,277,245,267,241,317,235,209,268,279,263
"396",265,331,263,286,366,314,261,269,289,286,259,167,281,369,296
"397",373,464,246,312,366,320,314,288,371,314,241,203,327,233,340
"398",372,448,249,299,392,289,310,297,270,293,276,194,312,316,304
"399",259,279,253,296,429,320,289,290,312,320,273,226,306,308,310
"400",375,387,287,309,364,294,282,315,283,338,288,244,293,310,313
"401",417,427,263,325,318,321,293,324,366,317,283,259,329,306,302
"402",411,458,309,338,400,319,300,336,296,337,291,224,313,299,336
"403",397,450,299,327,399,319,268,350,282,324,289,188,337,304,321
"404",279,318,305,295,400,354,285,280,367,321,261,234,301,259,274
"405",446,474,336,319,396,337,320,337,352,349,334,242,330,333,351
"406",413,424,280,332,394,327,320,345,308,321,274,283,348,334,333
"407",353,450,233,307,383,335,291,329,303,317,271,212,326,301,321
"408",398,421,278,322,383,317,297,312,279,308,311,204,331,344,323
"409",423,471,313,376,437,339,334,364,309,332,311,276,345,346,354
"410",399,527,310,333,370,371,302,337,343,325,267,193,336,365,345
"411",319,283,293,298,423,290,282,303,285,338,297,225,299,349,312
"412",391,400,287,312,368,326,298,306,295,328,279,217,315,351,311
"413",368,472,285,351,394,300,346,334,348,292,256,234,340,325,388
"414",258,265,283,264,381,258,254,277,226,274,276,186,286,290,270
"415",417,378,279,307,361,331,294,331,336,323,264,229,315,250,306
"416",339,533,257,319,395,306,328,328,301,285,279,183,318,293,376
"417",286,271,233,287,367,335,255,283,362,311,255,236,281,285,262
"418",437,460,332,358,438,351,356,346,332,324,336,275,365,339,368
"419",420,432,270,331,354,314,290,326,347,316,271,215,314,283,304
"420",271,364,298,306,367,298,297,286,263,284,279,179,292,307,330
"421",336,532,228,306,374,283,299,312,276,286,239,146,317,282,345
"422",279,307,299,269,364,256,256,287,242,325,281,196,285,328,285
"423",294,267,293,307,422,339,287,302,332,314,287,243,310,308,298
"424",375,503,269,365,406,333,321,327,325,295,290,206,353,293,358
"425",338,544,239,326,383,310,309,295,278,291,271,157,317,305,360
"426",289,316,230,283,339,324,264,281,343,290,268,221,293,271,303
"427",393,501,276,343,422,339,340,344,340,331,267,233,340,341,403
"428",416,421,247,308,328,315,286,317,346,341,257,219,290,255,271
"429",341,467,296,319,379,303,320,285,304,315,240,184,321,311,348
"430",294,326,309,306,332,340,268,311,375,323,271,250,305,296,295
"431",421,461,278,305,326,302,314,309,342,313,279,242,317,272,340
"432",411,462,292,318,359,330,299,323,256,301,262,209,345,344,330
"433",305,368,340,319,422,333,297,310,296,316,303,198,306,361,322
"434",286,343,294,323,411,357,290,342,336,273,280,239,325,352,316
"435",270,280,251,293,362,333,277,288,356,315,240,238,294,297,278
"436",405,527,276,347,395,334,337,336,383,344,269,197,327,234,369
"437",261,340,306,278,408,272,278,278,265,288,272,191,303,311,322
"438",398,473,248,341,437,348,307,369,375,313,287,228,374,357,332
"439",397,498,338,363,427,298,341,344,305,298,299,233,359,337,373
"440",303,365,341,341,415,359,323,318,354,303,272,222,343,342,334
"441",403,489,286,315,391,362,307,343,346,317,297,253,352,349,339
"442",398,442,256,309,394,308,290,313,258,293,304,196,328,344,327
"443",406,536,305,359,484,407,372,356,390,272,336,200,378,347,373
"444",406,492,297,353,410,373,328,363,385,321,282,261,359,373,358
"445",404,451,263,302,354,297,302,316,281,298,272,246,316,347,319
"446",362,455,227,335,353,316,325,306,369,316,284,213,329,250,351
"447",305,314,283,296,349,334,278,300,356,340,281,191,310,250,274
"448",268,348,294,297,377,283,288,295,274,277,231,177,283,327,332
"449",391,465,277,337,323,278,319,318,326,296,261,252,331,271,350
"450",306,357,304,332,432,360,305,345,342,297,278,271,338,367,318
"451",351,447,258,316,361,312,315,310,378,312,228,191,296,230,328
"452",235,346,261,279,383,257,266,263,274,297,258,183,280,246,305
"453",386,540,304,353,371,331,347,356,339,326,310,213,357,324,406
"454",395,557,299,342,405,356,358,374,354,297,283,202,384,329,395
"455",424,375,267,321,321,312,292,308,342,329,269,247,328,276,328
"456",372,443,238,309,381,284,289,295,246,316,249,181,313,298,307
"457",345,359,332,336,444,379,311,355,373,310,275,207,335,367,341
"458",405,439,262,336,418,329,293,329,306,310,301,225,344,329,372
"459",284,313,295,290,333,350,253,285,372,334,278,221,309,253,286
"460",251,293,269,288,396,333,252,287,274,291,251,215,305,341,291
"461",240,347,262,277,378,281,285,283,266,308,260,150,273,271,314
"462",365,557,328,345,414,348,343,341,373,346,296,233,365,292,389
"463",392,523,292,360,434,357,306,340,343,280,279,176,347,319,343
"464",351,527,224,317,348,298,322,327,256,285,259,172,303,269,343
"465",317,266,310,310,463,303,279,316,275,343,316,224,315,316,319
"466",381,525,313,340,383,360,339,343,342,329,276,168,345,350,327
"467",395,523,298,328,359,345,334,342,398,322,278,234,335,281,359
"468",313,327,293,307,364,360,275,300,372,316,278,245,286,289,290
"469",287,307,276,305,467,342,280,318,333,301,250,216,327,345,314
"470",396,454,312,343,410,352,330,354,385,326,293,246,372,330,363
"471",357,547,256,318,390,306,315,316,310,295,242,183,317,341,360
"472",345,547,322,350,373,323,338,350,324,318,275,210,350,336,383
"473",292,265,264,287,422,274,279,276,275,317,259,249,289,315,294
"474",368,448,272,298,411,333,287,324,314,289,275,168,322,311,302
"475",417,540,294,367,452,391,329,365,386,302,287,213,360,373,363
"476",351,531,276,326,387,303,325,312,284,301,263,176,312,286,362
"477",425,382,273,314,332,324,288,316,355,319,253,271,322,302,293
"478",389,480,304,329,416,285,350,331,317,321,301,272,369,323,352
"479",391,466,242,324,327,324,322,309,366,309,276,207,301,295,346
"480",372,464,234,307,311,337,297,292,378,300,262,225,303,222,326
"481",439,464,318,352,444,333,340,352,329,318,291,246,347,328,351
"482",406,387,260,324,350,308,293,310,327,326,295,286,322,248,290
"483",400,432,254,325,341,331,293,322,352,294,296,252,323,295,301
"484",289,380,294,315,422,300,309,325,331,293,264,210,310,336,355
"485",415,460,292,364,371,359,310,328,404,363,269,229,340,245,324
"486",389,561,306,361,396,337,339,341,339,256,288,221,372,357,389
"487",404,432,259,324,349,365,304,301,394,339,264,264,318,245,309
"488",413,408,302,330,425,323,306,319,317,312,287,265,321,325,328
"489",418,545,295,345,345,350,339,349,392,345,280,223,353,284,373
"490",316,279,312,296,406,291,281,291,267,303,306,226,323,374,306
"491",273,334,334,272,389,318,276,309,277,317,276,192,307,305,294
"492",386,447,307,362,442,365,315,353,358,275,297,211,348,353,359
"493",346,474,241,297,366,275,305,320,285,287,237,191,303,258,321
"494",269,345,268,293,407,325,253,278,290,295,246,183,289,337,304
"495",420,523,349,368,449,376,343,366,386,281,296,242,383,421,366
"496",391,388,296,317,354,300,293,312,264,302,288,223,312,343,326
"497",381,452,278,316,395,370,304,341,306,342,233,197,329,294,326
"498",408,476,320,313,417,306,325,327,315,324,286,196,342,311,348
"499",336,535,265,320,332,294,310,294,281,274,275,183,329,312,350
"500",430,468,372,352,342,344,316,345,373,356,289,256,346,297,314
"501",246,272,270,279,391,318,249,284,286,330,249,221,282,305,282
"502",403,440,293,316,336,313,294,318,350,289,254,259,313,316,292
"503",313,347,274,305,325,341,273,311,356,315,271,224,306,256,302
"504",395,462,236,329,337,354,316,326,385,329,246,205,327,311,326
"505",413,478,257,349,317,299,318,330,328,300,252,258,325,283,357
"506",295,353,308,305,418,321,305,288,297,295,271,207,308,316,303
"507",282,356,339,332,425,381,293,324,355,298,286,211,331,362,333
"508",411,436,308,325,403,302,296,326,304,293,304,201,320,310,330
"509",394,523,295,362,354,356,350,355,405,320,269,231,356,241,387
"510",305,344,295,304,363,366,296,322,376,309,295,236,298,294,316
"511",390,443,242,300,354,307,290,311,229,291,314,185,334,322,318
"512",377,486,281,322,374,254,301,341,278,318,275,208,307,273,371
"513",261,324,255,277,367,309,253,281,273,298,232,156,272,294,280
"514",387,461,230,336,405,359,311,352,319,306,278,212,331,353,330
"515",345,468,226,306,384,303,306,312,300,317,238,171,331,257,349
"516",365,456,261,286,357,289,273,306,275,312,298,207,300,314,299
"517",434,445,262,351,398,326,304,334,331,288,271,296,334,377,321
"518",394,518,296,348,425,390,326,352,384,299,276,230,360,333,346
"519",397,457,294,348,429,357,312,343,376,326,280,241,346,305,351
"520",373,473,267,302,330,341,324,302,382,291,246,242,319,259,344
"521",319,247,285,291,326,296,251,312,312,286,263,250,286,284,260
"522",278,380,321,313,414,317,308,320,314,292,295,233,321,344,351
"523",397,472,286,322,349,278,323,312,314,325,266,236,308,265,349
"524",412,478,328,351,435,372,331,365,378,340,316,257,352,359,354
"525",446,455,338,344,317,341,321,327,349,328,285,293,320,305,329
"526",387,465,246,323,432,376,327,329,379,301,283,206,333,321,349
"527",426,458,320,382,420,337,318,353,318,326,328,290,358,340,351
"528",412,385,268,312,351,311,273,330,360,301,251,259,326,324,306
"529",399,452,276,324,373,324,307,326,290,303,257,207,323,349,334
"530",395,466,279,357,333,380,290,338,393,332,249,241,339,289,327
"531",344,524,282,296,343,303,301,318,285,299,302,173,315,301,357
"532",404,516,319,350,424,383,343,373,373,333,329,248,363,327,385
"533",365,459,292,306,393,264,315,324,298,331,287,265,331,283,344
"534",238,319,245,293,403,317,268,300,295,304,269,200,283,309,283
"535",382,448,291,324,394,342,314,327,319,341,273,213,332,304,335
"536",309,320,282,294,373,373,282,293,391,320,275,236,296,244,281
"537",419,461,283,324,337,281,322,318,338,296,261,270,338,247,353
"538",371,468,265,303,381,234,308,298,245,320,277,211,298,258,326
"539",364,470,307,305,368,278,325,318,306,296,281,271,348,290,364
"540",303,368,282,337,413,302,311,320,315,302,280,212,315,330,366
"541",257,384,312,334,416,307,329,307,328,309,294,249,320,342,356
"542",266,367,285,285,393,317,279,291,318,289,247,152,286,343,299
"543",354,473,283,297,372,256,287,298,234,316,263,230,281,257,342
"544",398,444,270,325,352,367,289,326,423,314,296,248,321,321,310
"545",304,344,261,307,420,325,289,300,337,284,300,222,326,317,321
"546",424,478,307,334,387,331,317,330,305,329,263,200,349,353,359
"547",401,528,289,325,390,378,320,341,332,318,287,209,344,365,370
"548",273,272,263,294,400,313,273,276,301,299,262,197,298,330,311
"549",404,501,290,360,436,357,309,346,385,317,283,183,335,357,353
"550",259,349,309,295,401,318,304,329,324,291,280,238,318,313,357
"551",393,506,266,332,360,368,321,310,416,295,290,224,335,271,319
"552",428,435,262,317,388,334,296,319,349,331,262,194,328,278,298
"553",375,457,239,322,345,325,314,338,371,313,238,244,303,264,334
"554",302,277,291,299,476,290,274,305,291,323,254,194,310,305,295
"555",409,396,301,325,372,302,304,321,268,320,290,226,313,340,326
"556",312,316,301,311,377,368,311,320,369,325,279,219,302,268,301
"557",367,557,300,355,432,324,360,369,325,328,312,196,355,287,396
"558",419,516,319,349,380,282,353,327,326,315,301,242,371,329,380
"559",372,556,327,338,384,325,335,324,311,331,280,194,338,316,376
"560",296,321,241,295,359,341,271,306,371,272,253,201,290,292,279
"561",385,426,226,316,361,361,286,330,398,310,262,204,335,260,313
"562",405,478,294,362,400,283,330,357,331,322,286,234,347,332,396
"563",398,462,322,336,390,357,308,355,338,362,279,237,343,344,346
"564",393,523,268,345,420,340,358,349,368,300,299,226,349,339,383
"565",420,471,279,344,375,384,323,349,397,356,270,245,325,300,325
"566",390,454,275,319,315,269,323,342,325,318,251,272,321,284,330
"567",364,545,276,315,371,299,336,318,306,284,280,162,332,317,361
"568",360,443,227,312,380,335,311,316,349,312,255,195,320,310,326
"569",343,436,225,309,382,325,274,313,308,325,269,174,312,306,320
"570",293,349,322,330,400,355,309,326,366,315,280,244,331,356,337
"571",400,393,320,335,421,328,313,338,325,319,299,264,355,362,355
"572",401,478,316,337,407,305,322,336,334,328,263,250,335,339,401
"573",441,440,309,370,412,329,310,341,355,329,310,252,338,376,361
"574",398,512,271,335,352,377,319,337,394,336,281,209,353,305,337
"575",340,491,247,299,391,300,321,329,295,309,243,213,327,280,398
"576",427,433,326,363,339,330,290,332,366,332,283,263,358,264,309
"577",256,367,281,317,394,292,315,312,302,276,257,200,307,317,348
"578",433,447,295,321,322,339,326,345,364,331,271,267,343,290,314
"579",401,461,276,335,405,359,311,355,376,278,284,213,353,345,362
"580",454,458,277,336,346,354,301,343,380,322,293,271,337,300,338
"581",394,390,253,338,421,303,295,334,345,339,273,263,323,311,316
"582",368,444,250,317,404,349,310,330,358,304,246,200,319,341,331
"583",262,371,286,290,413,291,321,324,331,302,276,237,297,332,328
"584",324,275,295,296,407,284,279,303,292,292,285,251,294,366,315
"585",340,478,240,299,373,297,311,327,291,329,254,182,304,266,352
"586",385,448,279,310,355,288,307,322,257,294,279,214,320,351,332
"587",409,532,313,362,393,392,324,356,353,302,310,207,347,378,378
"588",363,516,276,326,427,357,318,330,320,309,301,224,333,337,345
"589",276,332,273,291,402,321,270,293,303,309,276,170,288,301,290
"590",419,459,318,354,451,390,335,363,378,329,292,217,354,375,372
"591",405,440,289,327,351,363,304,334,416,314,247,232,321,238,322
"592",366,508,240,313,341,322,297,305,346,309,269,174,335,233,336
"593",421,384,284,320,355,312,299,348,358,310,255,243,312,285,308
"594",398,442,258,312,322,277,306,297,300,313,268,210,294,198,336
"595",367,491,304,348,417,312,345,342,330,318,262,217,331,354,379
"596",374,497,252,331,391,307,329,334,297,312,259,235,341,316,371
"597",397,524,291,334,341,335,343,332,377,327,274,231,331,226,350
"598",424,487,298,359,419,345,333,348,337,329,351,237,336,355,364
"599",399,463,280,347,396,321,318,329,330,305,283,255,335,391,346
"600",350,476,262,296,390,291,315,294,298,305,290,194,300,272,357
"601",394,464,277,321,320,279,304,313,332,340,301,265,318,246,323
"602",266,323,260,278,381,303,276,270,265,290,266,157,285,300,288
"603",434,485,356,366,418,359,372,366,338,318,290,261,376,366,374
"604",416,443,278,347,368,385,309,343,413,381,282,236,323,248,339
"605",395,511,276,354,383,382,298,329,336,323,294,219,325,332,319
"606",291,303,248,298,331,337,263,300,351,271,257,229,291,302,280
"607",311,329,297,316,349,347,291,313,359,344,261,245,303,303,289
"608",366,506,262,322,346,329,330,318,362,310,273,236,314,240,336
"609",304,315,284,284,384,342,268,322,403,294,281,219,305,299,301
"610",414,494,276,356,411,325,355,359,343,318,310,251,353,366,359
"611",418,471,306,338,357,336,323,355,316,342,313,249,322,363,346
"612",398,415,253,303,326,322,279,315,326,284,281,239,310,259,288
"613",386,458,246,319,358,308,322,317,279,291,285,206,318,314,318
"614",240,354,255,277,340,270,277,275,260,292,232,200,284,284,317
"615",378,462,257,307,356,260,313,316,282,296,275,245,326,311,338
"616",411,494,295,352,398,283,341,346,317,311,297,264,324,340,384
"617",386,439,279,337,345,308,356,346,287,325,259,239,334,292,311
"618",418,410,313,343,458,337,306,352,329,341,263,285,344,355,330
"619",387,463,277,325,367,338,319,343,364,311,271,230,328,269,355
"620",413,447,284,322,373,372,304,342,406,337,291,266,340,290,337
"621",298,339,304,324,419,371,294,321,368,315,267,225,312,324,326
"622",316,280,253,314,354,354,279,300,389,312,265,228,299,315,289
"623",420,488,263,336,369,398,309,345,428,333,283,252,360,321,317
"624",375,509,293,337,413,386,327,347,338,323,298,174,341,330,351
"625",419,443,302,324,348,323,285,330,370,337,286,248,336,260,311
"626",365,484,301,320,378,251,307,299,243,304,289,197,321,294,342
"627",394,435,289,326,447,329,295,337,335,301,286,243,340,319,334
"628",375,530,286,338,415,315,335,329,351,303,299,214,329,302,383
"629",263,347,313,314,394,293,336,305,316,298,285,209,313,321,349
"630",356,510,240,316,339,314,320,318,379,307,268,197,312,227,326
"631",415,483,288,358,425,284,329,346,314,318,304,276,335,286,370
"632",315,282,311,309,440,280,274,294,298,323,307,235,321,321,299
"633",406,437,238,304,332,304,287,310,320,317,270,237,311,274,289
"634",294,360,307,331,360,339,295,316,298,311,295,197,313,335,318
"635",356,450,260,322,376,346,305,320,312,301,272,218,304,309,320
"636",400,469,251,330,384,323,286,328,284,298,270,192,321,320,313
"637",364,514,277,329,391,360,314,349,318,300,283,191,313,308,322
"638",300,326,283,310,357,348,280,304,361,317,269,205,322,256,278
"639",406,505,247,340,375,363,320,321,410,335,279,208,315,258,303
"640",369,460,240,298,345,227,286,295,230,330,273,180,290,259,342
"641",297,319,280,302,335,344,278,314,364,329,281,225,283,263,307
"642",352,482,282,344,450,322,331,360,361,329,278,243,349,299,384
"643",414,448,270,328,304,338,287,323,336,332,265,278,305,253,308
"644",360,483,257,317,377,313,345,336,310,316,229,169,320,265,357
"645",371,472,291,338,392,343,316,330,335,323,260,256,317,356,344
"646",374,475,273,319,382,260,297,303,281,328,293,218,321,279,365
"647",402,462,306,334,356,307,298,311,265,316,291,224,344,293,336
"648",441,483,319,362,460,331,336,357,370,337,289,273,355,379,375
"649",357,521,269,329,410,311,337,339,339,318,293,216,337,301,396
"650",363,481,263,310,415,289,320,326,303,332,285,183,326,265,347
"651",371,539,264,330,371,306,340,335,275,300,272,184,318,321,366
"652",350,451,233,329,399,357,315,319,316,318,235,186,313,349,325
"653",423,429,286,336,415,330,310,344,326,300,295,218,350,361,353
"654",411,424,229,296,352,297,271,289,332,289,254,216,307,255,285
"655",388,543,331,332,396,315,348,338,308,316,264,184,324,287,389
"656",399,546,310,386,419,337,347,373,351,289,304,240,349,344,389
"657",271,333,245,288,334,355,263,274,374,296,253,238,290,313,274
"658",271,337,285,287,413,340,280,292,275,301,264,169,311,303,303
"659",396,505,257,343,364,320,339,316,374,286,246,216,349,288,368
"660",408,456,306,326,399,304,287,327,283,338,302,191,338,308,326
"661",380,451,269,331,410,365,322,347,364,275,289,219,349,359,343
"662",268,365,276,325,406,292,291,307,293,318,276,222,317,287,355
"663",385,523,292,337,432,331,333,335,353,284,259,204,334,319,378
"664",400,425,224,314,394,366,303,324,381,313,259,209,334,265,292
"665",260,272,277,313,415,339,254,309,326,325,279,233,296,286,303
"666",374,478,250,317,375,330,316,330,359,315,263,232,274,227,341
"667",391,488,273,312,370,254,291,323,236,298,270,214,322,278,351
"668",285,315,227,301,350,335,257,283,352,286,257,204,286,244,279
"669",255,379,284,317,427,290,322,299,321,338,304,199,315,275,357
"670",375,482,253,321,408,363,319,349,350,313,289,184,343,371,334
"671",292,299,332,286,380,285,278,280,253,298,274,229,311,343,314
"672",273,265,222,279,352,306,245,272,362,304,247,225,275,242,260
"673",267,341,269,310,310,301,305,295,337,290,269,219,291,239,320
"674",379,531,285,327,382,314,358,344,315,282,281,214,345,350,382
"675",297,351,301,317,389,327,260,310,308,311,274,195,316,346,314
"676",367,507,265,351,433,337,297,321,317,304,254,156,326,314,358
"677",398,517,321,337,416,364,332,343,321,300,288,195,324,373,360
"678",260,267,265,273,351,269,244,268,229,317,269,229,275,299,269
"679",423,381,224,301,316,320,276,294,304,349,272,271,292,239,282
"680",378,507,271,340,442,360,322,329,364,303,296,262,347,321,358
"681",424,436,283,325,378,358,301,317,413,329,233,230,305,250,324
"682",299,322,285,305,344,336,288,307,342,322,290,231,299,255,294
"683",378,529,270,336,337,327,333,333,376,289,242,219,341,298,358
"684",226,338,257,279,380,255,275,271,264,278,238,159,273,255,321
"685",382,460,304,342,412,304,337,312,253,338,281,188,327,307,333
"686",257,342,263,274,327,289,283,282,337,311,270,221,286,223,310
"687",317,354,338,329,442,376,319,333,373,306,314,225,356,352,346
"688",395,520,299,348,322,332,318,330,381,311,276,210,343,270,358
"689",320,289,301,304,416,288,294,308,317,298,269,212,306,312,325
"690",273,311,239,272,310,303,255,270,340,290,272,212,261,250,258
"691",391,471,259,360,438,369,323,339,386,310,286,219,345,330,327
"692",268,267,211,279,366,334,250,282,350,312,275,208,281,243,255
"693",313,331,324,313,349,374,287,323,368,328,268,247,318,296,317
"694",326,341,333,338,462,360,302,332,365,347,296,205,343,331,344
"695",362,456,274,295,357,243,303,297,258,322,274,194,303,288,342
"696",254,349,294,325,397,308,296,321,318,278,251,208,308,340,363
"697",434,527,314,373,429,408,339,374,380,324,304,236,377,367,384
"698",284,328,256,287,418,312,268,267,276,282,247,152,281,281,277
"699",356,542,275,322,374,300,332,336,303,294,270,143,346,305,366
"700",358,487,290,312,360,304,308,301,300,318,275,209,303,318,366
"701",396,453,235,329,390,347,303,324,319,287,271,200,326,380,335
"702",397,564,335,387,452,334,374,371,350,265,287,209,347,322,425
"703",280,260,267,281,323,325,256,286,350,311,246,240,289,263,274
"704",274,347,282,297,329,303,295,284,331,300,251,229,294,269,309
"705",398,500,297,327,408,343,299,328,321,308,262,167,332,322,341
"706",415,463,259,348,378,369,289,332,401,325,262,243,361,263,334
"707",407,439,277,312,378,286,291,321,286,310,275,231,326,311,319
"708",418,456,282,330,291,272,294,311,316,310,274,217,298,250,327
"709",281,330,257,299,398,344,276,308,333,301,288,211,297,336,307
"710",285,266,293,308,379,282,266,298,272,312,307,253,289,298,296
"711",357,524,292,302,352,313,313,328,309,311,256,194,336,293,364
"712",315,340,347,343,427,361,317,318,352,322,301,247,329,347,323
"713",302,275,263,276,345,289,268,274,332,320,273,226,268,250,280
"714",402,433,207,321,384,376,326,322,388,308,234,219,329,327,302
"715",388,432,256,312,369,308,299,308,237,307,300,206,320,321,331
"716",406,463,282,347,478,367,305,312,350,308,255,229,350,338,362
"717",422,508,278,373,372,391,330,319,420,345,268,219,339,330,351
"718",358,460,272,324,379,325,279,322,337,328,261,208,336,303,345
"719",369,523,258,334,433,300,312,326,300,316,264,159,319,280,369
"720",293,272,283,313,373,290,270,283,281,284,297,246,312,304,286
"721",417,425,290,328,364,320,308,298,329,346,300,270,325,242,318
"722",315,337,287,302,310,335,267,313,401,301,275,220,304,306,294
"723",406,492,295,346,409,290,334,347,309,310,286,250,336,287,386
"724",370,452,247,320,405,338,304,320,291,303,240,223,348,298,325
"725",387,484,309,341,432,322,360,352,344,324,285,262,373,338,405
"726",298,284,268,303,432,318,290,321,341,298,302,239,306,312,316
"727",287,324,259,284,365,320,259,295,348,292,280,197,280,280,286
"728",381,523,272,327,381,324,335,305,362,301,269,199,315,234,347
"729",311,343,266,320,365,356,292,306,379,323,274,237,304,254,289
"730",316,292,307,320,418,322,288,306,294,345,299,253,311,376,318
"731",243,338,227,260,313,276,283,274,312,312,247,202,268,217,290
"732",368,448,238,325,381,360,328,314,339,306,252,192,339,362,331
"733",269,270,269,297,456,327,268,296,331,309,258,206,305,303,302
"734",413,449,271,360,379,388,334,338,403,328,282,218,319,283,322
"735",410,438,261,334,318,311,303,335,363,291,267,262,296,326,307
"736",416,450,285,340,376,374,279,335,384,355,254,222,327,300,331
"737",390,473,267,318,404,355,331,333,318,314,241,183,328,367,325
"738",296,324,253,293,324,346,295,286,379,293,258,242,285,290,272
"739",396,460,321,329,391,330,322,355,273,337,304,231,335,316,350
"740",415,418,303,340,406,319,328,326,313,290,276,283,327,341,337
"741",399,407,285,327,432,299,278,309,277,343,290,236,304,306,310
"742",413,460,300,321,355,306,287,339,274,306,285,228,335,370,343
"743",286,334,245,280,393,306,255,280,287,277,267,156,290,307,305
"744",398,549,311,360,427,344,331,366,371,321,287,199,369,306,408
"745",375,477,287,321,424,283,329,316,290,332,254,204,338,276,372
"746",427,523,307,380,431,389,338,367,394,330,274,219,365,366,374
"747",286,363,256,315,422,328,273,308,346,279,282,201,309,362,308
"748",260,358,275,279,360,265,299,283,267,302,265,208,297,309,326
"749",254,365,275,281,378,307,297,275,277,285,253,179,290,302,340
"750",283,260,262,289,339,314,269,280,347,319,257,226,270,263,287
"751",377,555,312,364,418,356,372,361,354,326,302,220,343,308,391
"752",433,521,263,339,393,389,300,341,414,302,289,233,344,286,324
"753",376,470,283,319,400,275,342,331,292,311,264,247,315,274,356
"754",304,352,290,324,373,358,283,317,368,310,290,209,299,301,288
"755",284,341,288,285,397,332,290,294,296,319,303,213,299,302,300
"756",392,492,275,351,432,327,340,356,346,336,266,212,343,299,398
"757",283,282,279,281,385,273,252,263,250,328,251,209,271,305,300
"758",379,515,313,349,382,383,329,348,330,319,305,192,341,399,362
"759",369,525,284,333,417,314,323,341,326,282,289,184,347,301,382
"760",404,397,289,344,451,317,332,340,366,345,307,246,360,344,346
"761",246,357,270,293,345,274,291,278,261,312,279,194,293,274,316
"762",260,270,258,286,325,261,241,272,217,316,275,205,278,283,260
"763",414,529,316,359,463,382,323,358,417,310,285,214,360,396,395
"764",452,388,276,311,348,327,284,323,349,336,279,255,321,284,309
"765",312,326,296,300,336,388,270,295,365,298,248,250,322,262,305
"766",260,319,232,288,351,332,279,302,370,283,278,218,287,262,279
"767",356,482,288,342,430,316,337,322,356,295,277,206,341,288,379
"768",274,271,227,296,318,311,266,286,339,312,232,243,273,235,281
"769",381,496,301,334,446,330,338,350,364,302,264,216,343,322,406
"770",279,272,273,280,352,277,279,277,252,311,271,242,310,321,292
"771",387,536,295,338,346,339,327,332,381,290,271,222,326,241,349
"772",299,303,297,315,474,333,282,310,332,308,283,224,315,362,339
"773",413,498,254,310,369,379,312,339,392,303,271,199,329,241,318
"774",341,472,256,310,374,301,321,322,304,288,273,268,313,321,353
"775",350,540,247,324,373,311,312,318,297,278,267,171,340,334,376
"776",417,397,288,307,419,294,312,320,300,308,305,252,345,311,340
"777",347,545,231,312,371,297,318,321,296,313,275,166,326,291,344
"778",366,473,240,307,353,237,328,308,261,328,267,180,305,269,334
"779",415,400,291,333,444,330,312,330,315,323,245,242,355,312,345
"780",275,335,293,301,346,308,283,294,327,296,278,200,274,249,304
"781",232,353,290,285,363,285,289,301,265,309,273,198,290,278,318
"782",384,466,264,325,407,321,332,327,324,317,283,225,340,303,365
"783",394,505,238,327,349,322,309,310,369,281,248,191,313,253,330
"784",247,364,241,275,354,249,277,254,264,313,250,137,274,245,305
"785",386,483,278,310,365,277,322,309,244,330,291,193,292,274,356
"786",291,343,277,315,448,340,267,306,337,297,286,188,318,302,307
"787",340,268,271,298,355,305,284,270,301,340,258,235,291,280,277
"788",267,346,255,296,414,323,266,305,308,268,282,174,297,324,306
"789",407,363,234,301,347,303,272,314,322,328,244,266,310,227,297
"790",380,487,295,362,403,352,345,351,362,305,273,220,353,339,387
"791",395,457,270,332,345,307,299,311,241,342,301,213,316,330,306
"792",371,474,293,306,375,309,327,327,287,316,271,224,333,336,373
"793",403,429,241,307,323,326,291,308,331,304,308,235,292,256,306
"794",407,523,291,347,467,368,316,333,378,291,278,188,353,321,366
"795",248,347,250,294,373,323,288,280,317,275,263,192,295,349,288
"796",407,456,283,353,407,313,314,340,334,299,308,244,340,362,349
"797",424,441,308,363,413,387,303,341,405,344,256,261,331,323,332
"798",372,417,224,303,360,345,303,323,407,321,282,225,310,260,298
"799",379,453,272,298,312,264,303,315,302,297,265,246,300,236,328
"800",292,265,298,275,365,271,272,294,228,304,285,228,283,321,303
"801",398,521,284,345,335,339,324,329,374,305,306,218,362,208,369
"802",381,441,269,343,386,376,304,318,441,304,256,239,337,269,302
"803",288,304,290,339,427,345,300,315,359,307,284,251,310,353,331
"804",375,544,290,321,387,332,348,338,326,351,293,180,341,282,360
"805",299,280,289,286,431,272,273,266,245,337,260,199,292,288,282
"806",367,484,296,330,354,259,317,327,249,320,275,180,297,334,351
"807",236,293,266,277,395,298,230,293,276,302,252,188,296,286,270
"808",388,446,256,308,350,300,277,299,246,307,285,193,319,311,317
"809",251,283,266,297,378,310,270,281,314,298,242,185,281,328,294
"810",249,324,264,295,402,337,272,277,295,278,253,195,283,355,291
"811",262,349,312,304,397,326,284,301,285,314,276,189,298,320,302
"812",407,441,254,329,362,376,315,333,417,346,269,250,323,268,328
"813",308,273,296,284,439,302,274,294,277,300,266,215,297,307,312
"814",445,462,306,337,438,335,326,347,347,319,309,267,359,372,366
"815",343,473,240,307,343,280,288,304,285,306,257,192,318,265,332
"816",345,459,291,346,408,353,293,302,333,330,233,235,321,306,325
"817",287,342,317,318,460,345,280,318,352,282,267,203,320,290,327
"818",349,514,223,315,378,299,294,308,302,292,247,179,335,296,360
"819",367,470,251,299,335,330,316,326,376,300,238,207,295,268,316
"820",369,536,309,324,380,327,324,329,305,314,291,197,328,278,397
"821",251,281,291,292,376,299,275,283,291,307,254,225,289,331,286
"822",292,304,273,294,367,332,302,299,365,332,264,231,299,265,303
"823",358,506,299,331,343,338,321,332,371,303,276,250,298,214,338
"824",396,482,304,343,436,275,333,346,314,311,281,238,332,300,377
"825",369,485,278,322,359,265,318,306,241,331,280,233,324,290,363
"826",289,324,281,304,351,348,267,301,360,316,276,230,315,253,278
"827",414,450,327,349,436,329,322,331,369,356,297,255,358,333,353
"828",301,290,299,296,412,287,283,319,311,300,276,262,312,347,294
"829",277,304,263,297,426,343,267,288,336,289,278,199,286,302,291
"830",282,275,287,295,455,311,268,292,330,294,244,230,293,311,309
"831",419,442,331,342,399,343,317,358,341,330,292,288,333,318,340
"832",334,268,280,308,327,298,255,295,319,316,272,259,306,298,270
"833",368,493,218,314,338,328,334,324,347,273,259,191,324,232,342
"834",409,522,300,340,451,365,319,351,384,296,287,218,351,326,349
"835",413,529,256,335,366,374,336,330,417,297,296,224,327,320,330
"836",382,507,305,328,332,349,334,330,358,329,276,213,332,271,359
"837",399,451,279,332,405,307,325,338,355,289,280,235,353,361,354
"838",360,501,237,322,324,313,310,309,331,313,257,199,297,225,328
"839",385,510,272,351,434,335,336,325,345,278,294,210,343,291,356
"840",397,424,241,307,367,356,299,314,366,303,273,208,298,288,301
"841",425,529,297,363,435,404,338,378,369,294,317,238,352,336,355
"842",395,432,244,330,361,351,295,303,403,341,252,236,326,285,307
"843",347,476,261,337,432,315,322,320,336,319,275,241,327,304,366
"844",356,441,256,317,388,337,304,304,334,299,236,190,309,311,310
"845",362,483,277,311,391,304,316,319,288,297,252,257,325,278,363
"846",309,291,309,316,439,295,280,322,288,319,308,278,296,348,310
"847",393,445,300,313,378,363,310,301,402,321,235,241,324,254,327
"848",400,443,218,323,383,354,289,312,392,318,252,218,313,289,305
"849",316,346,308,326,417,373,285,303,395,347,278,209,319,266,311
"850",360,467,316,351,477,327,342,354,355,296,278,225,364,336,384
"851",421,482,309,365,428,353,310,350,317,322,336,249,374,368,365
"852",403,536,327,377,402,330,344,356,334,302,276,223,368,325,393
"853",386,440,225,299,341,315,312,306,366,310,224,210,313,207,330
"854",380,457,311,344,399,359,302,337,353,309,250,207,329,345,355
"855",322,341,319,312,417,340,297,332,343,297,279,190,327,300,311
"856",362,531,268,319,330,332,329,349,349,309,288,217,304,244,330
"857",360,455,309,348,412,353,319,327,345,343,263,199,340,299,330
"858",380,517,277,341,419,372,314,342,361,329,290,172,332,338,328
"859",415,525,322,377,430,381,342,341,381,298,282,267,365,387,366
"860",300,324,229,296,356,347,273,293,363,284,245,209,307,314,281
"861",414,537,285,337,355,352,340,338,383,319,277,257,332,269,383
"862",427,449,272,328,334,337,309,310,316,299,280,241,307,313,313
"863",241,327,281,289,401,312,265,280,290,288,236,154,281,311,283
"864",382,548,367,371,411,338,377,383,351,328,307,291,383,361,422
"865",358,546,251,317,362,314,309,326,298,288,249,159,317,315,344
"866",274,384,325,326,440,299,326,324,322,308,305,213,317,320,367
"867",414,382,260,308,304,309,281,313,346,308,266,298,332,299,309
"868",402,514,303,352,484,386,321,363,392,320,304,211,356,336,364
"869",380,498,259,314,335,339,317,323,380,288,245,219,329,292,342
"870",419,476,323,346,418,329,320,360,344,315,307,275,350,347,376
"871",409,508,248,348,346,378,321,358,397,311,295,225,330,298,316
"872",370,468,277,293,371,252,300,323,251,337,259,211,310,286,337
"873",258,334,264,306,378,320,261,276,271,321,262,201,283,307,306
"874",308,329,286,328,433,348,304,322,343,336,296,237,327,307,346
"875",364,546,288,322,380,332,333,339,317,312,279,172,337,292,370
"876",406,521,314,400,431,383,332,358,383,328,292,241,377,384,359
"877",412,444,316,333,473,389,331,367,375,290,263,228,365,314,369
"878",368,456,241,320,403,331,292,316,324,295,273,212,321,313,330
"879",279,339,264,305,394,313,300,317,326,291,270,227,312,312,307
"880",374,483,271,318,340,309,302,311,347,289,262,194,323,209,327
"881",406,437,212,313,372,364,310,320,364,342,258,243,317,245,310
"882",396,466,327,326,399,322,301,331,302,351,325,226,324,318,332
"883",408,457,258,332,422,364,295,324,359,300,276,218,322,334,318
"884",386,402,280,304,358,286,261,300,240,325,281,234,314,282,297
"885",379,383,251,307,373,277,281,308,282,340,273,204,278,281,291
"886",403,469,265,308,302,282,295,320,332,328,292,248,316,227,339
"887",263,293,275,315,440,340,284,297,335,323,276,225,329,321,302
"888",297,323,253,283,348,348,271,292,357,296,234,201,291,299,281
"889",403,428,286,317,366,371,288,318,395,307,226,240,312,242,315
"890",352,454,272,288,352,234,299,314,252,311,274,222,282,263,338
"891",432,525,299,359,379,403,344,363,411,312,321,223,347,352,361
"892",386,437,252,317,403,325,278,322,297,315,292,164,322,312,321
"893",387,467,282,348,424,354,323,333,335,363,305,253,330,322,315
"894",403,555,293,346,385,373,320,367,341,330,300,193,342,382,341
"895",389,466,284,326,375,283,334,318,295,288,270,234,314,285,359
"896",275,338,254,279,335,302,282,282,328,298,245,216,277,232,296
"897",400,450,285,302,350,284,321,303,321,323,245,251,328,238,325
"898",327,485,239,309,384,310,301,315,287,288,264,202,304,280,326
"899",418,398,262,312,309,340,313,313,349,320,299,271,311,300,297
"900",273,289,295,291,392,263,255,289,257,313,300,238,292,295,271
"901",287,354,326,307,375,352,303,309,298,322,273,221,311,335,312
"902",408,371,247,298,352,296,278,333,323,316,261,246,316,255,296
"903",281,266,273,286,431,272,280,290,288,301,267,238,282,310,295
"904",292,347,308,311,419,310,273,307,307,303,270,181,305,344,327
"905",362,527,271,340,418,305,338,339,318,282,291,205,342,317,384
"906",433,473,355,369,402,319,318,373,374,342,303,259,366,313,362
"907",239,375,296,288,382,288,291,295,258,295,276,204,286,268,320
"908",240,337,303,273,388,267,291,289,245,304,266,190,275,258,326
"909",355,483,260,357,459,310,327,306,331,313,260,237,323,291,372
"910",383,464,269,351,449,364,312,340,357,307,280,226,345,353,334
"911",411,471,317,345,342,400,304,327,404,304,296,279,350,306,322
"912",281,271,291,285,390,260,266,287,278,315,255,252,306,313,304
"913",370,379,267,291,345,302,271,319,260,343,265,240,315,289,310
"914",286,290,298,297,418,258,267,283,246,329,271,188,290,306,281
"915",354,391,261,298,359,310,288,291,278,321,239,253,316,290,305
"916",277,290,266,304,442,341,271,305,335,315,271,225,306,311,307
"917",282,279,251,289,357,342,273,288,351,322,254,241,283,263,258
"918",272,286,276,295,385,307,278,281,312,322,276,187,283,339,299
"919",400,489,321,355,427,287,345,345,296,302,303,264,373,334,402
"920",397,492,276,330,382,375,297,340,376,301,273,194,334,246,311
"921",249,287,261,289,406,311,242,292,285,323,242,200,301,296,282
"922",252,356,273,273,371,285,298,272,249,317,256,180,289,278,316
"923",421,520,283,346,393,383,313,335,423,315,280,237,341,281,314
"924",360,539,285,315,366,318,326,348,278,304,268,194,332,283,345
"925",420,432,299,338,359,352,307,316,347,334,321,302,350,255,306
"926",390,480,245,353,353,375,310,343,407,295,263,239,347,324,308
"927",301,241,244,283,333,273,246,263,318,306,264,237,286,244,275
"928",359,464,287,333,409,342,299,311,333,325,258,215,337,313,337
"929",356,449,254,297,326,308,317,285,361,282,212,202,312,208,338
"930",371,569,311,346,389,322,354,351,334,320,280,200,347,307,388
"931",404,536,328,343,432,372,332,356,395,301,284,252,352,373,381
"932",408,451,306,339,357,364,316,350,391,311,251,273,336,284,331
"933",426,465,329,354,401,342,317,362,343,322,329,259,362,322,351
"934",256,334,270,275,379,245,289,270,265,301,261,170,290,275,319
"935",415,486,287,349,405,333,316,335,348,307,318,256,362,389,365
"936",249,338,244,285,341,285,273,276,322,313,264,218,274,223,305
"937",252,340,251,290,385,308,256,295,303,293,256,209,285,303,306
"938",259,276,285,287,376,309,252,279,272,324,253,176,281,296,278
"939",392,454,279,301,369,291,300,310,279,291,294,220,291,355,335
"940",386,461,305,322,371,325,309,337,284,316,299,216,345,326,323
"941",414,393,288,313,422,305,297,336,331,299,252,236,340,294,329
"942",284,289,298,279,366,271,279,290,255,302,291,204,282,342,293
"943",401,428,274,324,366,370,293,340,421,350,258,248,330,256,314
"944",303,356,308,326,449,366,289,324,344,333,305,231,320,322,319
"945",402,452,280,343,386,368,295,336,413,300,234,224,328,299,311
"946",421,493,316,362,388,298,343,331,320,299,315,240,344,315,399
"947",416,484,332,327,370,328,317,353,321,314,295,260,348,357,361
"948",349,481,288,318,357,300,324,305,304,332,246,213,292,319,350
"949",389,510,296,347,385,348,314,327,346,289,280,188,324,348,320
"950",399,475,346,339,397,366,349,344,359,342,290,214,348,373,356
"951",413,472,324,367,483,386,310,369,385,311,276,217,376,312,389
"952",361,476,277,340,421,321,323,328,353,312,245,229,331,309,369
"953",318,259,284,285,371,309,257,276,314,322,264,240,301,233,289
"954",371,487,311,323,343,262,316,328,261,313,281,248,302,311,347
"955",412,457,260,320,336,312,317,336,357,343,296,254,341,261,314
"956",382,455,283,315,411,355,292,328,337,340,273,177,317,288,333
"957",365,489,237,317,369,323,323,314,380,301,267,191,317,243,334
"958",282,337,245,294,340,371,282,303,362,295,286,211,302,298,286
"959",281,309,256,280,378,318,270,303,286,320,262,204,294,345,295
"960",371,545,266,350,442,321,340,345,354,301,285,182,342,302,382
"961",379,468,277,338,404,353,306,339,311,328,277,187,352,309,347
"962",395,558,311,358,414,340,366,381,366,334,304,249,357,344,406
"963",396,474,279,337,391,360,315,331,341,322,294,226,327,349,338
"964",301,358,309,328,438,353,311,346,349,337,290,245,336,332,345
"965",371,464,244,303,344,298,309,309,343,339,267,207,322,223,334
"966",270,281,279,297,369,282,271,290,211,315,295,234,266,311,294
"967",287,342,305,334,413,376,276,323,348,305,288,242,316,310,318
"968",419,371,263,318,328,319,286,333,320,345,268,242,307,234,310
"969",243,345,286,316,387,288,300,293,303,292,280,212,301,321,359
"970",375,465,269,323,408,370,288,318,312,334,273,212,353,305,326
"971",288,259,271,295,342,339,269,295,366,302,236,236,281,317,276
"972",287,289,255,302,398,322,266,286,276,300,283,203,296,341,299
"973",385,493,265,330,319,332,319,316,349,275,256,177,320,288,349
"974",386,512,250,322,360,338,320,315,384,282,271,220,313,266,340
"975",315,363,283,320,466,341,297,318,343,294,297,217,333,368,320
"976",393,443,243,318,439,356,277,320,328,299,269,166,317,322,328
"977",387,459,232,325,374,324,329,330,374,311,216,215,343,254,337
"978",378,396,285,324,376,295,285,305,289,322,279,248,303,312,321
"979",351,476,255,310,420,310,327,344,315,338,238,185,296,260,352
"980",335,486,249,314,358,305,329,310,288,330,249,186,318,267,367
"981",274,341,310,284,407,322,273,317,307,298,269,190,293,292,295
"982",437,416,266,322,348,336,290,323,363,302,286,225,329,317,334
"983",266,380,283,284,440,305,303,289,325,294,261,209,305,296,326
"984",291,290,300,294,387,274,270,274,262,337,290,197,298,333,307
"985",409,484,312,344,394,284,337,342,299,313,281,234,330,340,386
"986",378,468,309,343,369,356,324,337,341,323,254,265,338,368,329
"987",396,441,272,314,384,295,299,324,291,306,277,251,319,352,331
"988",291,281,269,305,363,373,270,295,344,316,246,242,294,287,288
"989",311,271,262,267,329,276,231,275,295,318,266,252,275,227,249
"990",402,511,300,361,427,391,337,357,387,315,288,215,359,317,363
"991",362,548,288,345,401,314,341,337,338,285,259,229,343,285,361
"992",294,328,265,274,337,328,292,277,336,261,274,179,283,293,270
"993",426,508,281,361,366,400,322,347,408,309,314,222,358,309,337
"994",289,275,306,309,408,281,250,296,299,308,265,216,301,306,306
"995",380,449,277,352,418,356,293,338,387,286,276,242,331,322,358
"996",393,400,254,319,444,300,296,315,277,345,242,211,315,306,306
"997",448,462,343,365,429,340,346,363,362,337,315,252,341,324,379
"998",398,472,286,303,339,282,296,304,342,342,251,263,319,225,327
"999",288,251,270,292,326,324,267,294,301,302,262,260,293,300,285
"1000",292,367,293,293,395,346,292,307,300,296,296,204,309,334,309
