"","v Afghanistan","v Australia","v Bermuda","v Canada","v England","v Hong Kong","v India","v Ireland","v Kenya","v Netherlands","v New Zealand","v Pakistan","v Scotland","v South Africa","v Sri Lanka","v U.A.E.","v West Indies","v Zimbabwe"
"1",310,332,282,363,293,340,327,493,369,190,242,286,492,300,227,289,383,386
"2",297,319,286,371,285,342,285,455,376,227,284,319,489,309,256,272,369,378
"3",299,344,303,391,288,341,356,519,305,198,272,287,474,317,248,267,391,433
"4",258,242,273,377,225,316,329,504,284,219,267,278,456,287,219,279,396,460
"5",266,236,275,405,274,320,320,497,310,249,283,309,451,303,228,288,386,466
"6",293,336,291,348,238,309,345,432,354,192,236,222,495,268,230,206,384,364
"7",297,320,279,354,273,289,328,407,347,201,260,239,509,226,237,244,357,387
"8",237,264,274,364,212,314,298,425,383,218,269,241,513,210,217,243,358,406
"9",281,322,278,388,251,316,283,447,361,203,295,309,483,295,236,249,381,371
"10",259,332,284,336,244,311,312,379,392,183,295,273,500,252,227,260,349,393
"11",296,307,285,366,256,319,363,439,365,192,259,226,534,254,236,245,378,378
"12",281,346,284,359,236,320,342,387,387,182,288,306,519,267,252,244,347,389
"13",291,337,300,402,296,311,347,502,302,211,260,277,454,311,221,289,377,432
"14",287,342,290,382,249,326,332,470,354,227,306,314,465,332,238,267,380,458
"15",306,312,296,376,269,327,346,504,388,212,248,300,481,298,236,264,389,388
"16",268,235,268,375,249,300,308,509,344,217,254,295,493,284,220,257,387,383
"17",286,335,278,371,304,323,307,514,376,210,236,300,464,320,229,260,392,357
"18",260,240,286,357,233,304,331,431,342,206,265,279,496,233,208,260,352,385
"19",261,215,306,368,269,314,299,499,368,224,269,294,491,282,216,255,353,398
"20",280,349,310,396,237,343,334,472,336,212,314,343,468,300,270,276,383,452
"21",285,335,290,361,267,337,322,454,390,208,284,315,513,332,263,278,372,382
"22",288,323,277,360,279,316,350,450,360,217,246,241,507,253,212,262,369,343
"23",265,232,295,368,267,313,299,498,380,234,253,302,478,275,209,266,362,385
"24",263,349,282,345,238,300,332,372,357,292,267,278,500,257,210,264,340,402
"25",282,339,305,396,267,330,320,459,290,226,291,341,438,302,259,258,364,466
"26",257,231,272,369,277,318,352,518,287,252,264,264,442,270,212,266,358,454
"27",290,354,256,366,262,312,363,438,364,178,232,230,520,238,226,240,357,382
"28",262,257,265,353,236,298,316,456,356,218,274,248,526,233,205,223,358,446
"29",285,349,295,410,251,332,344,450,302,233,293,307,471,305,261,285,400,457
"30",252,218,261,354,248,341,317,500,359,219,260,306,479,274,242,261,381,427
"31",248,245,285,390,252,327,326,486,300,229,293,313,463,286,208,321,375,462
"32",285,330,284,362,267,323,317,445,369,227,280,305,481,290,273,254,366,372
"33",276,343,290,355,238,314,324,393,371,182,284,294,486,263,237,262,327,410
"34",258,227,324,344,222,298,318,449,356,209,232,246,501,239,205,267,351,421
"35",302,350,306,387,263,315,335,446,330,208,298,307,455,320,242,272,372,433
"36",262,352,275,361,258,311,330,367,370,190,289,265,516,272,238,244,327,408
"37",268,358,287,351,238,302,323,377,369,182,290,286,519,272,248,219,347,393
"38",269,219,276,357,257,309,298,523,391,232,250,313,476,290,229,275,371,402
"39",291,331,310,357,271,347,291,451,361,204,287,381,486,280,274,261,369,388
"40",250,250,276,357,243,311,310,440,345,225,249,273,487,243,195,257,357,387
"41",276,351,280,348,266,324,364,399,357,212,242,250,482,238,219,246,374,400
"42",288,329,255,881,265,307,332,446,374,191,244,214,499,243,213,243,360,389
"43",258,244,281,346,263,323,318,444,362,231,269,262,519,233,220,268,362,423
"44",300,335,301,372,251,320,297,462,370,215,278,339,508,328,267,246,360,375
"45",288,324,288,363,263,321,300,465,382,199,290,317,479,322,238,262,352,384
"46",249,345,267,365,242,298,311,394,373,195,291,273,506,249,264,260,323,428
"47",301,325,278,355,296,336,346,494,373,196,211,267,475,299,234,245,399,411
"48",289,327,285,403,244,333,332,441,304,202,266,306,466,287,254,281,348,481
"49",270,353,273,337,249,301,324,381,359,189,302,267,534,248,235,212,357,436
"50",326,325,287,342,271,307,341,413,387,210,265,246,506,249,212,249,391,344
"51",285,341,256,370,239,305,318,389,357,190,298,267,504,271,198,238,357,374
"52",310,326,289,390,255,336,351,509,310,246,244,319,444,303,239,240,407,444
"53",289,331,288,372,257,338,289,453,368,230,277,326,486,310,246,248,355,401
"54",259,238,301,386,237,317,344,522,289,239,272,312,479,274,220,285,393,471
"55",271,332,292,385,255,314,318,469,305,194,303,295,479,312,236,289,368,465
"56",304,321,296,353,271,327,329,439,353,177,271,259,508,246,216,251,366,339
"57",257,225,288,393,233,329,323,505,301,230,263,283,444,278,253,284,381,483
"58",267,240,286,367,232,324,321,504,311,202,267,280,468,270,241,807,394,474
"59",279,325,273,374,260,335,304,451,387,206,296,331,497,309,248,230,365,377
"60",314,337,280,374,299,318,343,513,350,194,246,300,464,303,228,246,398,355
"61",318,331,296,393,287,334,328,533,357,207,242,297,478,294,246,262,398,454
"62",264,223,274,351,238,309,316,526,374,212,255,291,467,272,217,268,376,408
"63",271,248,299,396,226,346,340,519,312,235,280,306,459,305,212,296,387,445
"64",288,330,332,403,283,315,350,498,323,230,272,275,443,322,231,262,400,413
"65",255,246,282,340,239,291,340,430,344,200,254,238,478,211,223,252,361,402
"66",278,329,289,374,274,304,357,425,364,185,254,223,491,252,259,251,370,403
"67",258,265,254,338,242,301,331,436,363,220,292,232,511,222,217,267,353,399
"68",311,324,300,396,266,332,349,505,325,220,256,292,472,310,232,315,406,420
"69",270,335,288,357,255,305,344,400,355,202,298,277,508,248,214,254,357,387
"70",254,247,264,345,236,286,328,428,374,220,274,259,491,237,204,245,350,427
"71",308,347,282,371,277,344,363,481,308,206,242,293,487,311,217,265,402,452
"72",313,306,265,352,289,325,320,503,350,197,224,282,474,275,253,245,369,373
"73",302,333,295,410,256,337,358,512,319,219,256,291,435,307,255,281,391,416
"74",276,356,298,414,258,352,333,456,327,225,292,324,459,309,242,289,368,443
"75",274,329,302,401,252,327,338,467,323,229,280,317,457,302,239,277,361,448
"76",283,328,278,362,261,320,296,458,371,220,286,338,479,324,252,256,345,351
"77",308,329,290,349,273,302,346,431,373,211,234,254,506,272,215,251,356,376
"78",282,322,263,345,266,316,353,438,372,191,225,258,506,272,218,263,391,365
"79",257,226,280,398,219,319,309,487,381,243,262,309,463,284,215,249,380,396
"80",273,326,286,363,253,316,319,455,354,212,303,358,470,293,274,223,377,392
"81",259,234,271,375,229,318,350,492,304,227,302,330,448,275,235,309,388,478
"82",268,240,300,387,243,338,328,502,298,250,278,329,466,299,213,295,381,464
"83",287,323,270,377,293,307,354,432,359,199,249,257,491,245,195,246,347,369
"84",281,339,283,386,263,342,334,477,309,228,308,339,451,307,258,284,363,439
"85",289,320,289,345,293,311,315,518,397,209,242,288,674,299,233,255,410,363
"86",253,240,297,387,238,327,327,523,300,229,291,289,463,268,248,299,404,472
"87",278,333,290,377,265,331,325,444,378,218,281,307,479,296,263,253,382,374
"88",293,325,282,374,285,331,291,432,358,217,260,330,512,291,245,238,354,376
"89",308,331,302,391,293,356,331,528,386,194,210,317,494,304,227,270,394,343
"90",277,351,273,357,228,331,309,387,335,186,317,300,508,253,240,262,338,414
"91",256,240,270,375,266,295,325,445,341,227,259,275,493,241,214,262,351,395
"92",283,246,311,387,251,320,313,506,388,218,250,309,486,293,234,268,374,381
"93",296,336,276,363,277,323,352,448,365,194,243,223,513,236,205,283,388,387
"94",273,347,302,367,225,316,324,381,377,205,287,283,508,262,227,250,371,392
"95",270,318,292,380,305,333,378,490,318,212,265,255,468,302,232,289,410,413
"96",269,257,296,347,246,328,298,520,377,228,277,343,478,279,226,258,399,375
"97",264,217,286,372,240,325,304,518,358,223,256,326,506,279,223,274,391,378
"98",287,325,291,384,250,322,299,453,383,227,270,324,478,306,262,248,370,393
"99",272,330,284,351,255,320,382,383,373,213,251,257,517,245,226,238,371,368
"100",275,235,321,379,240,325,314,516,302,236,285,310,430,276,236,259,424,485
"101",245,251,241,355,220,293,322,418,359,202,258,271,503,209,196,232,368,418
"102",316,311,298,381,307,331,332,537,394,207,244,288,476,282,220,230,388,359
"103",264,335,272,393,250,340,326,449,322,245,311,315,455,299,266,282,361,468
"104",238,244,280,334,255,295,342,455,366,224,265,262,487,219,227,911,345,414
"105",248,222,295,353,231,295,304,502,361,229,243,289,493,273,254,259,380,400
"106",296,311,290,373,270,333,292,457,363,185,297,331,498,322,268,271,390,380
"107",258,252,276,361,235,294,335,425,363,205,281,253,502,230,202,260,367,396
"108",277,354,272,358,239,303,320,386,358,177,309,301,522,255,252,234,358,407
"109",253,235,285,377,232,317,328,499,294,218,298,284,473,285,211,287,394,500
"110",290,314,298,363,294,315,336,498,359,208,232,319,491,288,256,269,364,375
"111",314,345,280,368,270,310,341,432,364,171,242,228,496,234,222,231,365,386
"112",281,339,276,378,265,314,332,467,318,201,303,323,458,297,299,301,339,461
"113",230,240,269,345,220,288,311,426,349,228,266,271,490,213,244,265,348,415
"114",274,341,290,388,245,317,330,450,299,217,288,320,473,277,264,292,357,462
"115",256,235,277,375,251,310,304,489,372,225,246,287,492,284,244,247,365,396
"116",304,312,281,366,289,308,321,469,397,189,235,277,501,302,244,255,386,371
"117",315,329,288,387,275,333,360,480,303,209,258,260,445,287,220,273,443,471
"118",260,338,315,384,255,339,341,467,322,222,295,318,466,319,262,272,367,459
"119",258,334,297,384,257,310,321,472,337,217,310,297,473,293,266,285,370,481
"120",302,312,280,376,291,320,310,505,361,205,249,277,504,315,233,252,401,351
"121",283,333,316,397,244,322,344,471,318,220,321,307,455,292,267,279,370,438
"122",248,242,262,360,212,293,329,443,350,248,287,274,518,233,218,274,372,430
"123",270,357,277,348,242,308,309,378,347,202,266,278,488,288,224,242,346,399
"124",297,245,268,352,256,299,346,435,335,187,272,284,489,225,223,253,351,388
"125",256,268,308,387,244,315,334,506,296,248,303,296,495,298,213,303,373,450
"126",266,342,300,382,269,327,325,443,314,207,315,296,460,291,263,279,358,459
"127",241,217,278,365,237,321,304,516,357,202,263,311,488,276,225,265,389,382
"128",286,336,327,382,264,321,280,445,374,214,297,323,497,306,246,265,349,421
"129",344,316,273,352,276,322,329,484,372,240,226,285,497,274,237,253,361,432
"130",255,257,262,339,213,293,318,417,345,215,270,261,466,216,220,254,346,425
"131",261,226,291,349,248,301,305,523,377,193,277,277,477,271,231,267,359,416
"132",259,341,280,348,249,315,301,384,380,207,289,273,492,260,232,230,350,401
"133",306,334,294,390,281,333,331,477,306,207,249,281,459,272,238,326,380,445
"134",305,340,291,406,291,326,394,488,307,216,238,274,428,314,228,265,384,439
"135",269,216,279,353,227,321,286,501,366,219,241,284,477,278,232,275,381,391
"136",260,229,267,349,243,313,323,484,350,216,258,303,458,307,213,265,371,385
"137",292,350,299,396,244,333,357,471,322,239,317,321,464,331,256,280,378,441
"138",272,339,305,394,252,338,312,480,322,235,280,330,471,313,235,305,391,429
"139",279,242,273,348,217,309,339,436,359,212,257,268,482,222,209,255,329,392
"140",300,343,297,366,279,309,307,452,378,210,299,321,480,283,285,251,339,380
"141",260,221,278,342,238,314,312,494,367,224,258,328,468,268,245,270,360,425
"142",295,331,272,365,283,340,304,418,385,186,291,329,484,330,244,262,361,399
"143",294,317,293,366,268,316,293,432,389,189,276,337,485,314,274,276,360,377
"144",291,350,300,396,248,314,322,468,317,201,325,300,457,313,222,278,381,452
"145",306,309,304,368,306,330,351,503,393,186,251,292,462,309,225,245,383,362
"146",275,347,273,365,240,325,309,401,348,200,300,297,535,264,256,248,329,413
"147",271,348,334,405,271,345,337,460,315,241,328,312,462,326,259,259,389,451
"148",242,225,273,361,270,302,304,501,361,220,262,299,468,281,219,252,403,404
"149",1087,311,297,364,296,336,328,505,377,195,233,266,470,279,271,238,408,362
"150",309,339,299,390,274,316,339,522,312,206,236,315,489,310,230,263,395,455
"151",298,340,298,393,278,325,376,485,307,209,259,264,466,300,231,310,391,431
"152",292,349,287,360,274,309,356,452,361,176,275,235,493,265,211,204,367,407
"153",240,240,254,364,253,307,318,427,374,206,271,285,505,207,212,266,363,416
"154",302,316,293,387,276,328,344,491,380,203,241,292,486,296,229,259,389,384
"155",285,335,258,344,282,323,324,444,364,207,245,237,501,244,234,234,379,410
"156",290,342,318,405,269,338,310,465,307,213,310,317,460,313,232,269,374,453
"157",296,328,282,483,281,323,336,503,416,205,229,299,459,278,259,232,396,386
"158",259,339,270,352,243,304,304,376,370,193,284,287,525,254,253,261,364,406
"159",294,359,296,394,260,332,328,458,309,215,304,319,464,290,217,270,363,462
"160",292,321,276,361,255,328,314,434,383,224,271,314,472,299,267,266,376,411
"161",255,234,273,364,230,309,310,479,357,236,277,310,528,274,245,284,373,400
"162",287,326,298,359,280,315,298,447,395,250,273,290,455,303,252,237,367,394
"163",289,341,282,376,247,337,345,467,315,210,303,324,460,320,226,266,366,444
"164",265,233,261,376,220,313,336,424,355,222,266,269,514,236,192,267,348,401
"165",287,327,250,343,272,323,361,437,370,193,234,217,496,247,237,253,1073,368
"166",261,346,289,394,251,340,336,443,328,205,308,333,480,311,226,284,373,449
"167",246,250,292,644,233,295,319,400,349,205,266,263,507,237,203,236,340,398
"168",291,316,294,388,280,339,316,510,383,218,239,293,489,271,251,714,377,364
"169",315,335,281,402,287,354,360,502,318,239,264,274,469,295,222,305,408,406
"170",300,319,281,385,259,318,295,448,379,221,283,346,490,295,267,231,358,394
"171",261,232,277,363,255,315,306,509,367,210,293,291,455,261,231,252,371,417
"172",274,351,263,366,273,311,328,370,340,201,298,282,502,260,251,240,339,382
"173",275,322,277,361,228,324,290,457,379,199,300,290,467,322,230,246,366,375
"174",270,252,286,333,253,300,322,449,365,209,271,263,488,251,209,239,349,372
"175",275,337,289,396,254,331,328,457,307,208,301,342,449,327,245,258,372,454
"176",268,238,276,379,251,326,303,481,373,235,245,331,466,302,210,271,391,405
"177",266,243,277,387,221,325,326,510,312,233,291,320,448,281,218,278,383,470
"178",290,336,283,357,270,345,345,448,347,189,251,260,503,247,193,243,374,355
"179",289,314,282,388,272,333,289,454,391,216,286,349,463,319,217,259,350,384
"180",307,321,289,376,277,333,310,461,387,235,301,343,468,315,239,255,349,400
"181",271,333,283,376,284,320,309,388,367,195,273,268,500,283,237,257,356,397
"182",278,240,291,363,254,314,312,503,381,218,278,332,471,275,236,281,365,420
"183",316,348,297,396,276,345,345,529,298,213,249,281,448,317,226,275,418,423
"184",263,374,266,343,230,306,325,393,368,207,306,298,497,264,202,220,357,405
"185",316,311,311,366,284,330,319,493,370,207,241,287,506,287,226,259,384,375
"186",288,338,288,386,269,336,360,503,298,208,266,275,463,286,259,250,380,448
"187",264,223,287,370,231,313,298,480,373,227,283,292,457,289,217,277,389,382
"188",255,265,277,384,239,316,328,509,293,227,282,299,448,284,205,277,376,459
"189",279,326,277,368,273,296,351,565,397,188,241,241,522,232,262,224,378,400
"190",294,345,288,413,281,322,355,482,313,231,262,299,454,291,262,275,420,433
"191",264,244,265,346,238,311,318,446,359,197,267,284,520,239,211,243,372,403
"192",282,332,275,355,275,314,303,444,363,216,322,305,470,314,263,246,375,385
"193",300,333,282,397,284,325,368,525,315,213,265,278,472,295,256,274,390,412
"194",257,352,274,338,232,319,325,388,377,186,298,271,514,234,244,217,340,407
"195",281,343,309,381,271,302,363,495,328,205,272,269,467,283,241,260,414,445
"196",261,239,275,385,260,330,317,494,296,212,276,274,468,267,219,269,388,445
"197",282,351,264,350,269,296,322,418,377,196,240,230,483,259,209,226,371,373
"198",266,349,272,357,236,303,315,405,361,201,305,270,512,240,247,267,341,397
"199",279,324,289,383,271,330,353,516,308,230,254,282,435,323,226,259,390,410
"200",252,243,275,355,232,313,340,428,351,214,260,266,487,219,245,242,354,416
"201",298,338,267,342,236,302,310,380,365,198,307,276,507,243,252,245,340,408
"202",270,361,281,354,239,323,306,400,365,205,279,280,515,266,233,242,331,372
"203",284,347,277,365,241,311,311,382,380,196,282,275,511,259,226,224,351,401
"204",276,357,292,391,240,321,344,456,295,205,300,286,448,296,251,303,382,461
"205",291,318,296,369,265,320,315,458,364,213,286,318,505,316,260,243,362,373
"206",304,322,291,373,287,335,338,500,400,204,235,260,476,315,235,249,380,338
"207",279,338,281,380,303,305,333,432,355,181,261,238,500,252,206,234,387,389
"208",297,341,280,374,278,325,303,460,399,197,281,330,473,315,242,261,364,392
"209",286,375,270,348,257,323,316,379,374,188,313,278,510,245,226,245,346,392
"210",267,220,278,354,241,306,295,504,346,225,262,304,496,272,215,256,366,406
"211",256,245,286,376,225,323,343,512,300,225,269,294,428,280,228,276,366,476
"212",268,221,284,362,238,311,301,503,369,214,265,300,483,285,198,277,358,382
"213",309,321,276,409,272,326,357,516,304,232,265,308,444,334,234,282,386,435
"214",307,334,280,362,234,315,323,436,386,230,295,303,477,281,269,227,362,387
"215",269,373,273,351,269,303,320,381,359,187,331,294,533,291,209,250,344,389
"216",299,321,290,372,295,322,337,494,358,194,225,282,481,287,239,240,385,391
"217",259,231,268,387,229,314,323,509,309,229,283,267,454,265,230,298,372,461
"218",271,332,291,375,240,303,285,504,384,223,277,327,468,286,254,257,357,383
"219",291,330,298,372,309,319,367,519,317,220,244,278,464,290,236,287,382,439
"220",270,254,278,377,242,317,345,518,298,234,270,320,465,278,187,294,391,471
"221",275,326,304,367,269,324,317,467,372,218,269,343,490,293,218,247,363,371
"222",295,351,294,402,214,324,335,476,300,210,296,326,472,312,226,294,371,444
"223",253,253,352,345,246,303,321,443,349,228,300,255,500,225,221,244,338,410
"224",260,245,285,377,229,332,358,512,306,227,274,325,454,296,222,288,379,467
"225",293,347,296,383,240,341,326,479,318,218,292,333,460,313,258,292,392,452
"226",261,349,294,378,255,348,337,469,328,212,338,317,453,290,252,262,375,456
"227",235,250,293,384,253,326,348,540,303,244,269,287,437,276,235,281,404,479
"228",291,336,291,401,248,319,303,465,325,212,305,295,451,311,224,249,362,451
"229",293,357,275,364,240,305,308,373,382,205,296,287,508,264,245,251,359,421
"230",281,346,299,390,241,334,326,466,314,223,312,325,497,322,276,274,391,424
"231",280,335,328,385,292,320,340,455,314,210,317,337,483,290,238,287,373,445
"232",279,320,289,358,264,313,316,467,373,195,296,342,500,307,251,260,374,403
"233",250,246,282,389,226,316,330,513,300,232,266,305,497,280,234,289,371,455
"234",275,231,273,347,259,313,320,475,362,272,266,312,451,265,237,265,379,430
"235",286,331,267,341,217,315,314,381,378,191,271,275,515,235,231,260,336,424
"236",272,234,275,357,249,314,305,486,367,237,245,326,465,304,209,275,375,381
"237",282,325,293,385,261,324,325,449,377,194,268,305,481,314,225,264,372,391
"238",265,211,275,369,248,306,309,482,363,231,245,297,467,281,224,255,381,418
"239",280,317,265,362,283,305,365,439,359,208,226,243,507,240,224,261,354,380
"240",281,331,272,363,269,326,301,459,369,209,276,327,470,309,229,251,377,391
"241",287,322,289,368,278,330,338,678,375,199,239,280,485,296,229,233,401,391
"242",261,249,270,349,240,313,320,438,376,224,265,257,512,226,215,258,365,388
"243",263,240,305,386,228,323,342,501,302,239,275,313,464,283,234,280,379,460
"244",266,239,299,374,237,309,337,489,310,220,271,287,454,258,235,289,388,490
"245",266,217,278,350,235,313,308,501,380,205,261,297,485,272,245,255,361,439
"246",268,236,279,349,217,304,315,436,353,236,263,280,505,250,204,259,346,388
"247",279,337,293,373,237,290,328,391,369,205,283,282,492,272,242,244,335,390
"248",263,353,305,399,253,323,316,462,325,235,311,303,464,282,293,281,367,506
"249",271,234,261,374,224,312,289,505,368,236,251,312,505,296,236,265,378,427
"250",308,318,269,371,268,339,339,505,400,222,250,308,487,311,231,247,388,356
"251",242,223,273,354,258,320,311,503,357,228,262,313,501,268,240,266,404,397
"252",279,331,290,359,265,311,293,446,381,201,264,309,463,303,286,246,372,386
"253",273,345,297,364,258,318,329,370,365,201,298,274,675,226,264,252,364,400
"254",299,344,290,363,313,329,323,486,366,206,242,296,493,311,215,243,369,370
"255",285,323,303,378,262,322,293,461,375,217,270,326,503,321,237,248,363,368
"256",285,354,326,396,254,328,341,479,323,214,311,342,508,289,253,291,390,441
"257",270,238,293,356,245,308,300,496,357,217,260,304,487,262,241,287,383,404
"258",279,235,309,380,217,325,327,506,302,258,266,299,471,297,220,275,389,464
"259",272,235,285,383,265,315,330,511,303,239,278,310,460,294,223,302,377,435
"260",279,318,287,380,259,313,296,459,359,213,300,315,488,278,255,229,373,389
"261",289,332,256,340,293,327,345,415,353,196,233,230,491,259,242,247,365,392
"262",250,234,269,328,232,295,331,433,354,216,278,249,507,213,200,246,344,450
"263",330,314,296,402,273,330,356,505,315,194,230,309,462,307,237,309,370,465
"264",303,346,267,371,256,312,366,416,373,193,238,268,500,243,235,243,377,382
"265",259,224,291,351,247,319,314,505,362,236,277,318,500,294,232,288,401,406
"266",259,225,292,350,251,309,305,506,355,217,254,314,476,267,248,265,375,388
"267",278,330,271,356,273,308,289,443,377,196,284,345,479,296,256,649,369,400
"268",267,239,267,343,221,290,304,434,345,214,286,239,554,233,235,285,365,425
"269",265,238,302,378,254,308,334,530,317,222,294,322,469,255,230,585,398,454
"270",312,315,282,386,319,327,317,494,385,219,230,271,501,294,229,252,385,391
"271",272,331,299,569,271,320,287,444,359,201,270,318,500,288,241,274,357,415
"272",273,333,280,389,240,334,329,458,298,201,298,312,455,277,264,263,367,451
"273",289,350,299,384,262,335,340,460,313,202,305,324,436,318,248,260,372,463
"274",316,313,297,370,304,339,331,504,386,211,244,312,483,294,236,262,376,370
"275",321,326,289,393,285,323,341,518,322,210,256,254,488,284,239,267,402,426
"276",257,358,265,361,249,313,338,399,351,174,297,283,529,242,255,233,336,431
"277",292,317,276,356,267,322,295,453,361,219,259,307,479,297,257,234,373,389
"278",286,354,300,359,269,317,300,455,376,204,302,321,491,303,237,244,380,386
"279",309,352,277,401,279,331,361,518,314,211,245,276,464,321,237,264,423,432
"280",287,320,310,365,297,320,345,481,348,211,241,298,492,284,239,249,402,378
"281",253,242,255,342,258,284,321,441,348,210,266,255,498,219,227,243,346,443
"282",281,367,254,359,229,317,324,377,354,186,310,272,508,261,252,244,352,408
"283",272,240,274,407,254,323,324,499,306,227,275,292,468,278,211,292,384,449
"284",308,332,321,382,289,334,349,501,320,224,252,268,441,298,214,273,387,415
"285",280,333,323,403,251,324,334,479,318,209,309,315,449,296,273,291,355,460
"286",240,248,274,336,218,298,308,444,354,195,280,272,509,224,209,251,377,421
"287",278,217,280,365,252,310,304,512,382,232,260,316,492,274,221,258,386,396
"288",275,318,291,368,286,315,310,457,374,203,291,313,473,298,254,249,362,421
"289",281,341,277,365,226,287,323,383,365,204,289,302,482,262,229,252,335,390
"290",279,313,291,372,269,322,304,445,371,206,261,330,653,312,263,241,370,414
"291",344,334,284,366,237,300,276,460,383,225,309,336,478,268,260,248,370,412
"292",320,306,288,364,314,323,329,518,388,207,252,311,476,309,212,277,376,350
"293",289,337,288,362,246,311,323,440,364,205,256,247,511,246,205,251,360,373
"294",328,307,294,385,279,320,329,501,381,228,249,289,515,293,233,267,407,355
"295",275,258,286,386,250,316,314,495,293,241,267,302,445,287,202,326,379,451
"296",298,330,287,372,323,318,334,432,362,188,239,229,509,226,205,218,369,387
"297",322,320,281,358,303,326,310,507,381,212,221,299,491,298,250,241,391,388
"298",282,321,295,370,291,295,328,747,380,213,240,253,481,291,234,258,386,361
"299",266,248,293,379,245,314,287,496,398,244,255,307,474,285,210,271,377,367
"300",499,343,279,363,241,309,297,378,382,192,292,268,500,240,267,243,347,413
"301",252,239,288,389,223,319,347,534,295,239,279,282,452,281,209,281,377,470
"302",308,349,269,360,294,324,361,450,356,198,245,246,488,250,224,255,365,368
"303",288,341,274,357,283,307,343,433,356,187,251,212,503,243,224,227,344,383
"304",281,338,293,349,228,325,335,393,369,193,312,278,519,262,229,248,338,383
"305",288,339,284,381,282,336,389,501,303,223,257,246,444,291,229,252,401,436
"306",262,236,283,373,239,324,321,518,355,224,257,287,475,252,240,257,368,411
"307",282,325,292,362,278,314,355,426,369,212,246,262,507,232,210,267,359,366
"308",270,226,276,388,251,332,323,492,313,236,263,296,466,287,216,287,397,471
"309",288,344,290,366,253,306,328,388,360,196,286,309,502,258,217,260,368,386
"310",256,247,273,349,224,297,317,440,368,223,284,272,491,250,193,265,354,400
"311",252,243,291,354,253,317,303,487,355,228,263,318,476,265,229,246,369,427
"312",312,340,281,380,282,327,332,526,403,214,253,309,486,303,219,272,393,391
"313",293,341,306,394,236,322,334,462,299,236,295,326,471,315,245,280,380,454
"314",264,229,276,351,260,314,289,479,376,233,259,319,500,281,227,260,378,360
"315",268,222,278,354,232,318,295,491,352,211,272,299,509,273,238,277,383,397
"316",291,307,287,489,295,312,332,500,377,209,238,260,482,289,253,239,397,359
"317",303,326,287,545,269,321,325,508,367,219,237,257,487,312,269,279,375,396
"318",266,241,275,350,213,317,321,439,339,231,276,275,498,212,221,287,372,439
"319",307,320,310,406,270,344,356,529,315,214,265,265,468,286,233,259,405,447
"320",311,328,293,375,282,337,321,519,365,197,260,278,515,288,222,266,395,348
"321",288,215,268,364,261,305,317,501,376,231,262,326,483,259,221,270,350,385
"322",298,326,291,378,265,340,335,503,325,227,253,263,453,281,275,282,391,434
"323",287,322,263,368,286,319,353,423,359,188,227,246,521,255,214,260,365,348
"324",308,333,292,368,280,317,337,530,397,217,241,264,464,303,233,260,380,377
"325",300,335,277,360,261,304,340,430,360,209,228,277,497,239,222,261,351,382
"326",302,319,300,375,293,322,357,491,398,202,256,290,474,273,253,268,385,386
"327",277,226,293,355,265,316,296,503,377,228,268,296,498,313,202,259,364,411
"328",299,342,291,383,253,320,332,447,314,206,317,317,438,280,223,273,387,473
"329",286,338,290,375,264,318,307,456,369,214,312,338,476,305,245,265,380,387
"330",276,353,290,361,246,295,321,384,363,198,290,273,504,228,254,233,357,407
"331",300,314,279,346,257,301,347,433,351,205,233,226,521,232,202,225,424,391
"332",278,334,287,371,284,315,309,446,360,213,260,359,503,313,243,261,380,398
"333",312,315,288,368,291,315,323,498,370,191,246,269,459,285,231,239,391,362
"334",305,297,306,379,289,327,336,502,372,202,228,270,494,301,215,266,394,349
"335",283,310,272,347,272,303,331,422,349,186,247,219,487,246,227,276,362,379
"336",271,344,356,398,266,315,345,473,286,220,281,293,459,302,268,292,384,461
"337",281,331,310,729,288,321,360,532,307,217,277,265,423,297,272,255,403,440
"338",279,315,311,388,270,321,358,508,291,196,266,283,435,287,237,247,389,485
"339",253,246,259,342,239,300,317,444,358,214,265,262,508,229,188,286,372,400
"340",293,319,296,360,282,323,313,486,377,212,219,283,455,277,260,253,396,391
"341",263,261,306,390,239,330,326,512,317,230,264,291,497,299,234,301,379,467
"342",284,337,293,379,242,327,304,455,371,220,272,338,505,298,242,242,368,396
"343",268,226,293,371,264,319,316,477,372,224,261,337,487,304,218,262,386,392
"344",299,310,298,381,305,313,329,509,354,221,233,253,463,270,210,252,377,386
"345",278,353,444,389,255,318,345,453,305,237,316,303,430,306,250,259,383,445
"346",257,238,309,370,242,310,334,501,311,212,284,315,455,278,258,292,632,446
"347",285,324,286,378,253,321,295,459,366,199,277,327,488,303,242,244,356,376
"348",305,326,270,355,260,316,351,435,351,187,234,240,502,230,233,261,369,363
"349",313,303,293,379,284,310,333,494,412,207,241,304,491,265,236,253,393,413
"350",262,339,280,355,261,308,332,380,358,169,291,284,508,246,240,237,331,417
"351",299,308,409,367,278,318,306,485,372,208,250,257,467,294,227,260,403,395
"352",280,343,286,407,229,314,341,465,331,227,299,306,466,289,262,273,371,450
"353",307,336,295,404,269,338,344,529,332,232,234,273,448,303,252,280,389,438
"354",284,320,279,386,258,313,306,454,396,211,284,357,468,306,263,248,367,379
"355",298,338,293,396,281,308,347,498,335,211,265,261,472,300,255,266,388,431
"356",270,329,291,383,269,349,343,463,303,211,304,303,462,301,242,269,374,485
"357",248,252,310,404,241,311,332,526,315,246,269,288,454,289,223,275,407,429
"358",266,241,294,394,216,334,331,515,298,232,276,293,442,281,228,275,362,478
"359",259,240,271,363,210,305,309,444,327,241,264,256,520,230,206,246,348,427
"360",268,208,287,354,248,305,311,501,364,241,254,292,465,263,221,295,374,405
"361",264,234,278,372,237,314,284,508,369,247,264,309,526,299,199,261,391,421
"362",249,253,286,334,229,309,340,440,356,200,283,248,512,203,217,242,356,411
"363",300,323,298,396,304,340,365,514,301,215,263,257,442,323,224,279,384,451
"364",305,307,300,353,280,324,328,511,376,185,244,260,484,288,250,246,375,398
"365",273,360,274,375,238,322,317,395,368,190,288,296,501,270,207,231,335,395
"366",299,328,293,396,297,339,356,495,318,195,256,249,466,345,226,268,427,443
"367",237,233,279,375,230,314,340,516,315,217,280,286,453,254,224,289,373,450
"368",281,343,304,388,257,332,332,448,293,201,313,345,455,326,239,294,371,460
"369",289,331,277,393,254,707,336,455,338,209,293,301,459,272,257,277,355,481
"370",266,343,317,399,245,329,322,445,326,221,297,306,458,305,253,276,382,473
"371",272,339,281,393,278,479,343,478,317,207,309,307,440,331,282,295,361,467
"372",263,359,281,376,249,322,325,383,353,193,297,265,504,225,252,1771,335,418
"373",261,236,283,386,249,316,320,498,313,232,265,290,459,276,229,286,379,477
"374",286,360,321,381,252,350,309,473,332,233,298,298,481,304,266,265,353,443
"375",259,242,292,383,235,326,325,605,346,281,264,298,435,272,214,275,365,438
"376",284,348,270,352,276,299,347,433,353,191,250,256,501,241,215,223,393,366
"377",256,220,268,363,228,304,320,491,370,484,261,315,490,275,239,267,390,406
"378",282,344,265,344,248,313,319,375,350,216,292,275,511,236,233,241,329,379
"379",299,324,285,370,276,325,331,493,367,209,253,293,472,293,209,232,385,374
"380",292,348,329,395,240,334,347,482,326,196,310,332,462,307,262,257,362,467
"381",290,325,316,374,268,354,349,518,310,218,251,268,448,323,212,291,404,408
"382",255,232,271,379,237,338,320,549,314,250,262,300,459,288,213,304,406,466
"383",251,229,266,371,241,325,312,496,363,211,253,274,499,267,214,269,393,410
"384",293,328,298,354,290,327,317,497,360,200,244,281,470,295,206,276,404,377
"385",270,267,293,449,219,298,317,504,284,222,271,286,452,279,227,293,387,484
"386",299,318,290,356,277,325,327,512,368,232,227,277,469,262,239,261,404,368
"387",258,236,301,375,230,306,341,511,304,230,285,282,436,278,218,267,385,480
"388",261,236,260,352,231,302,324,432,357,197,277,250,469,218,226,246,346,428
"389",273,336,284,356,242,308,326,372,354,198,301,238,496,232,269,238,362,401
"390",277,353,280,347,239,303,315,410,356,182,281,286,508,263,238,276,367,401
"391",272,216,280,367,249,324,296,484,389,213,261,330,473,296,228,274,361,432
"392",275,243,294,359,232,316,307,502,357,216,269,290,479,282,227,268,489,399
"393",290,342,294,381,275,326,339,516,316,209,270,227,429,294,235,259,383,471
"394",251,255,271,364,270,303,315,435,352,215,271,265,507,242,199,290,356,386
"395",268,231,293,365,243,319,306,500,363,218,257,291,492,245,253,250,370,396
"396",269,224,279,363,246,317,300,497,367,213,250,318,475,283,233,295,391,392
"397",279,333,282,352,285,302,355,426,371,225,223,243,511,246,223,228,361,364
"398",264,214,274,362,250,311,303,501,370,221,259,311,509,279,219,261,355,374
"399",276,339,276,385,251,327,310,457,315,207,311,299,453,294,253,270,383,448
"400",273,339,291,408,256,348,311,463,328,192,316,319,449,307,266,293,375,444
"401",261,229,271,349,220,302,333,419,354,213,257,262,504,245,186,275,331,395
"402",257,222,290,377,239,322,361,524,288,225,265,269,465,266,211,289,396,461
"403",268,223,295,367,234,328,317,514,366,235,261,303,451,290,209,268,377,384
"404",294,319,290,378,264,321,318,451,376,223,286,328,514,327,236,278,358,373
"405",270,233,283,354,263,320,304,513,368,254,253,323,485,279,205,266,396,365
"406",279,324,272,366,280,316,305,458,377,214,284,314,475,304,237,255,364,376
"407",258,239,277,359,238,317,316,452,357,209,265,279,485,237,189,245,358,390
"408",287,348,296,352,229,319,308,386,362,186,292,292,516,254,226,241,333,385
"409",280,331,277,345,296,312,349,404,367,218,224,237,475,237,223,294,403,398
"410",316,322,291,364,294,329,328,492,388,217,236,290,491,304,195,241,408,337
"411",281,346,271,354,252,292,342,395,365,201,295,291,518,278,230,220,334,384
"412",298,323,314,391,295,301,359,514,314,225,264,296,471,296,229,306,414,393
"413",297,330,291,398,234,345,325,456,299,238,310,354,453,318,248,266,363,438
"414",284,354,287,375,280,324,343,430,356,193,238,235,474,218,250,235,388,398
"415",280,235,284,353,252,320,295,497,369,224,245,329,492,301,228,259,370,376
"416",259,236,265,342,264,292,324,420,370,210,260,282,477,230,212,247,337,423
"417",251,251,276,378,239,307,335,530,316,236,274,282,426,279,236,268,351,466
"418",284,337,274,372,263,316,292,455,361,203,291,283,501,312,280,266,364,402
"419",243,247,283,354,236,289,311,459,362,211,274,303,522,221,208,258,354,421
"420",375,323,298,363,265,320,298,440,383,207,292,326,508,295,238,235,357,405
"421",264,246,278,391,249,308,339,532,304,223,290,279,441,270,223,282,395,463
"422",294,342,315,394,292,330,372,499,338,203,276,258,450,285,244,280,395,456
"423",256,248,270,341,220,300,321,428,368,218,262,261,520,229,205,255,360,437
"424",499,336,296,353,269,302,330,446,386,201,274,311,460,316,253,619,360,388
"425",288,338,263,364,266,305,360,400,375,190,248,236,479,244,212,233,381,406
"426",306,316,283,376,285,330,327,495,369,193,227,313,469,302,226,267,391,358
"427",312,337,286,428,232,347,334,466,328,230,315,338,446,329,227,293,380,426
"428",269,239,263,387,250,332,318,493,302,230,290,293,480,275,237,372,392,453
"429",277,255,289,388,234,315,328,491,335,248,275,338,453,303,273,291,399,469
"430",251,221,279,371,227,311,315,438,345,224,275,267,488,241,198,257,359,382
"431",249,238,284,350,229,329,312,508,384,223,285,288,464,271,232,249,377,395
"432",290,321,275,423,291,299,335,417,361,236,223,210,501,239,233,265,362,382
"433",276,334,311,369,278,331,294,440,383,223,263,336,478,302,248,255,371,437
"434",373,328,277,353,270,304,350,435,382,171,254,221,491,242,228,236,374,382
"435",310,332,301,381,271,335,339,494,322,209,241,289,475,298,236,282,418,430
"436",284,330,315,420,246,321,333,478,316,237,304,313,468,303,236,293,383,425
"437",302,331,294,384,291,334,372,518,314,215,253,291,475,301,209,260,400,455
"438",304,301,304,370,282,316,337,489,367,203,227,267,482,294,245,239,385,374
"439",299,350,298,350,265,321,311,458,367,191,262,242,509,244,219,275,360,367
"440",248,242,296,352,231,310,293,495,365,209,271,315,452,282,226,277,359,405
"441",271,343,282,340,232,311,333,387,394,187,311,279,529,243,257,247,360,367
"442",297,350,300,403,247,324,333,452,340,228,320,323,468,313,232,272,360,458
"443",289,361,295,407,270,336,331,479,284,223,302,316,459,287,275,268,363,477
"444",298,315,280,358,278,322,364,441,388,182,247,238,502,258,208,242,373,397
"445",302,312,289,370,299,348,336,525,385,216,253,306,504,328,223,293,379,358
"446",289,351,294,344,227,307,328,381,360,174,284,247,515,266,268,233,318,404
"447",277,331,278,383,256,310,323,439,368,187,216,242,535,268,205,262,376,362
"448",283,347,304,398,242,356,342,454,329,230,278,313,451,329,227,292,361,451
"449",303,348,300,357,297,320,343,428,378,169,236,243,501,260,217,248,401,379
"450",275,354,284,398,235,326,350,474,295,212,308,323,430,333,255,280,374,462
"451",272,354,279,396,252,319,325,445,310,217,313,318,439,293,269,271,397,463
"452",315,317,292,362,289,318,321,479,404,214,218,263,480,300,231,254,424,342
"453",297,233,283,354,267,325,294,507,388,221,254,311,481,272,222,289,378,386
"454",275,352,258,356,277,309,336,419,350,181,249,239,522,242,253,225,363,365
"455",255,249,249,351,233,303,317,440,357,224,282,258,525,241,205,257,337,391
"456",300,330,288,360,256,324,307,447,399,210,262,361,488,329,231,254,366,395
"457",292,323,299,343,281,302,366,440,380,200,231,230,516,248,232,223,379,377
"458",292,334,278,356,286,311,338,420,355,192,252,229,498,239,239,227,368,411
"459",300,304,283,367,296,315,327,507,368,229,235,298,495,300,235,221,398,327
"460",239,254,275,376,244,304,337,527,297,257,263,270,458,277,224,263,379,479
"461",289,311,311,370,291,332,338,507,383,217,238,307,484,313,199,269,386,374
"462",272,243,288,386,252,322,337,511,304,236,266,321,454,278,212,311,364,464
"463",253,233,280,393,234,312,338,520,597,206,276,257,448,278,236,282,373,497
"464",301,305,284,381,289,328,330,522,356,202,229,313,477,294,216,266,426,370
"465",280,327,275,345,280,325,305,462,402,203,267,322,472,299,245,233,368,398
"466",279,325,310,354,239,333,309,439,369,203,290,333,477,306,223,259,364,376
"467",253,244,285,367,219,314,326,505,301,241,269,292,458,283,225,290,415,451
"468",231,250,270,343,237,306,312,411,350,217,283,263,479,226,209,232,354,414
"469",232,240,266,334,224,289,331,417,349,215,255,241,500,234,194,257,358,414
"470",260,340,276,361,255,300,325,379,368,186,279,291,507,250,243,228,325,395
"471",254,358,291,949,248,301,328,376,371,214,299,258,508,270,244,257,342,401
"472",248,219,295,390,255,327,330,489,290,243,278,293,476,275,226,302,383,446
"473",295,320,303,371,271,510,347,494,377,216,259,284,488,283,242,229,377,377
"474",283,249,300,368,221,315,330,503,314,227,280,281,437,282,239,273,404,476
"475",301,325,313,390,282,320,367,484,309,228,285,278,466,304,248,281,408,429
"476",279,218,296,367,235,319,315,510,361,249,261,326,470,283,232,281,364,388
"477",285,326,305,377,272,317,319,447,381,212,284,316,459,281,244,248,372,381
"478",264,225,283,368,237,313,317,492,367,261,256,321,480,288,210,262,374,422
"479",265,255,293,392,240,323,318,507,305,254,290,284,455,289,237,265,377,469
"480",284,349,270,369,239,316,313,387,358,179,288,284,489,249,225,232,338,407
"481",279,345,268,378,243,311,332,367,377,211,279,284,496,235,258,217,337,388
"482",276,322,261,365,234,302,364,427,377,200,247,237,510,241,215,254,371,380
"483",267,234,279,371,233,309,303,505,368,219,266,320,476,290,251,263,396,386
"484",906,227,273,348,219,318,332,443,353,216,244,239,495,216,194,259,353,410
"485",303,327,281,356,257,294,345,441,357,183,249,244,487,240,208,235,358,381
"486",283,332,286,395,244,309,338,483,321,210,288,321,432,297,234,284,377,480
"487",274,209,598,360,258,312,313,513,369,215,271,291,473,279,222,555,378,450
"488",296,342,279,335,268,301,365,435,356,180,255,223,505,234,235,237,348,360
"489",270,325,286,368,264,314,303,464,376,206,265,291,474,308,271,244,364,396
"490",270,224,271,354,220,302,314,427,355,227,301,252,531,237,211,269,375,394
"491",261,244,254,346,225,287,317,442,344,198,249,267,469,212,222,278,350,424
"492",286,347,287,382,256,361,325,451,328,207,317,328,458,347,230,287,367,454
"493",268,344,275,374,229,309,316,456,313,219,293,322,477,298,255,284,368,454
"494",302,355,297,379,271,327,331,471,333,233,308,317,452,298,254,286,377,454
"495",262,230,278,375,253,319,333,519,276,220,281,295,448,277,222,265,377,460
"496",270,215,286,357,253,323,305,500,370,205,284,307,477,315,225,275,372,392
"497",275,359,262,365,226,292,327,385,347,181,303,274,505,245,251,238,342,436
"498",368,256,285,387,224,322,314,504,356,218,290,290,452,278,224,285,373,486
"499",272,235,287,367,248,302,298,491,357,207,259,320,480,288,214,256,386,411
"500",262,339,586,722,245,295,312,388,356,186,312,283,498,237,259,229,323,426
"501",296,320,289,351,304,328,329,495,394,204,230,269,505,283,228,252,373,349
"502",279,346,293,345,272,308,326,411,360,171,294,284,513,271,214,248,349,404
"503",295,336,290,389,287,341,366,508,320,217,262,274,452,306,221,276,388,399
"504",289,350,318,389,296,335,357,515,306,190,234,281,447,297,250,262,395,471
"505",263,231,269,367,244,315,303,490,375,223,260,327,478,286,222,253,368,414
"506",265,254,265,332,222,306,314,441,356,233,241,268,497,253,210,263,364,410
"507",270,350,287,387,269,328,332,463,317,216,308,302,448,302,269,296,374,465
"508",268,250,292,355,241,323,288,478,367,224,252,327,473,284,218,273,384,387
"509",272,332,312,368,293,336,278,458,386,194,280,344,502,297,250,258,351,385
"510",312,327,299,413,288,339,356,498,310,209,250,301,450,309,225,289,377,465
"511",297,302,268,381,280,336,321,484,374,197,230,306,494,308,233,261,411,348
"512",299,309,281,367,283,322,322,492,375,201,254,265,497,296,246,264,405,373
"513",297,332,287,377,264,316,352,447,358,186,272,251,520,234,233,229,397,375
"514",243,230,299,356,240,318,308,501,370,226,248,314,451,269,248,245,354,395
"515",282,242,283,390,226,331,323,477,331,248,278,311,435,279,207,274,366,472
"516",260,256,272,374,241,315,340,520,288,224,281,304,452,270,219,274,354,513
"517",268,238,283,386,241,308,326,665,298,211,276,282,435,261,225,296,398,453
"518",267,346,282,376,253,322,340,455,323,199,305,317,446,321,250,277,362,457
"519",262,364,270,404,254,329,333,449,311,183,284,310,462,302,267,250,357,443
"520",272,227,277,353,236,313,280,499,365,219,255,312,481,287,222,269,387,389
"521",280,327,307,392,254,342,334,474,310,232,285,303,472,318,258,286,358,443
"522",249,262,280,358,235,303,329,440,357,200,270,259,492,243,222,263,361,381
"523",290,330,274,340,257,305,325,358,361,219,303,259,491,248,240,222,355,389
"524",288,321,277,455,273,302,349,435,352,203,267,233,491,250,225,232,363,392
"525",270,249,297,354,236,324,321,439,354,217,259,248,526,231,215,243,368,400
"526",277,341,302,400,253,330,318,466,308,205,301,312,441,307,262,270,386,428
"527",301,327,286,393,302,333,373,518,310,208,233,262,462,300,242,263,431,412
"528",282,321,276,349,261,321,302,449,377,210,284,334,473,288,252,264,560,410
"529",250,215,261,358,253,316,298,500,355,245,244,296,494,273,224,269,387,406
"530",817,233,266,357,239,315,310,516,367,226,271,317,460,253,235,265,361,421
"531",267,240,275,371,235,321,326,496,277,247,295,279,452,281,236,284,355,449
"532",295,314,262,350,283,323,345,496,379,201,250,270,492,275,220,236,400,403
"533",270,244,299,382,233,323,350,500,324,234,279,331,444,291,207,303,395,459
"534",268,350,275,350,237,305,322,383,356,157,299,265,494,251,235,236,364,383
"535",297,318,289,366,260,320,315,448,425,201,285,316,475,311,236,237,367,384
"536",296,321,304,368,275,328,316,511,367,240,218,315,504,291,232,263,405,342
"537",238,246,276,436,230,302,322,445,385,228,267,282,481,221,256,246,389,424
"538",283,345,280,385,252,327,337,465,317,198,305,312,433,300,239,276,363,477
"539",294,341,322,409,284,324,350,471,299,211,313,311,470,320,260,267,367,417
"540",272,219,276,355,260,330,296,507,338,231,249,354,507,293,214,276,369,397
"541",293,336,288,358,280,326,345,437,374,221,251,233,505,251,215,248,366,367
"542",288,344,289,394,260,345,323,459,291,220,309,320,439,332,254,263,388,415
"543",258,254,289,384,244,323,333,494,317,241,302,302,447,294,217,310,377,457
"544",287,322,286,363,231,321,316,440,388,192,279,308,1254,281,251,249,335,407
"545",270,331,278,391,260,309,331,445,317,202,299,336,462,300,254,266,367,461
"546",292,317,286,375,276,303,348,414,368,187,240,232,483,254,221,217,364,377
"547",306,324,291,362,281,327,333,494,346,208,245,272,465,290,254,244,418,364
"548",269,340,284,357,260,321,317,367,365,204,288,278,509,283,228,244,322,384
"549",292,350,264,348,275,312,352,434,366,203,226,253,503,246,214,261,358,405
"550",275,228,284,374,253,311,297,492,372,218,267,313,466,274,227,292,380,412
"551",291,359,278,355,254,306,351,418,364,201,264,231,499,249,186,235,366,364
"552",335,223,282,358,244,314,295,488,361,210,250,300,497,279,232,253,386,392
"553",278,345,293,361,252,312,314,383,366,180,299,302,482,243,218,251,348,370
"554",263,338,262,351,246,306,326,373,337,192,304,250,512,242,227,238,319,401
"555",680,250,274,358,244,312,315,493,364,249,261,300,479,286,236,247,377,398
"556",291,304,285,369,269,328,338,496,395,201,240,281,463,300,233,253,395,370
"557",278,345,284,363,220,314,332,390,382,208,287,296,488,256,196,259,354,395
"558",280,332,297,368,227,333,326,454,314,212,298,327,482,315,274,267,397,469
"559",263,248,277,360,234,293,338,444,361,218,249,282,482,238,205,252,354,410
"560",246,252,305,383,227,305,344,477,301,230,277,292,449,267,226,292,380,514
"561",256,237,268,351,231,308,329,433,340,193,246,281,502,202,203,267,349,400
"562",296,334,278,369,276,310,350,451,357,205,266,237,520,249,229,246,365,434
"563",270,245,308,401,225,318,328,509,325,227,281,255,424,264,221,297,368,458
"564",269,250,282,357,245,307,312,518,369,211,277,294,493,277,232,267,372,417
"565",285,337,286,347,271,321,357,443,352,216,239,269,506,242,200,231,358,338
"566",286,347,305,391,246,342,316,458,311,211,324,324,482,308,232,281,355,469
"567",265,246,269,355,216,302,324,428,368,229,278,290,494,221,187,259,370,386
"568",261,224,304,385,230,318,330,513,303,243,280,296,492,292,212,305,383,462
"569",294,335,294,408,267,322,332,469,314,221,303,313,469,295,233,307,359,446
"570",301,325,283,369,257,327,306,447,351,204,293,316,485,327,249,243,375,399
"571",298,314,298,365,292,330,315,478,368,218,209,293,497,302,246,260,388,341
"572",249,339,267,344,239,300,316,402,363,189,273,283,503,241,240,226,351,406
"573",273,326,282,398,264,317,317,453,368,195,278,304,489,292,266,213,349,395
"574",283,340,277,345,288,305,340,419,352,198,254,228,495,228,227,217,373,379
"575",282,340,301,400,269,328,325,455,301,214,306,308,485,316,247,315,355,442
"576",242,235,296,393,248,336,328,511,288,216,281,319,463,316,245,268,381,445
"577",278,229,278,366,252,382,296,589,371,232,265,280,471,273,229,246,367,414
"578",303,335,282,401,269,314,360,511,290,224,269,264,464,294,239,273,377,428
"579",271,227,291,380,229,322,320,490,297,250,278,337,449,282,228,286,374,470
"580",261,252,266,353,239,310,323,415,385,229,278,276,494,220,196,261,343,381
"581",259,216,294,349,214,324,299,498,376,228,249,315,473,284,212,260,377,411
"582",258,230,279,356,251,315,307,487,370,219,266,311,477,289,231,274,359,422
"583",262,341,295,382,238,329,329,452,323,216,308,311,431,299,255,262,485,466
"584",312,338,292,385,272,321,376,513,299,237,259,262,490,291,238,277,395,449
"585",278,345,277,368,252,311,316,388,365,179,281,279,518,250,229,259,342,377
"586",285,326,302,366,265,342,300,440,393,211,278,345,487,315,244,232,361,374
"587",290,334,281,360,260,314,300,450,344,217,285,299,484,302,271,252,372,407
"588",285,334,281,411,266,339,362,502,312,207,251,275,441,293,225,258,381,452
"589",294,321,293,380,254,326,363,512,301,199,251,243,445,275,220,262,399,481
"590",266,341,286,345,257,326,323,382,344,189,282,265,489,253,259,248,327,398
"591",269,229,279,345,236,296,314,438,373,217,268,271,526,244,216,287,383,393
"592",294,326,307,386,263,316,344,510,301,209,257,291,460,304,227,266,408,445
"593",268,227,287,358,225,337,310,513,372,230,236,298,493,262,224,251,384,391
"594",308,330,317,377,280,320,357,525,372,229,241,300,495,334,224,254,404,349
"595",269,255,287,370,250,319,304,507,385,218,258,313,471,297,220,249,373,405
"596",293,336,291,351,272,318,343,420,372,206,254,242,510,260,224,242,358,376
"597",313,334,291,370,315,326,346,499,378,217,247,320,467,306,229,242,391,393
"598",279,339,271,339,227,304,329,375,370,249,279,264,526,256,254,221,333,408
"599",291,325,295,360,255,306,307,429,369,194,271,329,480,294,267,263,362,378
"600",271,238,280,357,240,325,313,501,364,218,245,330,470,289,213,253,370,383
"601",286,314,297,391,300,333,319,494,365,221,225,299,500,305,256,237,405,399
"602",249,242,259,333,240,297,344,411,334,241,267,262,489,208,228,539,350,452
"603",269,345,299,388,264,339,322,438,317,212,289,331,456,287,253,300,385,489
"604",309,295,269,368,298,329,320,487,391,208,214,313,490,275,229,284,372,356
"605",273,246,293,396,235,338,342,507,316,232,269,295,451,283,213,294,379,453
"606",285,319,292,350,278,303,335,426,374,177,246,262,524,249,203,241,360,386
"607",296,350,285,357,282,311,334,433,370,192,226,246,490,261,209,252,368,396
"608",260,230,271,356,267,305,297,522,370,224,263,280,469,289,231,274,395,395
"609",274,337,291,386,245,360,332,446,296,205,317,322,460,307,273,265,372,477
"610",284,309,467,374,300,313,330,482,358,205,272,298,463,289,251,246,395,366
"611",305,336,307,404,265,330,358,521,292,195,247,292,473,283,244,261,403,427
"612",286,346,286,351,266,301,339,501,357,170,247,236,922,233,229,237,344,368
"613",289,318,270,374,297,315,348,525,304,220,290,264,478,300,233,270,590,422
"614",269,215,275,358,259,316,304,529,368,245,256,320,504,284,223,247,372,385
"615",288,333,277,364,267,313,293,451,371,227,269,323,483,302,267,243,344,400
"616",274,340,297,354,274,300,337,412,355,211,243,234,488,231,216,261,360,351
"617",290,317,294,346,278,298,352,432,336,183,241,263,498,251,213,238,384,345
"618",258,351,270,390,241,332,331,451,322,218,335,304,444,299,251,287,360,451
"619",284,337,296,373,281,330,328,518,379,210,221,275,501,317,233,271,379,340
"620",268,243,261,348,226,296,313,428,360,215,261,294,494,236,192,257,347,413
"621",315,345,320,415,289,319,348,491,307,224,263,298,456,325,208,263,373,422
"622",301,324,312,415,265,303,385,491,309,232,253,311,450,284,263,264,396,439
"623",305,328,305,370,248,324,307,459,388,213,283,333,462,323,248,251,386,382
"624",250,244,264,340,219,291,329,420,366,232,253,256,496,223,204,252,350,421
"625",284,333,295,364,274,322,307,448,377,206,261,349,432,312,262,269,364,384
"626",272,258,289,381,231,320,334,516,309,228,272,308,462,283,215,306,357,428
"627",274,331,279,386,248,322,307,452,382,203,300,313,500,296,259,256,408,360
"628",265,259,264,366,224,309,325,430,338,216,277,271,517,242,209,249,335,387
"629",268,338,287,381,257,325,297,452,298,206,301,295,454,288,247,276,381,459
"630",286,348,296,395,248,332,315,474,299,227,299,317,458,302,254,290,367,428
"631",278,323,294,373,275,317,295,447,380,191,278,319,456,293,247,260,369,396
"632",294,331,297,384,232,330,327,466,339,193,300,317,475,306,243,293,364,451
"633",264,339,286,391,278,338,338,461,316,218,316,311,471,307,276,251,362,466
"634",311,320,278,383,256,323,350,504,314,210,244,289,476,320,212,284,391,411
"635",288,321,286,359,229,326,299,448,387,209,273,312,476,293,254,256,367,362
"636",300,309,285,365,296,315,313,483,359,204,230,283,470,289,245,273,400,383
"637",263,257,304,380,218,335,337,511,313,227,282,315,479,295,218,278,387,464
"638",286,333,290,371,272,325,319,442,381,190,251,331,472,304,280,235,360,388
"639",280,340,289,357,242,306,318,378,391,210,292,282,507,247,256,253,353,409
"640",289,295,288,362,279,312,336,522,352,189,245,263,485,270,250,284,385,407
"641",262,344,281,338,240,310,308,439,367,557,311,254,514,253,257,208,322,407
"642",298,343,293,372,252,322,364,512,318,217,275,282,457,294,234,306,400,409
"643",308,312,283,374,293,323,300,497,376,217,220,297,490,302,232,263,381,364
"644",296,318,525,364,250,325,297,446,378,222,290,310,479,287,245,309,349,406
"645",292,362,273,343,300,302,327,417,349,176,236,216,505,236,215,497,376,381
"646",318,329,305,389,289,335,385,519,321,227,243,270,444,328,228,278,376,422
"647",273,341,280,359,276,303,317,373,344,198,280,279,513,230,250,253,337,430
"648",267,337,267,354,243,316,334,374,376,210,282,279,510,282,247,234,342,428
"649",313,335,278,369,300,327,323,492,386,209,241,288,522,291,205,268,393,392
"650",274,326,289,364,237,337,299,466,369,201,272,314,476,291,263,263,379,403
"651",307,319,285,347,296,318,327,504,394,220,261,291,480,314,213,254,387,361
"652",257,249,282,344,234,296,306,487,349,350,270,246,480,219,225,237,366,420
"653",253,247,290,394,240,316,331,513,307,234,279,294,481,301,230,273,380,463
"654",261,222,523,354,243,303,295,493,373,229,260,300,481,267,240,270,372,405
"655",261,223,315,356,256,311,320,494,375,215,268,307,440,267,219,262,398,414
"656",291,331,298,391,257,330,322,441,303,193,286,306,439,303,241,270,384,456
"657",289,324,267,363,269,301,341,418,368,171,254,250,521,265,205,248,379,385
"658",286,326,282,360,256,332,300,455,373,205,277,325,494,316,239,262,370,347
"659",267,238,293,388,254,328,326,534,300,262,275,315,446,288,231,273,386,444
"660",273,318,280,399,252,318,344,486,322,202,246,260,435,282,238,276,409,446
"661",279,342,296,397,261,340,342,464,333,196,301,323,437,309,247,269,361,432
"662",309,323,297,374,313,328,335,510,377,222,205,281,490,298,213,241,396,383
"663",271,233,284,363,232,306,310,484,358,217,269,308,479,253,236,279,359,367
"664",272,227,297,357,249,308,299,493,351,210,259,296,472,273,253,274,388,434
"665",285,341,301,402,285,326,342,467,325,211,312,296,447,309,255,287,388,441
"666",269,239,272,354,268,322,288,527,381,242,266,340,492,279,216,257,399,383
"667",284,325,300,363,271,325,348,398,377,197,232,239,489,242,244,277,373,383
"668",274,339,311,397,244,324,330,461,285,227,275,314,424,311,258,279,380,471
"669",275,331,278,406,242,327,324,477,313,221,318,319,466,325,256,303,372,446
"670",295,331,284,367,266,320,305,452,380,211,293,326,469,313,260,261,353,390
"671",268,267,270,355,221,311,324,422,360,219,281,270,519,242,189,256,339,389
"672",254,350,257,391,251,389,330,372,378,167,268,294,461,241,234,234,344,404
"673",289,308,282,371,291,322,322,504,373,204,237,278,477,296,238,239,384,348
"674",257,249,278,356,197,277,328,437,344,213,275,248,502,238,221,247,337,436
"675",249,257,263,338,222,283,330,433,364,200,276,246,511,218,227,271,346,421
"676",303,329,305,394,276,328,360,478,284,215,236,271,437,270,242,277,419,429
"677",324,337,306,397,267,333,337,490,294,223,246,269,438,313,206,290,383,455
"678",260,228,298,363,250,328,317,509,372,234,257,334,495,288,221,274,374,414
"679",290,361,272,342,283,287,321,378,361,203,306,319,515,229,248,216,367,411
"680",287,344,270,354,239,304,309,374,372,191,284,274,504,249,241,244,341,381
"681",254,258,272,341,224,297,336,405,358,199,256,252,504,224,199,249,334,431
"682",265,229,270,344,245,292,333,426,357,224,276,276,506,236,240,273,355,391
"683",294,357,298,399,275,351,374,509,286,209,268,273,456,297,263,259,403,441
"684",259,235,298,387,225,324,339,512,317,240,293,302,447,313,219,288,380,461
"685",306,335,297,382,290,334,328,507,371,200,219,284,464,289,213,243,391,364
"686",273,348,255,355,245,299,314,390,383,208,285,271,525,266,248,231,354,404
"687",269,237,269,347,247,316,296,486,364,227,261,296,499,268,227,258,358,395
"688",287,242,273,347,227,310,316,434,348,214,256,237,507,212,223,265,346,406
"689",259,256,268,344,231,302,325,439,358,216,266,282,472,233,215,248,352,443
"690",259,249,272,342,235,295,334,441,351,205,268,251,521,230,215,252,349,406
"691",249,274,259,343,219,308,318,430,351,230,246,252,502,233,206,260,355,419
"692",306,346,276,347,254,326,340,430,362,177,246,274,514,286,185,241,371,358
"693",275,336,313,398,252,325,348,447,312,233,311,299,432,315,229,298,390,442
"694",270,327,290,364,266,329,289,447,382,225,293,336,500,306,279,264,349,400
"695",311,327,316,398,273,325,358,482,321,220,256,274,463,300,254,267,399,427
"696",303,341,285,351,267,315,347,461,361,201,257,240,498,249,215,240,357,378
"697",300,342,306,405,281,343,370,545,332,219,248,283,462,293,208,271,399,417
"698",264,343,288,362,232,306,333,384,362,206,289,297,524,259,202,242,366,381
"699",297,334,279,377,309,326,323,490,382,224,223,294,488,298,217,259,375,354
"700",256,240,247,346,225,305,317,430,356,182,273,270,477,241,201,244,358,432
"701",285,330,326,391,279,311,354,547,304,232,276,273,454,291,234,265,390,442
"702",281,322,264,358,257,320,331,431,375,192,256,249,517,255,203,249,368,346
"703",263,223,288,376,260,327,309,519,353,225,263,309,478,288,201,260,354,388
"704",286,244,688,377,244,320,325,484,306,226,288,298,479,288,239,292,381,476
"705",271,348,299,382,262,309,322,467,316,201,287,280,440,300,239,257,389,487
"706",299,361,285,388,261,326,333,447,310,219,337,312,442,321,241,285,362,450
"707",264,340,275,353,254,321,314,403,375,219,299,286,489,266,233,246,353,393
"708",267,227,278,363,272,323,304,496,341,226,272,293,489,271,231,259,372,402
"709",310,342,294,380,255,319,356,446,283,219,325,311,463,319,256,274,363,473
"710",274,215,274,367,258,324,303,505,357,224,232,326,492,298,219,284,379,399
"711",283,235,299,361,236,307,300,509,369,234,247,312,478,272,230,275,378,420
"712",239,255,279,340,231,303,325,421,328,226,261,252,500,212,193,248,372,428
"713",275,245,297,371,268,329,350,539,309,235,279,301,438,297,220,309,366,459
"714",326,338,289,359,261,313,337,430,378,191,242,217,492,265,205,236,369,346
"715",260,355,287,388,288,324,339,452,294,213,304,295,445,292,247,268,346,467
"716",274,242,300,392,222,331,330,528,320,248,271,297,451,281,186,282,396,435
"717",280,339,287,391,239,325,336,434,297,190,308,312,467,295,279,306,374,448
"718",263,346,281,349,254,317,316,365,353,189,279,284,507,247,230,253,330,402
"719",319,318,286,364,303,329,335,511,372,218,230,301,476,292,246,264,386,364
"720",271,247,289,370,246,311,327,510,312,227,290,280,423,284,235,279,367,452
"721",272,229,283,381,223,318,342,504,307,233,319,283,462,316,218,304,370,457
"722",264,232,290,354,256,307,309,487,369,214,265,295,481,257,228,290,359,424
"723",286,241,305,414,232,319,346,510,315,230,282,287,505,288,194,272,403,461
"724",263,245,264,362,246,309,348,429,373,225,266,266,458,253,193,266,365,376
"725",287,328,289,385,254,342,348,530,335,241,248,244,441,298,235,269,420,413
"726",269,338,278,348,226,318,314,383,358,210,285,284,519,265,236,258,348,379
"727",249,239,294,372,268,318,324,527,303,243,289,279,455,280,214,280,391,487
"728",292,318,289,377,269,321,312,453,385,220,266,332,468,330,248,251,390,368
"729",284,325,279,407,273,327,359,497,311,217,270,259,484,288,254,249,414,443
"730",275,260,279,348,225,310,312,463,371,226,244,253,500,243,200,276,374,409
"731",242,276,280,352,232,300,313,442,359,219,263,252,492,219,210,252,371,416
"732",272,236,286,376,241,315,350,500,315,242,260,308,449,268,224,281,401,471
"733",277,317,273,374,269,323,292,440,384,222,292,309,481,283,263,260,348,417
"734",293,332,306,423,295,324,362,503,299,207,243,272,514,288,231,273,394,456
"735",242,245,280,347,231,299,329,426,356,218,269,253,498,213,226,231,350,424
"736",288,335,274,370,280,303,319,434,372,192,274,232,479,239,248,256,367,424
"737",288,327,301,373,264,323,300,443,378,206,283,333,463,324,235,246,355,368
"738",265,343,271,363,226,316,328,384,357,206,281,293,523,276,239,258,326,385
"739",297,324,318,365,294,319,319,504,400,212,229,289,482,305,241,246,414,350
"740",270,325,297,376,268,313,292,465,354,221,296,323,501,309,239,261,371,387
"741",258,249,274,339,228,311,304,458,369,216,284,262,488,241,180,246,380,394
"742",274,343,273,353,253,327,339,395,375,184,294,270,519,258,198,245,360,392
"743",249,269,270,362,221,311,306,439,352,207,259,258,608,221,210,234,358,401
"744",268,335,292,376,261,317,284,445,373,258,256,333,490,282,266,249,349,386
"745",279,317,268,364,304,293,337,435,394,202,232,202,492,244,221,240,376,408
"746",288,331,284,365,281,309,339,429,371,197,257,253,505,270,214,231,363,377
"747",292,352,301,396,237,339,314,475,315,217,281,321,485,294,242,302,380,439
"748",308,334,266,389,276,335,360,521,329,203,253,280,477,299,221,287,383,435
"749",270,337,258,344,236,316,319,394,349,200,299,259,515,253,272,244,337,421
"750",299,330,280,363,280,335,321,501,383,215,234,294,481,314,206,254,387,338
"751",245,242,274,344,232,303,331,433,338,220,256,252,536,225,200,264,369,395
"752",285,340,289,374,271,313,334,435,359,188,232,234,484,257,213,234,349,364
"753",274,234,300,383,231,336,351,509,313,231,285,286,464,307,207,269,399,462
"754",301,306,283,356,296,311,323,509,372,209,242,273,466,293,237,228,386,374
"755",249,254,265,391,260,315,332,498,300,237,304,279,445,259,227,285,397,506
"756",278,326,296,408,282,331,356,510,316,207,280,256,445,296,225,260,416,434
"757",298,339,294,369,285,317,328,468,361,202,237,284,481,261,227,259,397,385
"758",265,249,283,382,216,317,331,528,311,220,298,317,442,296,198,293,382,444
"759",275,331,297,391,260,333,337,464,313,221,334,333,476,304,242,298,391,424
"760",258,232,291,376,250,332,325,515,286,218,284,274,445,285,217,291,401,469
"761",312,320,299,367,316,334,332,482,372,206,224,268,509,304,204,249,386,395
"762",256,354,278,356,237,304,314,378,372,172,286,285,503,243,252,244,336,413
"763",277,240,283,374,229,318,344,515,295,248,263,294,459,293,207,304,397,477
"764",268,339,311,379,252,338,354,475,313,209,301,337,453,306,201,273,370,479
"765",268,336,296,379,273,319,315,475,376,222,276,347,475,289,257,261,364,392
"766",258,229,278,351,227,325,324,414,352,208,269,260,519,236,237,237,368,442
"767",282,312,280,359,317,327,333,489,355,221,216,292,480,273,250,236,405,397
"768",248,230,263,344,230,284,330,419,364,213,263,255,479,217,215,246,368,423
"769",276,340,293,372,257,332,292,494,389,207,294,343,460,288,244,274,350,426
"770",302,348,324,383,288,356,378,503,297,210,227,297,467,303,228,281,397,435
"771",264,246,266,393,244,316,331,532,310,231,277,310,454,284,215,305,386,457
"772",257,240,258,350,252,301,311,411,356,207,248,269,481,234,209,266,344,398
"773",277,219,284,366,241,319,310,513,392,233,287,280,490,299,207,265,384,381
"774",287,346,410,356,290,317,334,488,383,186,231,287,475,296,214,240,391,344
"775",302,331,311,385,269,340,342,525,321,217,258,279,467,303,214,273,412,419
"776",258,230,258,403,228,307,336,505,305,221,262,268,459,280,217,301,381,514
"777",300,317,282,339,269,303,360,424,373,201,257,245,495,240,229,233,350,373
"778",301,345,286,361,276,296,346,452,373,183,230,231,503,247,239,231,598,364
"779",274,253,285,362,236,316,299,507,373,223,269,297,446,252,231,791,368,423
"780",275,229,264,375,251,313,302,511,363,222,240,280,482,270,224,279,379,417
"781",273,340,307,398,247,316,340,459,325,210,303,305,428,285,239,275,352,457
"782",276,260,314,383,237,314,337,533,308,234,292,305,471,278,218,314,388,443
"783",272,223,280,362,243,310,311,519,379,232,258,298,478,294,197,275,373,425
"784",242,251,264,349,238,290,332,455,352,213,259,228,538,227,213,255,367,449
"785",317,307,284,374,272,316,343,467,399,213,239,281,498,280,211,252,396,371
"786",270,327,271,359,254,318,316,459,375,192,276,326,480,296,255,240,348,378
"787",284,344,267,362,224,305,309,402,368,187,330,271,516,287,214,287,360,367
"788",327,310,293,397,277,326,357,508,298,206,277,315,454,314,222,277,384,428
"789",241,249,263,344,235,298,316,441,363,203,261,268,483,221,218,259,355,423
"790",285,362,263,358,258,313,304,385,360,194,281,289,503,241,243,223,330,400
"791",290,322,283,413,269,345,349,496,313,219,266,303,477,309,244,270,365,450
"792",288,374,307,399,253,332,349,516,312,215,265,225,443,286,219,280,374,476
"793",279,324,269,336,258,294,357,457,351,204,236,210,512,252,212,226,350,369
"794",294,355,282,341,292,317,346,451,363,175,237,230,515,253,223,222,357,371
"795",280,227,271,348,228,294,331,453,358,219,282,259,483,223,216,288,387,402
"796",249,225,284,360,239,321,307,498,375,230,251,312,475,261,235,269,402,426
"797",305,308,303,385,273,319,352,501,312,218,264,275,444,260,227,285,400,432
"798",299,324,301,380,267,342,339,512,313,210,260,269,462,282,235,253,411,429
"799",298,348,264,364,252,310,314,372,380,198,289,291,490,250,221,252,336,369
"800",549,333,258,365,247,302,338,440,366,189,234,215,478,241,231,262,354,386
"801",311,320,294,395,286,328,372,509,331,230,264,274,458,270,234,279,405,411
"802",290,351,292,392,262,327,343,462,299,233,297,322,451,327,238,271,346,436
"803",266,232,259,361,227,307,329,436,350,209,275,253,488,232,200,280,341,382
"804",321,339,276,368,273,325,317,495,389,224,244,318,507,298,218,262,380,355
"805",246,230,274,392,244,314,338,503,268,249,254,324,425,281,223,283,393,465
"806",306,349,297,361,282,306,346,447,356,195,256,256,475,248,217,239,366,385
"807",264,329,261,341,266,309,350,441,355,176,253,235,484,251,280,225,358,406
"808",268,227,270,348,254,319,328,424,375,195,264,282,518,247,176,261,339,386
"809",269,347,278,370,251,325,335,382,345,199,295,276,509,258,246,250,328,379
"810",295,315,278,370,281,303,326,477,377,193,226,284,468,292,253,233,402,380
"811",288,354,284,363,240,310,305,362,372,205,300,269,498,294,218,254,320,403
"812",263,239,286,372,239,309,326,499,296,219,287,285,462,276,250,275,346,460
"813",242,270,284,358,220,304,315,418,366,206,274,274,495,247,203,264,383,422
"814",305,339,305,369,294,317,334,482,388,214,244,273,480,295,231,243,592,353
"815",276,220,283,363,248,332,290,500,364,222,264,319,461,290,237,265,375,401
"816",301,261,278,352,213,304,320,424,353,215,273,240,503,213,237,228,366,393
"817",298,336,299,378,270,331,306,448,377,191,274,333,484,317,252,253,382,371
"818",277,315,283,358,273,332,320,531,377,209,246,271,493,303,250,665,396,376
"819",271,244,294,362,220,321,315,430,366,208,260,258,505,239,205,253,361,426
"820",291,249,300,381,229,318,359,489,295,224,266,308,461,292,227,302,384,471
"821",292,347,297,397,286,324,345,487,332,208,238,269,457,300,230,280,393,409
"822",301,326,311,391,267,324,347,506,311,250,249,256,492,293,265,293,391,441
"823",272,248,281,354,263,318,305,507,383,230,261,297,478,287,231,262,379,393
"824",285,327,293,407,268,337,303,443,383,239,266,296,487,281,252,250,365,378
"825",293,339,299,407,288,318,357,486,322,231,271,262,455,302,223,280,399,440
"826",272,342,298,407,255,324,332,464,308,231,325,341,470,317,249,281,377,446
"827",283,340,305,401,236,337,336,461,307,221,306,337,457,323,276,307,366,430
"828",255,235,299,377,230,321,341,481,279,235,280,286,460,267,242,289,387,467
"829",246,247,297,378,225,324,336,509,300,235,276,279,453,275,224,271,404,460
"830",268,343,291,362,240,320,335,401,371,193,288,296,503,270,221,263,343,393
"831",301,289,289,363,297,316,325,451,383,191,226,302,512,268,211,253,384,383
"832",266,256,268,352,231,312,332,453,362,220,264,264,501,236,196,268,371,421
"833",295,333,315,372,312,322,312,495,395,222,226,278,470,305,203,269,418,370
"834",281,328,295,356,264,306,352,432,364,190,247,242,516,231,239,245,380,387
"835",272,353,299,390,229,332,317,464,313,216,314,319,444,326,257,259,359,449
"836",258,226,270,359,243,305,312,493,355,226,267,289,473,290,245,299,379,425
"837",282,227,278,369,235,307,312,501,392,230,255,305,476,271,227,263,377,370
"838",274,233,283,397,227,317,341,537,311,225,279,308,466,287,237,295,393,467
"839",260,222,279,345,233,307,298,485,368,220,276,282,483,273,241,266,357,414
"840",276,323,276,361,256,306,305,445,374,220,283,298,477,291,263,235,372,421
"841",305,345,267,383,294,326,361,520,309,204,260,253,465,281,267,248,406,448
"842",304,298,291,359,288,312,331,454,388,202,219,302,484,318,238,275,394,336
"843",273,228,286,396,228,329,341,511,293,252,287,309,470,292,234,279,390,459
"844",242,230,250,349,217,309,322,430,365,188,266,267,496,226,216,249,379,430
"845",282,343,299,402,250,336,325,452,310,218,290,326,450,308,282,281,344,450
"846",299,314,296,391,271,307,326,513,374,206,222,292,483,272,254,221,373,377
"847",243,252,274,513,222,318,316,417,376,211,303,244,468,233,214,231,340,416
"848",276,237,269,363,249,313,320,404,349,199,243,267,487,213,204,269,470,417
"849",259,229,268,364,253,319,302,467,384,227,261,306,485,288,211,271,372,390
"850",278,344,278,366,238,318,312,388,370,224,277,285,491,279,219,245,352,408
"851",288,337,304,399,277,329,359,494,291,220,254,280,471,313,243,275,405,449
"852",276,346,297,366,253,307,336,379,363,194,282,270,498,260,233,394,341,390
"853",365,253,277,380,227,325,335,561,315,217,266,297,451,262,241,289,392,469
"854",283,339,291,352,249,303,351,427,347,199,217,211,507,235,233,226,385,372
"855",301,318,300,354,314,332,329,500,385,209,226,288,488,310,230,244,403,377
"856",278,330,276,358,263,327,303,446,377,210,292,330,497,292,266,243,356,409
"857",307,324,277,365,313,312,330,504,384,204,208,279,496,288,235,256,411,378
"858",265,223,281,358,249,310,293,504,365,236,259,311,497,286,223,272,372,410
"859",278,346,284,346,276,321,327,381,363,217,298,297,529,273,232,253,329,375
"860",265,212,262,355,216,328,316,489,377,234,259,293,491,287,219,259,375,430
"861",259,226,288,367,224,314,290,509,369,230,278,309,487,280,232,259,392,401
"862",263,252,290,382,245,326,303,510,356,236,248,317,486,297,224,277,395,364
"863",309,345,277,351,260,306,329,415,369,185,250,246,509,249,186,258,386,365
"864",258,252,273,367,248,298,330,438,343,198,289,286,492,249,199,245,347,405
"865",288,320,311,373,259,328,303,457,375,199,276,335,469,309,229,267,361,385
"866",296,330,303,380,288,313,386,502,302,211,241,246,444,293,217,250,397,446
"867",316,328,292,382,286,336,361,500,333,213,258,289,475,299,223,273,388,420
"868",312,229,277,353,235,303,309,481,366,226,251,308,478,248,226,253,376,425
"869",795,265,295,377,227,317,334,1147,286,231,273,318,438,275,253,277,382,454
"870",264,341,306,380,231,331,341,446,310,219,312,315,462,283,255,261,363,486
"871",274,323,379,366,243,322,296,440,349,198,280,308,501,279,294,259,351,366
"872",246,252,288,339,227,309,319,455,368,204,272,280,510,211,210,268,351,396
"873",285,347,288,379,234,324,341,452,320,212,306,330,476,321,239,292,362,441
"874",261,235,281,378,240,333,336,535,297,236,290,299,450,296,208,292,382,472
"875",283,337,301,370,243,324,343,446,306,196,296,306,476,311,255,266,366,487
"876",285,327,294,408,264,323,316,476,331,217,287,312,478,320,261,284,353,447
"877",260,338,264,342,230,308,333,374,375,184,276,273,484,232,233,245,346,409
"878",277,326,290,364,300,317,332,489,350,205,222,294,515,255,243,237,407,373
"879",259,246,281,366,224,308,320,423,349,215,254,285,492,240,209,266,354,386
"880",285,329,299,391,238,334,339,455,313,206,298,314,483,312,273,298,357,483
"881",297,327,282,362,290,326,327,473,389,209,236,304,474,287,250,263,374,378
"882",300,341,289,401,279,330,356,528,303,207,239,290,452,294,233,281,400,418
"883",283,329,298,363,251,333,312,442,374,221,290,333,461,302,232,259,363,376
"884",265,248,303,357,242,313,304,511,387,223,245,313,498,279,220,275,385,372
"885",301,327,302,368,266,327,328,440,354,216,269,331,489,297,257,246,390,388
"886",247,228,275,338,254,304,329,431,362,194,260,233,493,230,233,263,351,435
"887",265,260,274,339,225,307,341,419,372,222,271,279,495,245,219,250,352,420
"888",281,337,267,351,227,305,342,369,364,187,293,259,505,237,260,223,333,411
"889",260,231,283,401,228,324,331,510,288,245,267,302,460,263,227,277,368,466
"890",297,336,265,338,264,304,350,438,473,177,236,217,498,256,228,254,348,385
"891",259,214,278,361,248,298,294,500,372,199,278,286,490,257,234,257,369,424
"892",317,320,294,376,300,326,318,480,382,205,227,271,484,296,210,237,396,342
"893",291,328,313,367,269,320,293,454,368,223,288,335,505,323,224,268,372,400
"894",261,243,280,389,227,313,335,427,361,208,268,254,498,223,211,246,347,414
"895",308,337,285,362,256,301,361,428,374,215,256,268,517,246,193,240,385,339
"896",289,337,299,422,290,322,372,499,310,189,240,291,475,304,209,293,378,418
"897",253,241,263,363,233,326,305,491,440,207,257,288,477,274,250,252,385,418
"898",265,236,275,359,244,316,297,485,366,222,257,315,475,248,252,272,393,393
"899",254,237,255,347,229,306,317,460,351,209,251,277,515,240,180,253,369,373
"900",299,344,298,389,254,336,342,454,306,219,300,308,445,302,256,263,388,466
"901",270,337,288,397,278,316,315,470,329,218,316,338,461,322,256,293,381,451
"902",251,234,253,351,228,303,314,419,351,224,255,266,495,240,226,232,342,427
"903",254,246,267,351,217,300,320,437,352,195,277,250,513,233,194,278,365,420
"904",264,228,272,357,267,320,292,494,391,219,262,337,481,284,215,274,373,407
"905",292,332,297,350,256,300,353,425,355,195,261,235,497,255,222,251,362,352
"906",314,343,306,386,288,324,351,517,309,221,257,293,442,304,220,267,400,415
"907",581,331,296,364,227,341,306,384,369,186,290,293,507,246,247,244,380,396
"908",262,357,296,623,245,316,357,450,299,211,319,322,451,306,266,268,358,487
"909",266,229,272,355,250,313,319,497,361,229,261,273,488,250,230,279,361,377
"910",273,338,290,368,243,319,310,388,362,211,314,305,492,254,221,231,320,389
"911",252,219,283,359,231,318,301,504,368,237,243,285,488,276,229,267,378,410
"912",268,254,263,360,235,306,330,434,344,212,276,267,543,232,232,273,346,401
"913",260,249,262,358,235,292,330,421,363,209,281,255,482,216,215,251,373,412
"914",269,349,287,385,258,320,335,461,336,202,294,306,459,289,244,273,370,436
"915",267,235,263,345,222,297,324,427,365,194,239,226,515,229,207,239,370,437
"916",262,354,264,371,230,313,331,373,369,195,273,268,486,225,210,252,353,424
"917",272,333,301,370,254,308,299,439,371,199,270,312,475,287,244,245,368,396
"918",289,342,286,389,282,311,366,494,292,212,246,243,456,280,238,276,406,450
"919",288,326,276,372,272,342,304,461,387,200,289,363,480,304,250,229,348,378
"920",281,347,304,389,238,330,327,458,323,220,318,335,457,310,270,276,390,462
"921",283,339,301,389,258,317,355,514,306,196,281,259,452,281,229,269,393,480
"922",318,311,286,365,297,314,336,508,376,205,227,266,482,307,233,260,389,372
"923",301,311,292,365,266,307,316,516,376,214,223,298,488,287,197,237,394,348
"924",308,354,286,402,291,314,341,518,314,225,264,301,461,292,218,272,414,480
"925",261,218,288,361,261,298,315,504,370,243,257,307,467,300,204,294,389,386
"926",256,239,260,336,222,297,337,439,353,215,277,257,524,221,211,267,345,406
"927",270,227,290,368,248,324,295,504,359,225,259,287,488,286,234,284,367,386
"928",288,334,274,370,288,315,343,430,359,198,260,263,516,263,228,239,350,362
"929",240,238,260,352,229,301,324,433,352,214,257,258,489,227,233,253,346,431
"930",280,243,276,350,205,321,325,413,357,201,262,258,518,216,220,229,362,439
"931",309,342,294,389,256,322,356,511,310,228,248,276,475,305,234,283,408,418
"932",266,234,276,362,238,314,288,523,398,222,256,326,486,273,205,272,377,383
"933",265,343,281,353,221,323,299,369,372,195,306,276,507,242,252,211,458,374
"934",315,317,294,357,272,334,338,493,361,219,245,303,491,302,242,239,381,315
"935",259,343,266,343,246,305,363,435,371,195,239,209,504,235,224,247,363,408
"936",302,319,296,378,281,324,316,490,376,196,265,292,489,302,220,244,385,331
"937",297,328,287,353,233,299,328,394,347,173,298,262,524,256,240,249,324,414
"938",267,242,296,399,241,309,329,522,308,231,261,302,450,271,219,275,390,508
"939",292,324,278,358,296,313,327,494,374,182,265,281,469,303,276,243,396,363
"940",286,342,282,403,258,322,336,452,303,197,308,312,465,297,256,257,583,487
"941",264,240,285,374,242,323,343,486,314,243,269,299,436,283,220,300,400,460
"942",260,348,278,355,249,309,318,387,364,199,284,296,506,288,209,251,351,379
"943",287,343,267,361,248,329,313,401,384,212,308,261,524,268,188,262,337,399
"944",273,343,281,365,263,316,301,465,1091,201,274,338,477,289,258,247,363,403
"945",308,336,295,380,274,326,357,477,296,221,289,262,422,296,239,251,407,476
"946",261,363,286,348,234,300,326,411,353,203,271,278,507,257,250,280,342,412
"947",289,330,294,365,262,319,314,465,367,207,275,345,511,310,252,264,382,404
"948",272,243,288,406,231,318,331,515,293,256,273,291,451,284,207,269,385,441
"949",256,247,282,411,230,310,313,513,293,227,286,306,452,286,246,280,383,452
"950",261,357,280,351,245,317,327,383,367,180,293,283,496,260,243,226,340,441
"951",281,360,280,393,256,331,325,448,329,219,307,330,443,273,247,371,355,481
"952",278,311,264,370,268,318,334,428,367,209,239,230,484,248,190,239,358,365
"953",310,343,295,371,263,306,339,430,359,222,264,243,509,252,205,254,378,368
"954",301,346,293,401,277,335,354,489,332,212,318,334,483,340,252,280,387,485
"955",266,338,317,389,294,319,360,508,278,214,259,235,458,276,238,284,402,446
"956",288,329,292,362,257,316,306,446,359,192,264,352,483,301,233,284,346,399
"957",267,259,274,349,242,305,331,447,373,206,258,282,524,224,195,248,360,407
"958",291,330,308,357,262,347,288,453,373,224,292,322,471,298,248,254,368,382
"959",258,245,284,350,214,314,323,431,394,201,269,256,482,230,201,246,373,400
"960",283,347,262,371,254,303,319,393,380,171,301,258,496,244,222,333,338,421
"961",244,222,280,373,227,300,333,507,301,232,267,292,438,276,256,280,395,495
"962",261,238,299,383,241,313,345,484,321,226,278,273,474,260,234,344,377,479
"963",288,325,323,396,258,320,364,632,311,184,276,258,458,298,237,257,415,449
"964",255,265,272,376,253,307,318,525,320,250,259,294,463,264,238,278,398,441
"965",291,349,293,360,292,300,333,433,356,192,240,277,514,247,221,230,382,373
"966",302,317,290,382,277,322,377,503,315,1386,268,271,463,290,253,266,414,479
"967",293,339,299,410,273,322,358,512,315,220,257,276,442,286,232,262,388,433
"968",276,324,292,377,258,332,291,450,364,214,260,334,479,292,265,256,361,386
"969",291,345,305,371,252,320,322,473,376,225,309,313,461,275,287,254,358,471
"970",299,327,273,373,294,333,313,514,390,236,228,302,483,297,249,262,394,370
"971",288,341,288,390,247,342,330,450,290,205,283,304,451,308,238,260,379,436
"972",266,341,277,395,228,331,313,446,592,223,309,301,470,292,270,258,370,476
"973",318,333,290,413,282,344,359,505,300,211,234,274,478,289,220,273,401,431
"974",327,295,286,370,280,336,319,490,366,188,245,308,486,291,215,262,413,354
"975",302,348,271,383,253,315,353,425,371,188,225,249,545,260,234,265,368,341
"976",292,339,289,382,269,329,356,515,306,256,259,285,474,293,248,277,389,397
"977",273,248,305,399,236,320,351,521,300,323,288,322,423,261,242,284,376,488
"978",277,229,296,374,240,308,301,495,378,234,243,332,502,284,225,286,372,382
"979",265,349,288,340,232,305,313,372,352,195,285,253,467,258,248,251,313,414
"980",269,227,302,387,268,318,326,509,301,224,282,313,455,300,209,291,359,458
"981",302,342,289,359,264,319,364,415,353,194,247,253,483,233,233,215,388,352
"982",293,305,285,370,300,323,330,478,379,201,215,287,507,283,236,261,371,399
"983",272,331,303,371,270,329,294,452,359,185,287,277,466,285,249,253,374,398
"984",264,341,293,381,243,319,326,457,322,214,307,325,437,287,261,260,378,465
"985",264,338,278,369,254,311,319,375,351,209,283,275,500,238,245,245,345,415
"986",268,238,270,392,236,319,323,500,324,229,288,282,459,288,212,277,387,445
"987",291,325,256,346,278,307,337,416,374,301,248,216,505,245,240,259,378,367
"988",275,236,298,359,251,312,288,484,372,212,255,313,478,268,217,253,381,381
"989",253,252,279,358,228,305,316,443,340,218,263,241,487,218,206,259,359,430
"990",266,345,282,393,250,343,323,467,298,209,301,284,431,295,259,281,362,448
"991",270,210,262,358,236,325,291,488,381,256,264,308,499,286,247,283,382,371
"992",289,327,281,365,252,331,290,449,374,204,279,321,501,311,248,260,378,399
"993",283,314,279,349,272,315,351,421,373,175,245,211,482,237,243,252,372,404
"994",252,249,284,351,213,287,326,418,355,369,253,254,543,218,236,255,364,430
"995",294,355,270,353,271,314,352,420,366,224,245,236,495,268,219,255,377,373
"996",294,342,307,373,252,322,320,454,390,199,304,347,455,301,238,252,378,353
"997",282,327,303,356,251,329,308,444,382,209,281,322,454,313,247,249,361,398
"998",288,349,280,350,273,311,370,393,349,209,235,233,482,235,209,255,381,394
"999",267,313,274,364,251,326,303,489,363,198,275,325,497,301,232,242,353,416
"1000",298,320,290,367,242,322,299,450,362,243,273,340,488,287,227,265,385,360
