"","v Afghanistan","v Australia","v Bangladesh","v Bermuda","v Canada","v Hong Kong","v India","v Ireland","v Kenya","v Netherlands","v New Zealand","v Pakistan","v Scotland","v South Africa","v Sri Lanka","v U.A.E.","v West Indies","v Zimbabwe"
"1",359,281,378,278,461,323,312,273,282,336,273,402,370,288,320,321,253,279
"2",393,273,333,232,431,294,306,364,245,285,218,342,240,266,213,279,230,263
"3",372,264,290,245,433,284,304,267,241,301,271,336,346,282,308,282,306,241
"4",355,286,354,323,311,312,308,240,303,294,323,419,372,251,253,306,327,301
"5",353,282,376,245,432,297,279,261,248,316,237,393,294,259,282,300,274,233
"6",434,228,287,222,414,297,254,328,229,288,244,304,299,279,220,292,293,242
"7",293,265,263,208,407,264,262,229,231,269,244,332,275,262,272,258,242,201
"8",350,288,403,304,325,326,321,236,343,333,294,417,363,289,320,323,346,332
"9",430,276,282,243,440,301,296,299,256,317,288,369,403,259,238,298,261,274
"10",298,226,325,250,241,262,288,312,239,253,213,323,237,266,253,249,226,244
"11",439,250,318,245,452,324,296,295,287,348,303,401,354,261,235,323,293,283
"12",326,270,299,247,435,277,276,210,223,316,232,400,296,252,251,294,243,241
"13",406,245,381,236,456,288,283,311,257,323,228,328,232,253,266,304,273,269
"14",359,288,395,259,458,310,285,279,269,334,241,380,238,252,282,317,307,272
"15",346,290,395,274,458,313,251,254,267,312,282,381,302,272,340,320,317,277
"16",319,287,383,325,340,313,309,250,322,309,312,415,366,284,273,338,348,318
"17",224,290,411,276,302,289,331,251,282,297,325,356,301,326,346,347,327,303
"18",299,276,369,270,272,278,314,275,264,282,222,328,224,228,264,259,288,272
"19",330,275,318,222,421,267,278,307,224,293,269,364,259,305,270,279,234,230
"20",360,270,368,341,335,360,348,242,322,326,347,418,414,285,321,330,355,337
"21",221,249,368,248,274,267,287,248,269,253,268,325,289,269,335,255,310,268
"22",364,289,300,245,429,293,305,269,243,312,290,356,346,282,284,286,310,272
"23",335,312,380,325,306,323,313,246,313,332,334,413,350,272,316,325,347,312
"24",1318,255,276,225,422,289,253,357,240,308,273,348,310,286,180,286,255,230
"25",264,287,342,279,267,284,287,215,287,283,278,382,257,275,290,275,273,290
"26",351,276,348,220,414,281,295,325,225,307,250,363,309,270,254,269,242,237
"27",330,234,284,212,407,249,274,273,224,270,221,308,270,261,253,241,226,224
"28",309,239,317,188,381,239,261,275,205,261,172,272,235,274,243,248,236,194
"29",682,300,367,237,442,272,277,346,244,300,237,360,220,287,237,284,252,241
"30",355,303,319,238,426,313,303,298,240,305,279,357,341,287,295,316,239,266
"31",416,203,337,212,411,274,281,361,236,295,245,345,273,280,233,276,209,235
"32",416,218,351,247,431,300,264,325,248,325,284,326,281,262,263,292,259,277
"33",246,223,394,246,256,789,324,266,266,261,249,313,227,306,297,266,287,272
"34",313,248,309,274,277,275,312,247,277,271,309,361,325,294,254,286,305,786
"35",297,249,393,284,289,313,281,280,288,278,268,354,283,247,285,281,264,296
"36",315,317,306,207,419,266,254,221,215,296,194,367,255,233,220,261,274,247
"37",251,266,398,283,289,268,302,286,281,283,289,387,279,271,278,286,272,298
"38",317,248,318,200,412,252,252,304,234,281,201,312,220,282,254,421,272,228
"39",209,265,374,273,274,252,319,232,258,254,234,358,231,284,321,260,306,276
"40",449,295,318,249,456,299,320,297,275,334,300,375,360,297,260,306,347,273
"41",341,305,320,312,300,296,336,284,282,301,311,380,335,286,286,304,309,301
"42",284,246,434,291,293,290,313,270,293,286,317,355,270,303,354,286,294,295
"43",281,313,330,202,421,268,288,244,245,283,251,354,261,277,325,272,279,243
"44",274,260,311,226,406,272,278,250,214,457,250,359,280,285,296,272,264,210
"45",388,290,409,272,448,327,324,312,291,332,274,376,269,280,278,311,276,265
"46",287,262,372,298,280,285,296,265,286,286,262,368,250,232,303,280,277,298
"47",408,355,450,292,495,359,317,271,306,394,325,438,309,303,363,374,354,328
"48",276,252,378,250,263,273,298,315,257,262,234,346,251,272,291,907,248,262
"49",299,255,380,279,290,311,279,282,296,273,277,360,270,261,284,303,282,289
"50",448,287,298,262,462,304,322,353,262,333,321,419,356,296,243,298,301,260
"51",350,308,364,319,316,312,357,288,321,318,351,426,402,276,306,327,318,318
"52",367,235,313,247,450,289,292,247,287,315,273,361,328,227,281,290,230,265
"53",300,303,391,310,307,307,295,219,306,305,317,430,280,238,303,317,283,311
"54",358,235,338,313,293,273,323,245,296,303,343,377,373,271,289,309,315,312
"55",481,271,357,273,467,320,277,309,291,344,325,389,373,252,231,352,292,320
"56",400,309,439,301,507,362,323,293,314,366,315,414,319,295,310,333,330,303
"57",415,215,291,225,416,275,267,340,239,298,252,295,312,294,228,269,314,225
"58",337,238,370,269,461,294,276,246,267,326,308,360,299,300,340,307,329,280
"59",375,314,406,268,484,324,305,235,270,351,317,361,308,292,326,317,315,284
"60",456,316,352,273,498,358,323,271,275,353,303,400,389,253,277,328,324,323
"61",252,280,404,303,287,309,300,221,290,315,259,382,258,286,325,296,308,304
"62",401,207,383,247,431,295,258,316,246,321,267,352,280,267,282,304,245,258
"63",468,397,408,306,526,373,347,299,317,398,354,437,411,284,305,385,367,334
"64",372,305,381,252,433,307,297,349,238,317,242,366,243,276,252,274,277,267
"65",340,225,316,293,277,270,302,267,284,278,301,320,337,240,280,290,309,300
"66",419,281,415,284,463,317,325,284,280,349,296,396,330,286,325,325,282,293
"67",349,313,294,221,416,270,283,285,209,289,256,395,310,240,269,234,229,237
"68",303,214,323,198,396,248,255,305,224,2109,219,306,218,292,264,255,277,221
"69",391,265,327,228,412,281,275,265,230,300,216,355,299,255,265,287,270,248
"70",374,326,402,290,483,341,313,270,304,358,322,432,320,259,321,321,314,272
"71",374,323,429,304,491,320,328,218,300,353,322,394,306,308,363,338,323,292
"72",263,276,346,236,423,280,281,242,211,295,225,346,295,311,301,272,311,225
"73",1861,207,276,203,403,233,288,276,207,279,202,310,272,271,242,250,229,208
"74",339,280,340,248,445,309,274,229,249,329,328,409,334,235,289,297,252,282
"75",287,286,388,284,274,280,312,327,282,307,267,361,276,300,299,288,267,303
"76",296,231,369,314,289,277,338,303,307,293,311,389,274,318,302,288,292,306
"77",315,294,292,202,406,265,276,292,226,284,237,366,275,259,257,264,255,249
"78",416,252,332,251,444,307,298,323,256,319,306,346,335,328,284,307,329,272
"79",415,274,394,271,482,321,318,292,296,360,306,416,330,271,303,328,279,308
"80",363,259,332,239,442,287,264,275,250,301,232,346,310,240,245,295,233,250
"81",242,169,349,244,251,254,310,263,243,234,246,301,236,280,290,257,247,255
"82",327,259,323,301,288,295,323,244,299,292,353,371,394,296,287,303,305,288
"83",391,287,376,264,460,309,296,246,281,331,269,406,291,289,304,323,311,289
"84",259,244,339,279,281,264,302,253,279,272,259,374,269,232,274,282,238,271
"85",445,220,343,224,429,277,279,358,249,302,263,372,301,277,255,273,203,266
"86",427,323,309,255,478,330,296,256,279,351,302,407,371,274,273,312,299,281
"87",327,288,266,214,391,250,269,279,200,304,221,344,263,254,190,247,237,200
"88",355,252,384,255,452,297,308,272,281,334,270,384,319,250,312,307,260,290
"89",453,310,363,289,494,328,299,311,281,364,335,394,367,295,269,321,315,302
"90",348,270,352,239,425,277,241,293,263,316,245,362,251,229,224,275,290,263
"91",358,304,396,246,429,273,330,279,553,315,265,367,254,296,267,1120,288,258
"92",467,313,387,313,507,374,322,314,307,376,362,408,409,297,305,362,319,319
"93",325,236,355,318,324,315,315,195,336,323,358,362,388,251,322,317,362,317
"94",318,230,304,193,376,233,259,278,198,263,190,293,220,254,249,242,236,229
"95",301,229,322,218,408,275,282,288,213,277,219,331,273,292,287,265,279,216
"96",335,248,335,213,404,251,257,284,205,277,228,324,217,287,237,261,283,230
"97",397,266,263,209,401,263,255,263,237,297,232,305,313,252,216,264,305,241
"98",382,247,408,266,456,309,290,323,271,332,274,378,290,299,277,319,275,274
"99",254,242,377,289,292,288,277,209,289,268,237,326,233,259,292,264,323,265
"100",352,256,303,239,429,284,266,259,252,299,226,355,294,255,250,275,227,271
"101",414,273,410,273,451,324,358,361,268,330,331,395,314,304,295,332,272,302
"102",352,298,320,236,984,281,306,323,247,298,233,357,262,282,237,282,271,256
"103",357,319,411,270,470,336,323,280,284,350,325,372,299,323,379,330,336,301
"104",400,246,355,249,446,308,324,350,286,332,291,369,312,321,278,309,231,259
"105",232,241,356,274,293,269,292,179,274,294,242,327,249,272,331,287,347,286
"106",390,321,421,279,495,336,305,269,287,364,328,436,331,284,335,340,313,301
"107",320,290,353,225,454,293,285,246,263,323,293,368,295,301,324,303,306,255
"108",348,260,370,233,422,280,266,348,233,299,232,374,230,284,272,275,255,240
"109",294,229,337,252,263,265,313,303,282,247,255,333,290,259,254,260,247,271
"110",273,262,341,349,285,265,283,281,252,235,280,353,264,266,262,273,252,276
"111",395,289,294,219,427,296,288,299,269,299,238,347,362,248,251,477,268,288
"112",371,238,278,205,409,243,274,332,222,278,226,355,255,279,249,252,216,226
"113",404,251,361,245,428,303,251,306,255,334,289,382,294,251,291,301,273,264
"114",383,210,388,227,433,307,244,300,245,310,239,321,243,292,285,301,277,243
"115",372,245,284,234,435,282,283,268,234,286,291,299,362,242,253,279,281,254
"116",277,277,323,214,412,274,297,237,213,275,228,355,300,292,304,250,299,239
"117",384,289,381,250,460,312,333,327,252,320,264,353,241,313,322,295,292,287
"118",384,320,369,251,443,299,279,291,262,315,241,362,240,247,253,295,312,285
"119",366,277,305,210,409,252,283,327,234,272,201,350,241,258,251,288,225,207
"120",390,298,389,269,455,313,299,274,266,318,244,354,239,274,295,303,306,277
"121",347,336,378,262,464,331,294,240,294,329,299,424,332,287,341,305,307,293
"122",481,286,340,279,486,337,322,341,283,357,385,408,409,313,260,329,284,305
"123",335,263,344,208,408,405,277,346,211,275,198,325,228,265,243,254,229,263
"124",282,256,365,276,284,266,277,271,278,283,211,339,216,236,271,260,254,262
"125",330,266,304,215,402,251,255,254,223,284,195,324,246,232,246,260,238,230
"126",402,255,377,234,438,294,276,314,249,304,272,382,263,271,265,289,218,282
"127",418,301,421,260,455,307,325,377,276,307,285,363,266,292,283,315,279,277
"128",382,291,380,238,768,272,296,318,276,335,298,376,324,277,274,295,262,280
"129",388,229,358,267,460,314,309,365,261,317,299,362,291,313,276,317,238,260
"130",368,242,294,207,412,259,281,307,230,285,235,332,325,239,204,255,195,227
"131",388,246,415,267,468,330,286,316,283,348,315,418,299,298,311,342,294,329
"132",442,268,324,273,461,331,340,327,271,332,353,398,402,340,288,330,279,283
"133",425,240,333,238,430,269,294,365,227,300,269,352,308,268,223,293,210,246
"134",400,280,357,251,429,274,333,319,263,295,259,319,245,295,288,276,292,262
"135",339,235,307,218,417,274,263,257,234,297,216,327,277,270,261,281,242,231
"136",340,262,337,298,307,315,330,286,342,313,312,388,329,285,298,315,311,300
"137",382,349,404,291,494,314,295,279,310,344,295,410,275,313,351,341,315,322
"138",372,275,365,324,320,307,296,273,326,315,325,401,367,274,253,299,300,314
"139",379,218,407,272,443,310,263,261,257,323,293,324,283,312,312,301,274,261
"140",387,290,422,294,474,334,256,287,295,357,328,422,304,291,340,330,307,305
"141",322,290,364,234,419,294,293,240,243,317,281,350,303,289,315,303,321,252
"142",405,268,354,236,447,296,314,365,247,322,244,374,270,287,274,302,223,255
"143",454,269,339,252,455,299,310,308,258,328,327,339,358,300,275,326,327,246
"144",365,273,415,270,469,330,251,294,296,354,306,403,312,283,320,331,312,279
"145",301,242,337,247,432,292,285,188,260,305,280,353,300,280,343,298,312,244
"146",337,294,308,218,417,253,279,326,218,297,207,368,258,259,262,266,255,1896
"147",362,264,297,282,299,270,310,302,314,287,330,376,374,257,276,299,276,283
"148",262,299,418,312,306,314,312,224,326,321,319,408,329,271,366,332,317,296
"149",390,226,399,256,460,320,308,312,263,329,277,327,286,298,284,306,277,302
"150",323,252,315,270,270,260,263,263,266,240,259,307,288,238,264,277,318,263
"151",412,250,311,256,440,299,272,245,272,311,292,349,394,237,235,290,307,267
"152",281,237,377,257,267,258,298,269,266,262,244,308,253,278,275,259,292,320
"153",358,247,352,240,445,290,280,290,252,342,313,377,272,305,302,314,261,229
"154",378,229,423,255,465,308,303,268,283,326,262,326,262,280,307,310,298,261
"155",372,240,337,226,453,278,278,321,255,319,255,357,272,243,272,295,232,259
"156",328,215,354,231,435,287,279,224,267,315,277,332,294,257,325,281,271,258
"157",373,201,386,253,453,301,269,261,251,333,306,322,298,275,327,311,294,272
"158",395,308,331,293,470,334,326,245,300,370,335,410,398,262,304,350,304,297
"159",341,243,385,258,468,287,261,245,252,319,303,358,300,301,303,304,326,286
"160",461,343,326,294,485,347,301,277,307,366,309,382,360,264,296,346,299,314
"161",321,244,315,213,431,295,287,337,211,283,199,334,277,266,280,246,224,219
"162",398,259,396,308,449,298,321,315,259,346,330,348,323,320,305,314,265,263
"163",395,263,247,208,470,277,272,295,214,292,233,331,346,241,185,257,253,254
"164",403,189,359,236,430,293,305,317,232,305,318,342,292,323,286,399,259,266
"165",346,209,366,234,440,279,274,282,235,299,247,302,241,279,302,274,285,242
"166",446,283,450,296,490,326,365,291,333,358,326,398,356,290,345,343,323,295
"167",291,280,323,234,418,297,275,198,246,294,253,345,296,276,281,265,282,261
"168",477,218,328,219,422,257,286,278,233,295,261,316,235,284,274,277,271,230
"169",476,284,328,280,460,348,336,347,320,1056,335,367,380,266,239,315,269,274
"170",1042,277,383,312,297,305,353,257,293,298,325,394,294,304,320,294,265,293
"171",796,223,365,210,426,268,249,341,244,303,265,310,253,282,257,265,241,267
"172",381,276,345,254,448,299,283,270,288,329,285,399,265,266,268,286,267,273
"173",259,264,361,263,274,272,307,310,381,254,229,327,241,287,294,801,259,260
"174",420,297,411,262,479,314,301,312,256,334,280,356,283,241,260,339,293,274
"175",452,315,398,287,488,370,323,292,282,365,335,402,352,309,300,343,343,313
"176",438,244,320,260,443,313,292,300,263,350,294,348,361,260,250,332,285,278
"177",372,328,368,259,449,309,318,313,268,366,285,425,295,309,300,327,300,298
"178",208,273,399,483,270,299,288,272,275,292,256,361,229,302,325,265,297,268
"179",325,317,331,263,454,296,291,234,264,312,292,418,356,270,278,305,258,288
"180",248,293,424,323,310,323,311,224,326,331,317,411,307,292,333,319,345,318
"181",284,230,325,268,240,265,316,261,262,266,235,327,222,285,300,249,276,267
"182",308,273,323,244,425,270,276,228,246,306,287,345,301,274,330,283,251,235
"183",207,231,350,232,247,313,281,245,237,248,228,297,207,275,262,252,305,228
"184",378,250,323,244,428,299,321,301,241,301,288,393,343,282,306,289,234,244
"185",299,252,410,295,304,293,306,254,304,298,253,377,241,287,341,300,282,314
"186",364,252,323,235,441,295,331,290,269,312,270,396,307,309,270,271,251,276
"187",436,294,403,296,457,334,319,290,283,359,314,393,329,281,323,335,295,303
"188",278,276,317,238,402,274,275,204,241,322,242,363,270,254,299,291,281,250
"189",375,258,253,220,413,296,291,264,240,301,281,357,388,253,232,284,283,262
"190",438,247,372,243,439,287,308,336,277,464,256,339,310,257,252,299,242,254
"191",424,272,348,233,422,290,306,356,247,314,270,355,304,264,261,298,235,264
"192",430,243,377,267,476,323,320,321,281,338,353,361,382,337,294,315,305,327
"193",398,217,390,243,449,303,255,344,277,322,243,334,287,256,263,295,256,278
"194",413,290,362,250,526,292,356,351,269,312,262,363,255,305,284,302,292,280
"195",461,329,403,266,454,311,300,286,266,328,293,354,260,317,344,301,341,268
"196",428,287,403,271,482,322,332,296,318,375,311,404,328,273,300,333,289,296
"197",429,297,300,264,493,328,283,238,280,350,320,415,419,233,260,323,289,282
"198",293,254,347,289,301,306,295,207,312,326,298,337,320,241,279,302,349,313
"199",272,195,364,276,249,266,332,257,271,267,296,320,265,283,284,265,267,282
"200",404,312,326,296,469,338,308,243,277,369,335,420,448,258,288,344,300,304
"201",337,238,307,225,403,271,319,306,215,287,209,349,302,281,280,279,212,229
"202",429,247,365,259,457,321,301,366,327,341,336,399,323,332,274,308,255,256
"203",474,275,354,261,472,314,249,297,266,338,319,384,387,275,243,330,301,275
"204",391,284,306,248,445,316,322,256,276,335,331,373,398,285,303,318,323,287
"205",358,250,349,248,433,288,309,296,241,387,304,378,343,292,296,302,224,276
"206",385,242,388,249,475,310,304,342,240,481,312,360,303,323,297,304,273,411
"207",470,338,342,270,460,327,334,339,319,342,276,396,345,273,240,335,313,291
"208",375,280,413,283,479,323,302,239,274,362,306,374,306,292,334,319,337,322
"209",366,265,303,217,407,252,245,339,213,298,264,362,234,295,206,268,252,221
"210",290,267,316,214,397,344,264,279,197,275,235,356,238,268,241,268,252,234
"211",366,254,253,213,1996,266,264,270,221,287,232,287,316,245,230,246,266,215
"212",426,262,363,294,484,323,276,268,274,346,346,391,389,289,277,335,326,305
"213",235,285,387,273,285,266,310,228,285,282,258,392,232,292,298,278,317,283
"214",452,236,372,267,464,330,271,270,280,340,343,359,381,278,292,332,334,291
"215",230,241,325,239,325,258,276,246,240,242,216,333,239,257,255,228,297,254
"216",343,241,315,318,306,304,299,231,307,303,300,360,337,244,259,307,323,298
"217",367,279,314,237,444,301,339,301,247,304,285,373,339,255,282,301,219,240
"218",279,218,357,267,271,273,328,259,327,306,311,360,278,287,314,287,277,273
"219",419,302,384,245,455,309,316,291,278,336,261,382,255,268,250,309,293,289
"220",464,293,386,304,517,339,324,308,314,370,330,415,380,294,333,356,384,322
"221",311,287,357,245,440,305,295,236,251,313,288,358,317,287,326,297,276,263
"222",340,251,325,202,405,265,271,264,212,277,202,315,257,238,240,255,246,249
"223",413,256,277,261,446,302,266,236,275,312,275,363,382,259,266,301,267,280
"224",448,274,361,273,464,323,269,330,310,352,354,392,392,257,263,332,308,301
"225",284,238,366,257,267,248,306,314,265,268,210,310,197,267,260,258,261,265
"226",449,234,335,250,426,280,308,359,236,312,247,346,293,322,251,298,232,252
"227",263,248,375,287,309,292,309,213,295,308,336,414,314,244,337,289,309,320
"228",260,230,355,247,249,242,291,275,234,238,200,304,218,266,261,255,263,252
"229",470,275,368,307,486,365,328,293,308,368,357,405,453,247,287,344,347,316
"230",329,225,326,199,416,263,247,310,226,271,227,327,226,291,264,257,250,220
"231",385,218,325,235,431,291,310,311,228,299,298,334,286,287,298,284,240,250
"232",475,335,429,328,507,354,320,311,317,413,373,428,448,308,335,359,346,326
"233",380,276,437,261,445,307,337,332,276,344,255,331,268,316,347,299,298,259
"234",367,297,388,273,489,349,298,284,308,346,341,428,322,284,314,346,295,303
"235",398,228,325,223,415,256,269,378,224,291,207,316,262,289,253,268,251,241
"236",463,286,380,283,486,338,300,276,301,355,350,355,388,293,311,357,365,295
"237",380,243,310,247,442,299,296,241,292,316,287,379,327,251,284,294,248,246
"238",380,194,372,233,434,281,264,269,255,305,260,319,245,273,298,279,279,248
"239",380,260,354,3312,426,294,282,337,245,1886,306,387,284,302,288,356,254,291
"240",385,282,367,256,446,316,344,330,247,326,241,349,226,313,308,299,321,279
"241",476,297,332,278,469,326,307,302,277,356,370,410,403,260,269,355,282,303
"242",374,296,357,231,432,274,295,320,233,301,237,368,246,273,230,268,259,269
"243",441,276,373,275,264,253,311,331,263,262,226,341,212,300,255,264,247,293
"244",306,265,295,217,401,264,284,287,205,267,203,346,243,265,231,265,238,242
"245",276,262,361,280,293,275,283,219,282,310,279,381,246,247,286,293,279,304
"246",307,261,387,279,270,275,330,332,284,284,286,368,264,271,308,292,284,290
"247",351,233,398,269,461,322,280,255,272,337,332,378,297,271,315,304,317,271
"248",363,278,319,215,534,265,309,322,262,302,223,318,251,261,251,265,261,270
"249",350,250,343,228,436,283,251,304,257,311,279,334,248,297,289,280,255,269
"250",335,299,361,261,467,301,287,229,269,330,310,417,345,276,310,312,268,303
"251",435,290,382,256,463,319,280,310,283,327,275,342,284,269,289,309,284,283
"252",425,266,342,244,439,302,323,355,270,309,280,341,322,260,245,304,261,265
"253",241,304,411,310,312,289,309,251,301,299,316,381,289,294,331,309,336,306
"254",390,236,339,248,441,286,306,305,238,314,248,371,276,251,293,297,238,259
"255",336,212,335,219,422,281,253,220,241,310,215,311,263,266,279,267,248,233
"256",348,269,329,236,419,284,237,293,224,290,247,364,231,298,239,284,271,244
"257",277,260,372,266,294,264,329,298,266,263,257,367,251,299,260,262,271,298
"258",410,244,376,261,436,288,280,313,266,304,287,351,292,263,268,307,239,308
"259",378,254,357,247,438,303,274,275,254,320,293,395,269,273,270,296,273,269
"260",353,228,322,225,437,293,284,276,250,291,246,339,284,242,249,276,233,255
"261",425,307,260,251,443,331,304,231,261,325,274,379,411,266,235,315,283,264
"262",467,270,347,264,466,331,336,327,289,347,347,407,412,308,261,327,271,316
"263",429,310,467,294,493,336,336,308,301,367,301,388,312,268,337,349,300,300
"264",422,236,310,220,428,265,256,324,232,299,273,313,301,277,237,278,292,240
"265",385,269,290,259,462,299,265,276,263,322,300,350,370,236,237,308,281,302
"266",384,267,405,258,451,321,304,321,268,348,255,386,268,286,284,312,275,261
"267",230,232,406,291,305,303,275,176,285,291,306,379,272,271,322,301,337,296
"268",401,273,278,227,451,296,286,238,251,318,252,379,393,220,243,308,268,242
"269",439,289,371,281,486,322,295,267,281,350,316,352,328,276,302,338,357,291
"270",333,255,316,206,427,283,284,258,223,297,203,368,303,236,262,274,231,250
"271",419,299,453,275,463,339,319,311,308,344,278,374,268,296,325,343,306,286
"272",345,237,312,290,297,285,333,283,294,299,300,351,369,265,233,291,294,292
"273",418,234,379,268,465,317,306,314,268,342,325,392,319,259,284,325,263,285
"274",329,240,321,218,6314,274,268,303,199,270,209,327,231,276,246,511,293,230
"275",315,248,299,213,414,266,276,242,233,280,288,366,314,250,297,276,255,238
"276",344,238,318,228,420,261,250,289,244,296,276,332,279,285,262,264,246,243
"277",396,233,423,293,494,338,307,304,276,361,309,397,293,290,317,343,250,294
"278",315,260,330,225,416,284,273,269,242,286,282,330,294,269,301,279,239,243
"279",374,320,418,275,494,334,336,320,289,347,275,395,251,271,302,342,295,301
"280",414,300,310,252,457,307,307,243,280,325,272,377,374,267,291,332,315,280
"281",340,210,274,377,260,256,322,289,266,451,257,320,329,253,236,281,260,267
"282",372,282,300,218,395,279,253,337,224,284,224,364,239,285,230,262,247,245
"283",454,317,354,289,457,319,312,318,276,360,297,366,340,261,217,325,319,289
"284",476,281,393,297,486,358,315,316,293,362,344,410,414,287,301,352,328,320
"285",389,235,318,234,417,266,251,323,232,290,277,365,274,285,226,273,226,231
"286",480,323,373,287,473,329,289,301,306,345,327,361,391,258,281,338,343,301
"287",377,296,383,340,337,327,335,234,332,343,377,408,397,266,324,346,326,320
"288",377,251,366,257,449,298,250,285,244,331,277,382,298,259,263,313,274,271
"289",332,222,265,180,376,243,280,295,213,253,189,297,245,220,214,249,191,220
"290",395,254,433,275,465,322,277,277,270,347,307,355,297,274,339,321,300,302
"291",298,275,311,226,444,269,276,222,251,313,264,407,269,238,268,285,233,262
"292",472,256,318,259,475,492,292,357,271,323,356,376,390,305,258,308,293,276
"293",408,308,407,271,501,330,330,313,300,347,316,383,358,315,292,324,397,301
"294",394,313,396,275,479,342,311,260,308,348,324,411,312,253,332,356,306,295
"295",384,287,357,308,306,331,362,284,311,319,378,422,390,295,335,309,294,319
"296",345,203,321,221,423,254,289,326,775,288,240,319,249,274,253,273,230,239
"297",351,207,383,230,433,287,275,278,257,320,237,305,222,279,295,280,274,263
"298",408,331,374,283,456,321,281,267,288,355,285,390,300,257,299,308,312,277
"299",452,278,314,243,441,316,314,323,266,328,326,375,358,328,243,307,287,274
"300",433,296,423,291,489,349,304,255,307,348,364,376,401,284,328,349,362,312
"301",231,288,364,282,352,288,317,260,286,284,272,420,261,299,311,272,274,275
"302",369,269,339,250,426,300,239,292,252,295,237,368,238,271,245,287,257,261
"303",360,317,392,358,332,345,318,258,333,343,353,432,385,275,331,340,346,343
"304",405,252,412,295,486,342,288,310,283,352,314,409,302,312,298,340,277,305
"305",458,305,380,287,464,319,326,312,253,339,318,335,345,315,302,317,345,290
"306",463,271,354,262,448,313,294,320,267,1088,322,350,370,294,248,325,331,267
"307",335,301,323,258,453,286,304,265,481,309,313,437,339,273,291,298,247,261
"308",384,333,246,235,436,273,290,307,219,309,268,352,328,269,219,267,264,245
"309",214,213,334,246,264,279,306,224,252,262,238,329,268,278,284,264,286,244
"310",386,229,342,215,455,259,313,346,236,303,221,296,235,268,241,251,249,226
"311",246,213,398,278,304,283,310,242,276,281,253,314,239,247,304,273,311,272
"312",263,258,346,242,429,304,299,238,232,306,310,369,315,301,346,337,290,243
"313",318,338,413,286,441,302,333,277,254,331,274,346,270,313,317,309,326,278
"314",358,255,328,220,407,272,281,318,226,270,193,335,235,255,230,258,241,232
"315",277,295,382,305,306,303,323,263,314,303,338,434,321,314,304,303,276,285
"316",315,232,315,274,281,275,320,275,275,272,295,316,335,273,277,275,330,278
"317",325,266,258,207,406,243,254,273,213,297,204,357,252,239,195,260,225,234
"318",405,254,411,260,464,309,324,317,270,336,302,359,291,358,339,320,305,318
"319",387,259,369,248,448,290,269,325,238,303,197,344,226,244,276,295,282,256
"320",352,241,351,233,443,269,242,311,239,293,293,340,265,285,263,279,279,259
"321",353,258,333,298,278,289,274,253,292,309,264,343,301,232,241,310,334,298
"322",380,289,413,282,489,351,300,251,287,346,327,397,297,295,353,327,329,293
"323",424,307,308,275,471,314,317,242,293,347,334,381,427,237,274,333,298,289
"324",455,244,292,242,449,285,299,341,260,339,304,360,369,301,263,302,309,279
"325",371,315,405,244,460,311,317,283,285,318,312,385,313,303,341,319,292,291
"326",256,258,397,320,301,285,290,196,315,297,309,399,281,266,342,311,324,309
"327",450,241,365,276,471,308,311,318,266,426,343,350,372,298,320,327,335,287
"328",365,214,387,219,415,276,291,323,232,288,210,268,229,274,280,269,307,249
"329",377,259,340,244,429,297,307,352,253,327,251,363,277,289,267,286,237,276
"330",375,264,360,239,441,316,292,311,249,319,271,360,268,254,265,300,237,287
"331",357,263,355,230,415,281,261,354,246,296,251,373,236,284,251,281,274,245
"332",242,255,356,252,247,260,282,248,266,275,276,311,243,278,285,262,282,274
"333",332,267,337,257,448,292,322,321,247,300,311,360,323,279,265,295,238,903
"334",262,267,306,215,431,262,259,196,246,294,248,358,290,265,321,277,282,238
"335",367,255,380,256,442,300,293,282,263,330,260,314,287,270,305,310,310,277
"336",323,276,297,239,425,281,272,238,219,284,210,388,245,233,234,263,224,255
"337",354,248,266,211,380,233,278,310,221,445,220,319,250,239,220,254,202,221
"338",267,243,438,285,277,278,318,268,298,293,292,340,266,308,311,279,289,278
"339",341,301,386,265,456,297,320,229,280,334,316,414,347,268,318,324,299,301
"340",287,220,322,245,248,259,295,300,258,254,221,313,259,264,236,238,226,249
"341",326,316,339,308,330,300,330,289,410,300,309,382,360,293,266,293,322,300
"342",500,313,388,290,486,328,343,365,312,359,319,393,369,302,279,325,336,286
"343",362,190,286,181,380,225,261,279,192,252,188,255,237,245,245,242,270,215
"344",460,258,337,255,457,359,305,348,261,325,346,356,361,310,262,306,272,281
"345",318,209,315,280,290,274,328,243,275,288,269,324,344,254,261,286,291,263
"346",283,294,323,316,423,284,288,231,223,307,316,367,343,269,307,268,233,226
"347",367,272,373,247,454,293,314,321,269,329,342,405,311,317,287,318,240,275
"348",455,355,371,306,497,346,346,277,319,362,322,421,403,285,284,372,352,321
"349",277,284,428,286,291,303,284,251,287,312,304,402,257,237,285,284,303,300
"350",371,259,307,232,417,279,297,270,228,280,267,351,308,279,274,277,242,243
"351",446,261,318,246,1039,304,306,314,238,686,264,314,321,294,245,290,307,280
"352",1452,324,349,726,421,278,288,282,261,291,253,350,303,277,281,281,242,245
"353",461,256,324,274,456,327,272,280,272,329,319,372,359,262,259,333,312,258
"354",349,255,370,250,456,286,286,216,243,322,258,373,296,257,308,294,261,251
"355",384,294,377,252,449,307,320,265,263,307,332,374,320,304,315,306,301,284
"356",350,236,322,209,412,284,278,294,237,277,273,351,272,305,258,254,255,239
"357",274,227,420,308,312,285,314,215,282,298,307,330,282,271,345,289,282,290
"358",305,290,339,246,449,300,279,210,257,317,266,404,282,269,299,292,284,267
"359",453,248,340,275,473,329,347,306,372,324,359,356,407,301,284,314,342,288
"360",372,286,386,251,472,301,333,377,252,320,227,358,244,294,272,306,261,467
"361",367,290,387,260,459,300,280,273,261,302,241,361,243,237,281,296,283,272
"362",317,276,317,225,431,270,283,230,239,293,228,332,257,242,295,271,287,236
"363",409,241,297,221,409,294,276,325,246,298,264,308,299,276,236,279,294,246
"364",376,200,365,238,431,285,309,316,248,318,309,326,269,272,309,300,230,257
"365",443,215,315,240,449,291,284,298,256,329,345,366,388,310,270,299,279,251
"366",456,262,317,254,447,310,280,305,278,316,287,348,329,271,227,303,305,282
"367",289,251,316,259,257,255,289,312,253,249,217,330,242,245,223,253,232,249
"368",277,316,447,323,314,313,306,231,346,318,310,412,284,289,338,316,318,306
"369",381,327,404,263,443,470,309,331,291,327,314,386,311,309,320,308,316,1033
"370",472,261,345,260,460,306,309,318,265,315,319,342,344,280,266,320,321,282
"371",331,286,411,263,448,339,294,299,270,315,276,390,268,278,279,316,298,274
"372",289,244,435,321,309,335,335,256,298,317,317,378,305,281,369,312,290,316
"373",474,333,389,293,482,350,351,342,304,392,355,451,396,302,297,368,322,318
"374",286,222,407,302,279,277,297,214,286,305,286,331,275,263,337,307,298,296
"375",272,254,390,269,329,264,291,330,261,267,220,350,201,282,282,273,270,264
"376",355,282,326,242,443,284,314,305,243,308,282,384,332,266,323,278,217,262
"377",454,265,361,311,477,329,292,262,296,341,347,358,373,282,294,326,317,281
"378",231,293,375,279,284,288,271,228,279,283,221,372,228,234,284,253,295,266
"379",321,308,386,266,464,316,293,225,278,344,285,410,320,297,335,305,290,275
"380",390,324,448,258,472,305,293,269,273,323,304,362,316,265,301,324,304,291
"381",367,262,354,235,446,270,310,336,233,288,242,356,324,275,270,289,256,245
"382",453,288,345,240,422,291,303,323,241,299,267,295,310,264,264,304,322,256
"383",364,331,423,287,470,329,306,236,299,337,301,390,287,309,324,329,332,312
"384",480,278,322,279,499,332,327,348,290,325,374,404,421,300,272,331,291,501
"385",349,245,366,229,426,293,277,300,230,310,258,333,246,305,309,278,294,247
"386",418,288,407,277,467,331,352,357,279,379,332,397,339,334,303,318,291,301
"387",456,308,277,246,446,316,343,345,2043,314,286,355,346,237,223,300,293,287
"388",456,288,378,292,496,348,313,293,300,392,343,404,401,290,310,350,317,342
"389",418,287,286,251,453,323,311,283,267,344,332,376,430,265,280,308,278,292
"390",342,275,371,244,445,299,255,265,262,332,254,357,244,304,268,305,272,271
"391",381,331,407,299,499,347,300,270,303,370,330,421,313,294,323,350,325,320
"392",313,243,320,222,420,287,266,225,225,299,216,323,278,257,278,270,262,238
"393",630,248,330,249,420,273,302,335,236,319,246,372,265,316,276,297,269,242
"394",335,282,405,259,461,302,303,288,263,339,291,364,269,309,353,313,327,259
"395",366,269,365,282,461,311,308,322,250,331,329,419,318,308,295,319,254,271
"396",485,304,369,296,496,323,389,339,311,398,355,408,431,319,307,348,321,377
"397",241,204,331,246,247,262,309,258,249,251,244,297,232,281,283,227,269,256
"398",333,238,346,261,446,318,291,291,254,299,293,348,322,315,285,288,261,260
"399",798,317,440,301,477,1197,351,355,311,542,303,413,312,336,300,333,269,287
"400",435,285,334,239,438,342,292,386,341,329,287,358,319,311,220,298,293,284
"401",330,313,357,260,461,308,285,249,267,344,296,451,337,262,313,319,281,284
"402",329,294,388,324,298,329,301,260,322,315,288,410,330,250,303,348,370,313
"403",434,257,300,240,458,534,315,323,227,310,302,355,336,265,252,277,278,234
"404",302,233,339,256,272,257,319,294,267,255,263,332,285,266,271,306,218,266
"405",333,224,318,236,408,264,267,211,228,295,220,314,273,245,309,274,285,238
"406",360,278,389,246,1811,293,293,286,238,324,286,328,298,277,313,291,289,244
"407",438,238,313,253,470,287,310,310,263,346,347,381,386,290,264,314,281,321
"408",449,256,316,251,446,312,304,347,279,328,323,388,379,277,219,310,244,266
"409",347,192,317,212,411,261,311,268,223,304,260,310,350,294,289,273,236,228
"410",310,262,321,252,462,285,291,210,252,308,307,407,343,270,281,321,235,275
"411",396,346,378,261,479,319,319,343,270,321,310,381,275,298,300,332,303,310
"412",364,257,332,224,415,297,283,312,719,284,247,338,315,277,277,394,240,238
"413",407,197,367,235,437,287,265,324,255,309,271,350,284,276,244,308,259,264
"414",465,224,307,229,460,290,258,316,266,322,283,343,342,239,239,308,294,254
"415",390,218,309,243,437,297,289,295,257,311,263,340,263,283,258,282,258,272
"416",479,271,404,296,512,327,332,312,300,340,369,354,368,351,318,350,377,322
"417",443,288,383,252,473,318,317,300,687,317,302,329,371,323,287,328,352,272
"418",365,306,350,298,286,307,323,309,302,280,321,369,359,290,289,305,300,726
"419",418,317,481,305,501,336,317,315,333,377,311,397,313,320,342,340,330,301
"420",267,296,414,296,285,301,294,206,305,304,308,374,269,274,341,307,313,292
"421",315,271,302,208,411,258,258,250,218,276,267,333,286,255,260,265,260,248
"422",339,259,354,254,430,294,290,240,256,316,294,361,322,249,293,284,253,247
"423",388,275,377,285,458,307,308,264,274,315,265,374,352,254,284,299,259,263
"424",311,229,293,191,383,238,262,294,281,253,160,282,215,247,230,244,217,219
"425",477,303,361,298,474,328,325,356,976,354,331,354,399,288,274,346,306,311
"426",267,301,396,284,392,286,303,284,279,301,287,405,261,306,262,275,283,284
"427",419,314,381,284,491,317,329,272,294,360,316,449,310,294,281,341,296,329
"428",419,283,402,264,468,337,357,343,296,341,327,422,346,318,301,329,265,298
"429",291,254,381,298,281,284,339,296,285,328,295,368,297,294,288,288,257,285
"430",316,301,283,640,550,262,289,263,226,284,252,377,305,238,259,280,204,265
"431",297,297,351,267,294,262,286,273,276,268,290,396,294,240,272,270,239,277
"432",370,254,353,254,436,292,287,287,255,318,315,357,301,308,291,304,252,246
"433",478,283,362,284,465,329,336,296,302,359,347,385,394,301,308,321,316,316
"434",354,163,320,218,409,267,280,312,211,283,249,289,260,296,269,262,225,218
"435",370,247,353,212,887,282,233,295,239,303,279,348,263,265,285,281,267,268
"436",358,313,377,239,441,515,303,279,262,351,277,375,290,293,289,297,288,265
"437",382,230,381,248,455,298,318,297,257,330,325,339,294,295,300,317,283,262
"438",338,220,343,244,435,287,303,299,253,292,332,370,297,308,317,295,258,245
"439",384,251,239,193,398,261,279,257,1108,280,228,299,332,247,234,267,275,233
"440",355,231,335,221,426,261,308,284,203,301,274,337,302,269,275,264,237,241
"441",421,312,431,275,482,321,348,313,311,370,278,393,309,306,293,326,317,283
"442",330,265,253,221,403,250,263,264,222,293,281,333,310,242,236,268,233,242
"443",283,256,394,278,298,286,295,244,288,300,291,401,282,243,282,283,299,265
"444",286,279,403,307,301,299,284,235,303,302,291,400,268,265,279,301,289,277
"445",381,234,371,208,652,281,308,343,234,301,213,300,219,275,266,272,274,249
"446",399,238,365,237,419,282,301,306,248,310,261,315,276,293,303,277,296,256
"447",372,223,311,205,401,270,283,308,229,274,250,323,295,249,215,266,200,221
"448",436,285,304,248,1897,309,308,344,262,327,323,360,350,306,260,309,282,287
"449",399,211,383,256,454,310,260,272,254,337,296,344,288,288,307,309,286,272
"450",288,306,385,297,407,313,313,287,280,310,280,393,270,281,323,293,282,291
"451",466,271,316,291,464,335,273,299,303,346,354,394,419,276,268,353,297,299
"452",287,284,375,297,305,300,291,212,309,317,299,429,316,264,304,304,267,306
"453",294,264,397,252,271,290,307,319,254,260,214,343,220,273,266,2156,256,281
"454",389,243,391,275,459,322,306,335,302,335,271,373,249,299,308,308,289,278
"455",487,313,366,294,474,323,305,353,296,352,351,389,398,295,256,325,351,305
"456",261,308,387,278,279,284,308,289,286,291,295,358,273,278,294,293,282,289
"457",1025,302,296,262,458,319,323,284,260,346,345,384,427,283,259,308,276,369
"458",364,326,424,279,463,326,299,272,277,354,291,411,291,301,343,338,311,334
"459",415,291,346,276,492,344,318,251,290,365,352,403,419,276,274,322,315,291
"460",339,289,331,218,883,298,291,320,249,311,282,394,264,311,284,289,274,265
"461",360,221,337,221,407,267,288,316,216,275,237,337,245,305,280,275,245,239
"462",228,225,318,286,254,243,302,227,250,241,243,317,228,283,309,255,284,259
"463",349,281,350,304,289,290,341,298,293,297,326,375,368,265,270,320,314,294
"464",397,252,352,274,272,275,309,298,275,369,266,361,317,276,269,275,317,291
"465",379,293,291,234,435,289,312,301,242,324,290,405,372,257,259,316,278,269
"466",310,244,313,205,418,254,271,238,221,278,228,324,276,274,278,275,263,221
"467",217,244,330,238,246,242,285,245,262,233,224,312,203,297,303,238,285,256
"468",303,253,391,289,300,298,319,305,268,279,288,363,261,281,307,257,266,282
"469",400,228,366,245,450,295,244,314,256,308,272,350,286,249,274,295,239,272
"470",352,280,291,386,396,293,271,349,236,291,210,355,238,280,214,254,233,278
"471",317,225,307,193,392,250,255,280,202,260,181,291,215,251,242,240,203,211
"472",383,356,447,283,510,341,320,287,323,377,341,425,353,298,331,342,333,303
"473",358,223,346,214,412,276,266,292,250,306,258,314,252,276,301,269,285,238
"474",437,264,343,274,462,594,318,347,294,339,363,433,413,314,280,345,292,298
"475",420,247,261,238,435,414,308,258,246,305,309,335,400,282,271,296,257,280
"476",394,227,341,228,414,350,272,338,232,291,255,326,255,283,277,273,259,228
"477",316,277,367,310,312,329,292,252,321,310,306,380,342,268,339,318,359,336
"478",259,332,432,329,319,343,328,232,316,332,313,449,304,299,338,322,341,333
"479",262,308,439,304,301,307,290,192,299,300,326,391,278,294,331,306,342,304
"480",283,250,352,283,689,272,313,266,274,291,284,348,267,299,310,277,279,277
"481",452,281,339,271,477,338,330,357,313,357,350,405,435,332,282,316,298,294
"482",368,237,397,269,462,314,269,231,271,313,304,359,288,295,320,297,319,271
"483",367,293,335,250,443,307,293,217,279,334,320,345,384,275,337,319,329,272
"484",354,268,387,335,353,337,336,239,336,338,366,420,398,268,285,342,349,331
"485",262,249,319,246,260,240,283,269,247,238,230,362,237,259,259,249,248,421
"486",432,297,361,238,448,2299,325,354,251,325,289,338,290,269,246,305,256,281
"487",446,219,298,256,752,311,288,303,258,310,350,377,392,292,279,299,296,390
"488",315,242,314,216,408,278,269,280,233,274,277,357,243,292,275,283,261,233
"489",511,320,341,263,468,328,321,346,280,347,332,390,364,296,248,325,296,290
"490",357,208,373,233,441,284,274,275,266,307,250,315,245,270,281,279,284,269
"491",387,210,273,214,411,265,292,300,217,275,245,340,317,241,211,248,196,221
"492",318,241,375,282,306,314,301,192,292,309,290,336,311,265,313,298,339,294
"493",357,266,320,284,289,298,286,266,306,299,258,324,334,235,247,294,315,284
"494",332,258,359,230,430,283,312,268,230,299,274,332,305,299,284,291,264,236
"495",255,176,324,258,248,430,305,257,262,258,224,316,236,273,289,251,230,255
"496",330,323,346,246,436,286,304,267,244,303,306,419,331,277,280,290,263,275
"497",252,271,316,264,245,252,294,265,240,249,227,366,224,249,222,263,258,276
"498",434,246,287,236,449,301,247,301,269,305,264,337,317,260,219,299,306,273
"499",322,288,367,304,312,307,320,269,422,331,349,363,387,298,343,287,345,321
"500",339,233,358,227,432,282,245,277,244,298,240,338,243,262,253,269,266,244
"501",380,238,352,251,408,286,262,378,220,282,214,327,217,316,220,278,245,242
"502",356,230,278,202,394,249,290,287,222,286,251,333,344,242,254,260,214,222
"503",319,225,311,257,264,250,299,261,255,256,251,294,280,260,250,253,341,276
"504",423,281,339,231,436,298,336,368,248,308,228,336,254,261,244,279,259,247
"505",249,272,412,291,291,300,307,249,290,289,326,379,286,322,344,274,311,302
"506",450,263,270,224,427,281,282,351,238,288,273,357,334,268,184,282,261,236
"507",443,290,358,274,501,338,298,313,287,353,309,402,359,289,260,343,317,296
"508",464,252,316,252,460,294,313,348,250,317,268,323,352,265,222,295,302,265
"509",400,294,394,242,445,305,293,327,261,327,285,382,272,299,253,308,250,262
"510",406,273,256,235,448,286,310,293,252,324,279,397,408,275,222,280,286,262
"511",375,330,371,352,337,325,320,255,339,326,348,430,411,263,269,328,308,323
"512",374,248,377,243,438,300,267,278,260,314,248,321,241,284,303,293,292,257
"513",277,283,331,213,426,273,263,174,227,294,233,366,262,236,288,274,274,235
"514",301,267,442,323,323,314,306,266,312,313,306,384,282,288,338,320,327,306
"515",384,233,358,232,415,286,277,370,234,289,231,338,252,286,229,272,257,226
"516",419,257,376,263,443,293,267,321,257,308,275,361,275,265,256,313,240,274
"517",356,268,403,257,490,304,289,232,272,320,263,388,254,264,318,315,328,281
"518",321,227,376,221,419,289,312,278,235,308,268,342,318,286,297,292,295,257
"519",393,318,441,273,487,324,297,235,271,364,334,429,298,299,338,320,356,295
"520",316,208,342,247,264,266,311,301,267,270,277,335,295,253,238,388,262,277
"521",389,343,395,277,474,358,306,257,273,356,334,434,330,285,328,336,282,306
"522",319,273,304,216,388,265,269,268,210,286,217,327,258,264,254,270,268,222
"523",272,262,367,287,282,275,309,248,313,289,239,344,251,258,266,285,270,308
"524",430,266,283,263,465,304,277,301,262,347,316,403,381,235,254,317,294,271
"525",274,274,380,309,299,293,286,229,291,303,272,368,277,261,267,293,306,300
"526",378,197,341,238,440,289,296,333,242,295,315,316,291,319,300,278,248,257
"527",432,275,305,250,439,282,292,316,266,304,247,300,332,267,245,280,322,263
"528",310,295,394,277,285,303,318,326,283,274,263,364,262,277,291,303,252,280
"529",435,224,249,224,428,277,283,343,241,300,284,331,336,242,196,281,261,241
"530",283,217,330,238,245,239,317,300,250,261,228,315,222,263,235,246,237,228
"531",256,249,404,275,269,266,324,233,564,277,316,359,282,309,334,300,270,274
"532",289,278,427,307,313,311,320,251,314,291,297,386,306,302,314,316,292,326
"533",8707,247,351,2743,449,291,280,375,242,524,292,367,292,300,264,287,261,281
"534",335,267,293,269,301,527,352,290,291,296,289,381,346,301,263,303,307,295
"535",432,301,385,285,480,330,304,250,274,343,312,347,346,278,330,336,351,292
"536",332,292,352,243,444,289,288,235,229,300,292,397,323,315,303,293,274,260
"537",276,214,389,257,266,245,309,271,261,249,244,305,236,266,290,261,298,259
"538",382,251,319,237,439,274,286,302,262,303,272,354,299,252,248,305,250,270
"539",408,195,321,229,420,270,272,364,230,299,273,301,276,269,242,284,214,231
"540",228,268,424,322,298,290,290,186,307,303,313,401,260,282,321,308,307,312
"541",315,236,311,237,309,331,319,267,248,280,259,288,301,263,256,260,308,256
"542",439,367,360,278,486,358,322,283,305,348,329,404,389,289,265,345,321,295
"543",318,210,386,288,292,275,291,262,292,286,259,349,266,253,273,292,294,288
"544",315,208,375,306,277,294,281,267,297,284,262,367,264,238,267,290,271,284
"545",443,288,354,283,475,332,293,245,272,345,301,328,346,258,331,301,342,289
"546",419,215,323,242,430,290,265,330,258,309,307,319,346,271,251,276,296,272
"547",345,250,341,294,329,305,283,250,309,291,319,340,359,242,248,300,329,317
"548",393,292,288,276,455,317,280,274,276,351,299,394,383,264,263,318,292,286
"549",402,214,351,233,444,296,285,304,255,306,253,341,268,251,265,298,233,289
"550",398,215,323,218,417,265,269,354,235,288,216,318,232,267,201,265,212,246
"551",390,250,372,264,468,325,288,315,262,333,316,389,323,277,275,315,259,279
"552",427,235,381,247,482,298,309,334,241,308,260,311,291,267,299,297,271,257
"553",255,222,357,255,248,246,290,239,267,271,267,323,265,277,278,251,302,272
"554",290,239,310,209,405,263,271,228,207,381,240,342,268,253,261,255,260,228
"555",354,216,305,207,409,279,305,271,212,285,265,321,275,282,295,271,223,237
"556",339,227,308,224,431,291,303,254,250,291,220,347,308,236,255,270,233,251
"557",1387,319,376,240,458,294,311,315,253,351,272,358,254,322,308,306,356,274
"558",367,287,375,241,443,288,289,287,249,308,242,388,262,275,295,304,248,251
"559",347,329,354,255,462,306,286,233,263,316,293,444,331,259,302,342,286,280
"560",371,253,376,261,470,295,323,289,280,325,263,366,279,276,282,324,280,284
"561",341,191,323,641,414,267,283,324,270,293,236,299,272,286,264,259,234,254
"562",378,247,406,258,459,313,274,320,266,333,265,381,278,296,305,317,261,279
"563",443,299,271,249,458,307,267,252,270,324,298,349,406,221,241,309,282,263
"564",312,287,273,202,395,251,277,274,245,254,212,349,276,264,218,255,251,222
"565",355,318,405,256,462,328,300,228,282,337,249,387,257,275,351,316,342,289
"566",433,246,313,364,456,301,308,329,259,328,298,360,367,293,255,298,278,291
"567",446,282,311,258,449,298,258,310,281,328,287,337,333,267,236,308,291,262
"568",343,261,368,241,436,289,331,270,226,294,263,333,293,297,325,280,277,271
"569",460,292,326,275,472,323,272,361,293,335,336,373,361,297,244,319,284,301
"570",331,292,353,232,426,291,294,274,230,313,277,380,304,270,268,285,271,263
"571",259,229,350,260,250,322,285,241,275,269,271,364,239,284,280,257,280,269
"572",349,270,340,221,2910,289,308,323,238,303,247,352,297,277,262,269,248,227
"573",304,256,397,284,308,291,283,267,299,293,287,348,248,265,293,300,278,304
"574",290,288,410,309,302,301,332,300,512,312,316,388,290,315,291,302,263,299
"575",282,274,378,288,314,300,325,213,292,322,321,420,297,240,308,309,267,271
"576",430,290,307,246,442,306,305,301,258,320,294,380,388,282,246,292,293,260
"577",354,327,384,257,499,311,282,287,275,345,265,412,283,287,286,311,272,276
"578",358,283,378,244,437,284,276,341,246,309,274,399,290,299,261,290,270,253
"579",410,254,333,231,430,288,256,371,271,307,257,361,281,286,226,291,212,255
"580",292,285,260,193,397,254,253,271,204,269,203,362,272,227,216,256,236,200
"581",358,304,356,243,447,283,326,271,257,331,281,362,262,293,267,291,284,246
"582",343,255,301,221,453,277,299,305,222,291,237,357,290,290,255,267,217,230
"583",406,310,304,262,459,313,304,263,273,330,268,361,365,268,305,320,303,291
"584",342,244,342,224,399,268,246,316,268,281,233,340,229,308,237,239,275,211
"585",398,309,373,252,462,308,281,269,251,334,235,392,246,245,265,314,313,266
"586",319,292,305,231,418,283,290,271,225,296,227,359,288,291,269,282,255,214
"587",284,283,288,196,403,270,271,282,208,278,218,337,272,264,265,254,242,204
"588",339,239,267,194,386,258,308,306,198,1010,176,333,270,253,199,247,201,217
"589",246,252,367,257,271,267,310,228,265,270,299,376,269,275,337,271,291,281
"590",420,238,343,249,446,303,300,319,248,307,305,338,344,296,285,582,323,285
"591",287,269,336,284,281,264,307,284,269,260,284,393,255,258,276,277,239,259
"592",329,304,383,319,307,316,322,250,337,329,285,403,368,283,292,333,351,331
"593",254,181,381,268,262,276,294,270,255,257,261,313,225,266,280,261,282,255
"594",360,243,331,211,397,257,298,306,220,291,261,322,294,253,230,268,196,227
"595",460,265,341,283,483,355,312,278,275,350,307,387,389,253,271,321,319,290
"596",322,304,326,243,429,288,311,269,259,373,297,403,350,270,299,291,245,261
"597",425,372,379,269,469,331,304,307,291,338,284,396,303,265,298,348,310,304
"598",274,192,386,391,259,280,317,279,687,267,260,307,245,288,288,251,267,269
"599",388,287,416,280,485,342,318,265,303,349,332,410,326,290,321,332,315,316
"600",364,238,408,298,297,294,323,286,277,283,307,372,270,323,349,283,324,276
"601",479,330,383,288,741,326,321,341,291,338,322,387,395,272,276,1548,341,311
"602",418,242,322,236,451,290,278,326,245,310,302,328,359,286,234,290,290,285
"603",388,278,374,256,460,315,303,302,295,324,256,369,281,285,278,325,278,282
"604",391,275,419,290,467,352,340,305,287,331,253,360,292,289,298,340,312,278
"605",323,275,320,312,304,311,305,232,295,306,299,390,393,240,269,308,319,300
"606",407,308,376,259,449,321,340,336,267,335,258,387,271,325,296,318,288,271
"607",334,219,370,221,426,271,251,284,234,296,285,322,263,290,264,276,282,247
"608",360,319,376,277,454,326,283,285,293,341,291,422,266,308,312,296,302,311
"609",297,262,308,182,389,253,250,251,206,273,195,318,235,258,259,371,281,237
"610",326,264,272,232,412,278,272,262,287,287,270,371,321,243,229,253,221,215
"611",352,260,372,310,309,313,314,238,365,314,306,392,339,272,322,314,342,305
"612",298,244,298,223,409,256,308,229,223,319,304,356,320,274,299,275,286,249
"613",357,270,361,229,411,271,288,327,217,301,212,281,229,277,276,280,278,232
"614",378,263,354,273,464,313,264,274,250,323,320,405,318,235,315,307,274,278
"615",458,245,307,257,468,308,275,289,281,337,292,378,356,271,248,313,300,272
"616",387,289,446,250,463,299,342,330,274,335,308,338,294,345,325,327,331,273
"617",443,289,393,269,480,360,328,297,305,354,319,391,324,280,276,329,280,293
"618",384,321,389,251,435,282,309,329,247,339,245,377,267,304,291,312,278,262
"619",361,275,327,247,436,294,316,287,252,309,262,377,331,288,289,287,260,263
"620",640,245,256,234,417,283,317,251,270,318,342,332,424,274,260,299,271,245
"621",301,215,283,289,271,260,312,262,239,261,263,302,289,263,252,256,328,265
"622",376,255,290,248,421,294,277,204,265,293,262,336,357,265,284,307,322,246
"623",432,245,381,251,453,314,306,352,271,320,319,384,315,317,290,298,242,261
"624",278,254,346,268,264,260,311,274,274,255,299,367,271,256,257,477,268,258
"625",274,266,427,290,282,303,313,259,293,294,255,384,239,277,330,296,298,305
"626",329,250,374,302,303,307,300,206,302,319,291,337,342,282,332,297,352,292
"627",320,255,293,291,284,278,310,250,286,281,278,322,322,273,248,287,317,275
"628",281,237,362,264,301,275,306,247,285,276,240,349,245,262,312,281,260,273
"629",487,293,359,272,485,340,323,294,294,362,352,374,383,254,300,346,340,286
"630",397,288,392,251,441,311,296,315,258,306,284,348,262,298,283,299,285,264
"631",368,262,289,207,401,267,269,323,237,294,227,351,253,292,218,263,254,211
"632",282,270,338,277,659,278,283,248,228,290,240,347,301,291,315,295,272,233
"633",417,269,301,257,456,305,310,221,275,333,317,376,437,226,286,326,282,283
"634",389,254,363,250,449,293,326,312,270,309,311,339,288,302,311,296,272,291
"635",517,225,399,275,455,308,296,357,263,320,300,389,317,305,285,380,245,254
"636",269,268,316,234,412,270,250,188,225,297,244,328,267,266,294,272,306,244
"637",278,253,271,205,405,274,288,225,213,277,222,348,269,286,280,244,230,205
"638",229,284,338,277,262,281,322,267,273,294,288,386,247,305,304,262,288,268
"639",348,256,295,275,288,287,321,299,291,272,335,352,348,256,232,291,286,295
"640",373,302,368,305,810,302,342,303,311,327,313,363,376,269,281,305,305,294
"641",326,224,303,276,277,256,291,261,268,266,269,306,297,252,239,254,317,249
"642",297,237,289,200,399,242,253,293,195,262,171,292,237,266,223,244,245,204
"643",365,239,366,262,464,299,260,285,257,318,287,365,292,266,273,307,272,253
"644",450,279,324,242,438,310,298,336,252,326,244,315,310,286,254,298,322,276
"645",343,292,344,300,324,295,292,236,301,311,328,356,352,243,267,294,314,281
"646",371,237,324,219,416,281,296,308,214,299,243,327,290,280,267,260,246,264
"647",396,290,381,247,470,309,335,337,264,339,258,364,288,317,298,316,255,266
"648",265,281,373,281,293,284,315,263,300,299,300,403,306,303,300,291,276,304
"649",345,285,359,309,332,325,325,231,331,341,357,419,405,269,272,327,308,312
"650",289,258,357,245,261,278,300,317,268,250,233,350,241,281,278,262,271,266
"651",328,301,335,261,456,298,293,222,266,319,297,440,333,261,290,312,277,258
"652",343,204,309,197,399,260,275,275,217,269,238,286,296,267,273,260,244,234
"653",341,259,332,237,436,290,261,225,238,294,272,385,303,228,294,282,270,235
"654",329,244,346,300,290,285,316,263,290,310,267,350,331,308,334,289,353,293
"655",371,315,393,269,455,313,300,270,261,345,278,407,330,254,285,313,272,300
"656",335,249,337,217,387,264,257,330,223,276,219,320,220,309,254,277,275,230
"657",441,266,360,292,462,343,311,303,288,345,312,373,369,290,275,330,329,298
"658",438,246,345,235,435,282,326,342,235,304,285,349,301,272,264,283,242,275
"659",923,212,304,201,382,232,257,295,185,248,193,296,226,238,248,258,220,200
"660",411,222,333,242,427,284,253,333,246,290,230,332,215,247,235,293,249,250
"661",409,231,351,234,445,316,336,316,262,298,239,329,258,296,296,274,271,248
"662",411,291,263,253,433,289,263,257,240,328,254,347,358,230,227,286,265,253
"663",331,276,297,213,405,263,264,317,241,284,170,326,263,291,211,247,243,228
"664",420,307,386,273,494,330,312,257,287,329,325,413,324,262,333,358,294,324
"665",417,273,318,263,445,287,285,380,256,313,285,369,347,289,238,297,296,293
"666",377,242,299,287,476,282,329,285,283,288,325,354,355,257,267,300,280,283
"667",338,295,356,257,442,298,330,276,259,306,271,357,255,295,304,279,307,253
"668",375,290,338,304,329,313,345,297,308,307,372,423,384,294,284,328,328,867
"669",293,253,325,250,251,253,299,318,240,245,210,319,226,259,231,230,238,233
"670",338,240,313,199,419,263,275,264,211,283,175,308,262,235,248,274,245,212
"671",405,304,406,280,487,335,295,269,289,357,329,395,322,260,318,355,296,306
"672",461,258,391,308,492,343,301,252,295,362,353,370,380,293,309,348,379,317
"673",378,279,303,267,444,310,282,219,254,313,250,346,360,265,270,296,320,269
"674",427,236,275,236,441,289,277,324,247,328,299,335,343,296,269,293,283,268
"675",378,265,370,222,586,258,302,329,249,296,216,293,229,295,259,274,277,276
"676",392,323,325,223,436,289,280,293,227,289,262,393,291,288,250,309,253,232
"677",340,218,343,216,429,290,269,281,219,285,280,322,269,282,288,278,273,260
"678",472,356,348,262,462,574,314,344,297,342,300,385,319,292,242,323,312,304
"679",358,253,337,312,303,307,355,289,306,311,317,383,324,287,278,297,309,304
"680",311,303,300,226,408,272,275,289,207,265,215,364,286,280,239,262,238,236
"681",391,241,376,253,445,309,294,340,275,321,321,367,300,332,325,310,282,261
"682",328,244,332,307,283,294,349,228,321,302,303,366,347,247,260,304,319,309
"683",439,266,315,237,453,285,272,304,253,339,274,354,322,243,226,317,283,249
"684",461,304,342,266,480,343,303,297,268,333,285,369,349,246,232,345,324,282
"685",423,261,352,699,418,288,297,341,233,299,214,346,270,275,255,289,244,227
"686",300,221,401,284,300,303,353,301,290,293,328,365,326,340,324,294,272,283
"687",361,205,370,240,441,284,266,287,240,302,234,331,229,288,300,285,285,262
"688",267,246,432,321,328,301,325,232,317,326,311,417,302,286,360,319,303,330
"689",371,250,346,229,435,276,325,297,228,327,248,299,262,300,296,290,298,254
"690",388,279,281,235,439,294,331,287,257,298,284,363,379,296,270,291,262,255
"691",287,217,424,310,285,290,340,272,280,291,301,323,276,309,329,277,301,281
"692",364,288,378,226,430,304,282,322,259,316,247,358,249,319,262,312,296,378
"693",377,304,377,255,458,329,326,310,242,391,290,415,296,354,289,1620,288,256
"694",389,276,402,252,457,306,301,311,258,346,263,365,279,263,280,324,274,311
"695",373,293,288,228,433,296,283,239,244,301,271,376,396,228,246,305,296,267
"696",473,302,306,266,457,309,343,339,264,340,321,354,377,235,238,302,287,274
"697",298,253,358,291,271,273,322,300,262,268,274,357,304,274,254,556,229,261
"698",270,259,379,287,279,291,306,272,293,286,273,387,272,269,320,273,301,293
"699",503,247,343,263,469,323,270,327,279,341,311,365,388,257,237,325,279,276
"700",258,258,403,295,284,263,340,267,286,277,253,350,231,312,336,269,301,255
"701",301,249,400,295,298,306,336,254,299,310,258,378,263,272,305,283,289,301
"702",459,266,305,269,472,322,284,285,287,339,312,402,358,283,258,311,280,285
"703",353,235,387,227,439,283,282,332,235,299,226,311,255,323,282,287,293,255
"704",392,306,397,291,458,334,285,298,265,338,298,402,280,279,311,315,319,310
"705",352,298,385,325,309,347,300,236,354,345,359,413,385,274,300,353,361,347
"706",342,222,332,296,284,287,341,246,302,298,347,345,375,271,332,281,332,296
"707",241,303,377,276,831,288,319,236,259,268,256,359,231,309,307,280,316,286
"708",424,244,339,245,451,337,265,315,277,316,266,356,322,244,221,312,290,265
"709",331,268,292,241,438,294,272,216,242,311,243,413,290,244,268,290,262,244
"710",347,246,371,226,419,274,277,297,234,287,291,341,263,285,276,277,297,252
"711",443,262,350,1109,544,314,343,284,282,342,368,361,414,279,277,329,336,284
"712",444,256,292,245,435,328,289,272,272,332,295,356,384,217,254,314,292,271
"713",435,222,315,240,432,313,244,291,255,337,274,335,317,273,205,299,295,264
"714",355,215,347,220,428,275,276,333,257,1428,267,327,266,285,253,274,250,230
"715",322,228,303,272,278,267,287,261,247,260,245,309,269,267,236,276,306,746
"716",317,281,332,289,281,284,322,301,280,285,261,321,304,274,247,286,300,266
"717",409,268,363,255,459,313,260,313,263,328,310,389,321,280,284,319,250,280
"718",417,271,353,263,453,308,290,317,256,319,289,359,325,313,279,303,327,261
"719",385,315,393,284,475,306,281,284,275,356,288,409,327,280,280,325,303,310
"720",386,262,437,269,472,323,322,254,268,359,304,347,288,277,354,323,299,307
"721",380,330,396,289,461,323,285,273,288,340,291,420,293,281,310,317,316,282
"722",455,317,385,304,487,344,290,306,300,377,387,433,399,294,291,362,335,311
"723",267,282,385,310,300,301,312,228,305,311,327,419,313,256,289,297,274,288
"724",420,277,392,249,449,309,330,288,283,316,260,353,263,276,295,314,290,274
"725",324,314,331,242,450,300,308,298,278,314,301,420,347,289,285,295,254,268
"726",324,229,350,270,283,280,295,260,285,278,296,307,360,248,287,280,307,283
"727",426,251,419,272,468,312,301,300,268,341,261,366,298,254,275,315,295,290
"728",676,245,272,210,418,252,294,299,229,277,254,332,303,234,225,261,194,230
"729",229,293,389,282,282,290,324,255,278,281,266,378,254,306,331,281,313,292
"730",325,312,340,239,448,296,284,254,266,319,237,377,273,264,275,294,255,258
"731",303,201,281,196,408,268,278,264,215,269,208,310,273,251,242,244,243,234
"732",368,272,409,273,482,340,295,287,285,350,330,419,311,309,306,348,336,297
"733",294,245,383,281,294,285,313,249,282,290,255,386,247,268,292,295,263,284
"734",414,253,426,270,480,367,302,327,287,369,296,408,292,289,306,339,274,284
"735",272,279,367,267,268,272,281,249,273,244,280,355,241,281,303,270,308,249
"736",414,235,414,281,479,347,297,311,290,350,297,381,304,300,326,312,280,305
"737",437,281,435,286,476,329,335,296,278,357,314,433,318,294,321,340,279,316
"738",316,310,336,235,436,282,298,273,482,300,318,417,346,254,303,327,259,263
"739",449,291,303,260,473,328,299,299,264,328,305,390,351,256,245,313,307,293
"740",326,267,354,250,443,290,287,264,240,324,231,354,282,270,263,295,252,284
"741",410,325,389,283,480,325,342,349,297,592,317,399,344,308,295,315,283,296
"742",375,281,329,238,440,299,300,279,273,314,267,368,275,314,321,288,294,492
"743",345,190,307,198,391,259,296,282,216,274,232,298,286,243,262,259,259,239
"744",351,262,356,217,435,278,276,269,245,315,236,346,312,249,266,279,232,239
"745",298,272,374,309,297,295,333,306,305,285,297,406,288,298,280,307,262,296
"746",285,268,305,221,387,252,267,238,210,276,235,352,286,269,268,258,267,246
"747",420,272,266,228,466,298,291,248,257,329,275,375,371,228,237,308,281,281
"748",307,278,358,247,445,303,313,233,244,315,306,372,325,289,301,398,297,248
"749",359,291,346,222,432,272,285,363,249,289,219,350,249,316,276,282,259,238
"750",462,262,332,284,467,354,299,290,282,341,359,402,389,262,270,326,310,307
"751",373,243,357,252,450,280,270,301,233,317,265,363,250,289,245,283,244,276
"752",269,247,287,197,403,256,274,237,228,278,248,334,248,254,272,263,257,202
"753",226,262,336,261,267,252,297,224,265,256,244,353,241,298,290,264,284,263
"754",344,285,363,252,459,326,312,324,265,305,320,386,334,290,314,301,261,307
"755",396,330,421,283,476,346,305,266,315,343,308,408,348,281,332,342,331,329
"756",254,250,413,284,455,270,345,274,272,276,250,347,210,309,312,274,290,274
"757",1109,285,413,255,465,312,334,304,268,341,310,359,299,337,350,311,314,290
"758",486,241,340,279,456,331,309,299,290,340,337,372,379,261,247,324,290,302
"759",351,282,347,270,441,309,281,255,273,319,277,366,321,256,331,320,256,273
"760",394,245,422,273,469,318,297,321,304,354,340,381,308,305,322,327,289,309
"761",427,289,247,236,442,298,313,296,267,319,259,376,376,291,270,281,259,258
"762",428,297,453,297,498,355,330,302,323,369,317,423,333,311,321,372,299,309
"763",370,314,456,301,496,347,329,254,306,363,337,419,325,320,351,354,342,336
"764",444,237,272,221,423,281,277,348,231,288,286,335,340,256,208,281,256,251
"765",276,233,424,298,281,296,310,231,287,303,280,314,261,278,339,291,315,303
"766",364,246,386,236,447,279,258,286,238,310,257,325,234,278,279,300,281,253
"767",441,277,336,257,565,310,330,345,280,337,308,393,359,315,252,316,309,259
"768",377,337,378,244,455,316,341,316,269,330,298,427,314,317,290,309,272,295
"769",409,239,411,273,463,342,294,312,283,350,322,386,334,282,300,326,271,300
"770",362,256,332,255,442,280,302,245,257,313,284,367,337,243,283,295,225,268
"771",384,313,366,260,864,287,309,338,242,324,290,408,303,282,271,292,267,255
"772",242,298,349,284,278,288,288,229,270,270,260,400,254,282,277,302,292,290
"773",403,346,393,295,463,323,341,312,295,348,329,436,304,302,328,328,307,290
"774",393,242,359,237,453,288,279,376,267,326,283,356,277,285,268,304,267,273
"775",335,292,399,253,460,291,301,284,254,313,277,353,251,325,329,299,340,275
"776",430,287,372,281,499,350,294,299,286,353,324,403,346,310,279,332,305,306
"777",393,270,352,236,447,295,299,364,259,318,261,379,275,306,256,288,230,236
"778",381,259,333,226,433,294,268,336,235,300,293,372,289,289,245,275,250,242
"779",324,261,275,209,419,257,255,280,218,277,279,372,303,233,256,258,263,220
"780",394,278,412,244,446,293,275,318,267,320,236,343,234,283,262,308,273,265
"781",399,300,323,267,463,424,310,257,350,318,347,348,408,280,303,311,343,283
"782",322,238,310,265,254,276,302,269,267,251,266,315,288,272,270,246,320,269
"783",388,268,359,226,427,292,294,385,228,292,212,333,232,299,220,278,242,243
"784",430,276,403,266,462,306,314,322,288,341,274,351,287,262,285,331,271,273
"785",439,287,308,268,464,320,302,319,280,343,307,396,359,268,262,320,275,273
"786",387,317,298,248,460,313,332,300,277,333,341,417,410,290,261,318,279,275
"787",251,233,352,258,259,251,315,256,240,250,234,332,236,295,282,275,277,254
"788",378,272,310,255,452,291,266,219,269,327,292,346,361,246,297,290,326,260
"789",232,270,338,235,351,249,269,247,247,242,212,319,207,269,256,245,305,242
"790",392,263,323,273,455,324,311,257,283,323,286,388,379,254,237,330,308,303
"791",405,280,360,221,429,275,302,365,235,300,235,344,251,261,231,268,237,252
"792",368,277,392,261,453,313,280,296,272,337,280,416,269,307,280,314,297,267
"793",357,267,372,239,429,287,303,252,241,301,235,364,272,259,304,302,261,276
"794",439,247,342,254,469,310,325,292,259,316,322,329,373,262,269,309,326,255
"795",424,307,275,251,447,281,319,328,250,326,301,385,375,259,252,311,290,278
"796",339,242,339,245,449,286,248,230,252,315,262,341,259,284,283,285,321,278
"797",428,297,385,270,469,358,322,285,288,331,307,392,355,302,321,324,272,282
"798",301,227,356,263,278,287,286,265,286,268,223,327,217,251,272,269,277,268
"799",355,184,372,231,432,280,280,277,236,304,243,321,236,277,303,281,289,256
"800",332,245,332,277,291,286,289,237,285,284,271,326,307,225,242,290,334,291
"801",327,284,397,313,326,314,361,267,330,416,366,383,352,305,313,306,360,316
"802",250,238,416,296,289,297,319,263,285,266,305,342,280,308,354,286,284,297
"803",428,263,327,255,458,328,256,257,281,336,292,355,322,268,297,321,335,270
"804",288,257,301,208,3093,247,261,236,211,275,230,330,277,302,245,258,258,235
"805",350,320,391,273,467,317,285,230,261,316,267,367,250,270,354,316,321,265
"806",330,206,329,272,273,283,308,261,267,270,306,330,345,254,274,287,325,281
"807",355,298,374,223,409,282,266,277,229,293,236,320,229,279,264,278,310,254
"808",362,253,371,256,445,296,292,342,266,316,307,352,284,324,305,298,277,267
"809",432,297,304,271,466,313,299,316,258,317,288,362,408,262,242,304,280,261
"810",1586,338,410,241,454,322,315,278,249,339,256,362,266,312,333,318,338,253
"811",335,248,343,298,291,309,334,308,300,554,316,369,378,275,271,406,312,296
"812",329,275,359,247,423,300,308,282,248,304,265,347,280,284,296,289,299,243
"813",350,208,346,233,444,298,266,234,264,297,256,349,250,286,312,306,310,259
"814",271,256,394,290,290,306,296,234,297,280,266,380,270,256,278,296,273,289
"815",455,322,354,292,480,335,290,283,282,362,308,412,359,266,297,351,326,329
"816",377,270,426,267,462,318,287,323,288,359,298,426,328,299,314,315,277,302
"817",271,257,332,270,296,257,322,257,285,268,294,366,264,236,255,268,235,281
"818",245,190,363,265,247,253,335,254,251,249,250,287,237,287,323,242,249,268
"819",446,281,332,247,449,285,295,367,260,313,269,347,322,293,224,294,310,264
"820",337,263,300,205,415,271,264,274,216,301,204,340,242,235,228,286,241,250
"821",465,301,351,266,461,319,285,286,273,341,281,356,352,250,227,334,340,267
"822",235,270,343,273,298,268,259,245,284,268,217,355,208,232,290,258,286,283
"823",399,293,332,250,428,283,265,332,246,299,300,367,289,288,251,272,216,238
"824",295,201,365,253,254,262,293,271,246,272,256,295,241,281,283,244,276,248
"825",477,292,368,311,514,340,333,291,320,382,368,432,441,260,274,340,318,361
"826",308,263,355,241,443,299,265,186,250,316,278,364,312,263,341,295,288,269
"827",406,262,350,224,426,274,311,364,235,296,216,344,244,257,269,316,246,269
"828",470,248,350,277,448,312,281,298,258,331,334,363,376,256,271,322,297,281
"829",325,230,343,239,448,299,283,218,240,308,287,351,306,260,300,289,256,261
"830",319,248,280,192,387,230,256,289,217,256,175,294,235,249,238,236,227,225
"831",257,216,339,251,249,260,305,259,265,260,253,303,236,274,294,996,267,256
"832",301,239,286,195,388,226,261,240,192,935,190,330,221,243,237,258,258,212
"833",402,294,239,226,437,291,298,285,237,312,316,362,384,251,232,269,251,258
"834",405,225,406,271,467,327,280,309,285,358,312,374,303,318,313,340,285,307
"835",403,360,411,279,490,340,339,307,280,354,332,408,346,295,340,346,277,266
"836",366,316,393,244,458,289,306,301,240,348,279,332,290,280,300,2303,301,270
"837",252,285,449,326,331,328,295,228,320,308,302,405,310,285,360,334,327,332
"838",349,243,307,265,264,286,305,294,282,255,288,325,324,262,200,241,279,264
"839",351,261,336,303,298,297,324,245,300,295,341,363,373,278,301,301,320,317
"840",372,276,432,275,468,325,276,280,316,349,327,416,314,302,330,315,325,296
"841",454,290,343,292,490,330,310,297,304,372,358,395,395,288,269,343,310,328
"842",466,349,361,300,484,349,367,347,303,376,378,426,427,294,281,467,312,305
"843",231,205,357,238,241,234,291,276,241,248,200,287,183,267,291,359,270,247
"844",334,288,374,287,323,328,321,268,300,281,351,381,378,306,331,297,374,322
"845",473,299,419,266,464,324,326,374,280,349,275,368,284,288,307,311,255,281
"846",404,304,283,221,438,279,299,302,242,296,280,345,327,266,234,279,275,321
"847",320,228,348,282,278,4562,300,280,296,915,308,353,348,284,252,290,304,302
"848",385,247,318,261,460,304,267,227,242,324,311,350,424,247,312,309,334,266
"849",249,308,440,315,311,303,319,238,324,314,330,424,301,279,338,312,298,320
"850",342,239,357,325,315,310,312,206,307,325,338,344,345,248,326,327,355,311
"851",252,253,346,265,265,281,319,261,276,273,285,383,253,299,266,280,278,278
"852",428,290,455,292,483,347,333,329,314,355,322,383,317,273,364,331,315,312
"853",401,257,389,245,446,297,272,385,261,315,278,358,285,298,265,291,245,263
"854",382,189,347,206,415,267,264,329,230,294,282,298,260,307,282,278,269,233
"855",412,307,389,278,481,326,318,298,283,354,312,390,312,288,316,326,269,315
"856",347,223,286,189,386,268,255,289,203,254,188,296,251,244,224,228,210,208
"857",464,322,383,295,471,318,359,354,302,346,334,351,377,284,256,340,341,307
"858",460,256,267,226,423,279,269,352,236,321,260,371,345,249,197,287,249,254
"859",404,264,422,278,474,312,272,318,277,353,334,406,310,279,324,338,281,290
"860",342,234,396,235,432,288,276,225,243,303,257,328,296,250,338,292,285,258
"861",344,255,281,205,393,241,273,314,182,260,205,321,256,235,218,251,217,229
"862",250,268,370,281,303,284,338,273,280,283,272,424,250,273,304,286,279,281
"863",464,325,359,308,499,345,340,277,307,372,368,406,398,271,294,358,309,306
"864",401,261,410,265,453,319,347,321,280,329,297,353,284,314,374,311,334,298
"865",358,226,306,215,506,770,308,248,238,285,272,310,289,266,273,262,235,2348
"866",323,249,295,227,419,262,308,305,238,288,236,341,290,270,264,288,219,245
"867",449,247,309,254,479,327,269,286,261,342,328,370,363,248,242,304,296,296
"868",374,213,331,220,407,274,295,310,235,265,243,310,261,291,275,264,249,226
"869",250,235,357,243,251,252,281,245,259,271,280,322,242,269,334,258,278,271
"870",454,289,320,258,454,314,316,343,285,352,307,377,374,297,238,309,293,284
"871",375,201,366,221,414,274,252,326,225,285,216,319,245,267,247,277,245,227
"872",335,245,383,251,460,304,294,270,273,355,273,395,275,305,292,310,296,284
"873",434,285,384,261,476,319,345,351,305,332,326,388,330,303,318,329,267,280
"874",230,231,336,222,247,236,283,235,223,243,231,292,204,285,256,254,300,262
"875",397,250,407,280,460,328,305,332,288,350,311,383,294,278,330,331,285,290
"876",369,217,374,232,422,291,322,301,228,301,244,318,270,309,282,294,282,256
"877",435,322,457,264,470,337,332,317,295,362,261,393,269,288,328,330,308,310
"878",372,282,344,242,443,275,215,303,248,313,216,365,230,279,249,293,235,252
"879",1944,246,243,222,416,273,285,250,229,293,263,330,364,252,233,277,265,253
"880",373,258,364,251,464,329,269,270,268,346,331,426,329,277,293,331,274,287
"881",382,316,389,276,458,318,273,285,284,341,297,434,253,310,315,320,317,275
"882",359,263,332,243,440,287,316,312,244,300,279,375,319,257,299,293,229,263
"883",366,213,292,234,427,292,275,266,222,296,280,298,355,253,272,269,281,218
"884",325,250,368,256,432,287,271,299,256,315,276,359,241,332,305,303,306,263
"885",235,243,360,280,284,1421,336,232,274,276,302,347,289,295,326,292,311,273
"886",247,285,404,307,297,298,276,180,303,301,316,379,283,280,331,305,298,298
"887",425,270,371,258,428,296,328,348,242,320,303,339,276,256,273,303,225,237
"888",423,217,379,251,456,324,302,311,259,333,295,372,308,292,280,308,266,279
"889",269,276,294,208,387,233,247,237,203,259,201,321,238,259,252,334,289,203
"890",318,266,280,214,432,297,284,231,241,299,236,389,298,260,252,283,269,245
"891",235,262,374,252,251,269,305,233,276,258,272,356,229,255,283,288,279,264
"892",288,216,309,271,273,254,297,259,294,256,250,292,299,263,253,922,313,262
"893",354,291,461,265,473,329,324,275,288,337,307,388,309,314,356,313,354,275
"894",308,268,336,323,290,288,295,206,310,294,283,360,359,270,316,298,352,297
"895",363,242,350,243,442,295,307,308,259,337,271,367,270,259,295,310,245,259
"896",316,246,368,282,298,303,284,226,294,308,268,364,311,248,323,299,377,297
"897",409,273,327,250,471,324,274,263,274,328,298,342,327,284,283,310,319,264
"898",247,274,382,292,293,606,318,234,294,288,308,369,270,323,342,296,305,274
"899",360,309,357,247,440,295,325,276,235,316,264,348,252,299,328,265,310,261
"900",387,274,395,273,461,336,292,264,267,340,319,426,309,261,261,299,262,278
"901",304,254,390,268,268,283,320,315,277,270,279,335,254,288,288,276,288,265
"902",328,330,354,274,456,299,298,231,277,336,288,440,325,275,292,307,291,269
"903",396,274,289,220,427,277,299,307,249,306,234,325,352,253,227,277,284,221
"904",339,241,326,242,424,282,295,244,221,292,216,365,285,247,252,275,234,246
"905",438,281,312,250,516,297,282,353,255,324,273,360,328,292,220,300,290,254
"906",240,280,381,285,281,291,292,218,281,279,245,381,245,270,299,282,310,266
"907",370,199,337,233,431,640,280,321,231,303,326,325,295,307,287,276,261,306
"908",455,251,313,525,438,304,309,364,361,314,269,338,339,275,222,292,282,304
"909",314,285,312,220,412,266,253,238,241,280,203,360,270,243,255,261,245,262
"910",324,307,353,261,467,291,308,265,256,324,311,445,352,280,293,292,246,269
"911",393,189,338,231,427,277,280,359,239,298,276,334,286,284,246,272,215,246
"912",327,216,269,193,404,253,292,299,193,261,187,309,241,234,208,242,215,201
"913",350,262,318,229,427,284,296,322,248,314,243,358,262,291,260,278,233,255
"914",316,286,261,199,395,251,255,277,207,271,208,348,260,249,227,253,226,227
"915",283,272,264,210,412,265,259,224,238,274,218,354,268,263,270,260,274,211
"916",378,269,248,214,584,273,287,255,237,1056,268,344,371,265,242,266,282,250
"917",267,217,372,265,265,268,285,231,263,255,273,324,244,283,303,270,286,258
"918",328,287,328,291,276,294,320,311,276,297,259,344,317,271,236,273,285,289
"919",441,292,348,250,477,339,283,357,663,342,337,405,387,307,252,317,303,290
"920",428,233,286,254,435,314,296,318,259,291,293,347,343,286,255,314,316,247
"921",297,286,357,244,439,295,306,256,1594,310,310,348,327,299,351,296,266,951
"922",376,302,414,259,450,485,315,342,273,357,319,385,275,306,299,315,304,271
"923",409,230,353,226,435,285,249,323,235,303,221,339,235,271,248,288,246,261
"924",343,286,388,248,457,314,278,287,270,341,282,413,268,324,282,329,291,279
"925",399,311,339,302,492,354,302,253,308,365,350,410,417,279,296,329,319,312
"926",381,300,355,258,431,299,318,295,244,309,286,376,262,280,298,300,314,259
"927",445,318,412,252,450,327,310,315,286,349,264,380,271,268,293,312,308,278
"928",428,259,385,253,450,287,324,305,263,330,278,338,325,302,295,299,294,283
"929",427,253,268,232,435,269,297,286,248,302,304,357,381,238,212,274,248,259
"930",394,284,454,296,484,342,336,301,300,356,294,376,314,303,333,345,301,295
"931",470,256,339,284,486,331,289,287,292,346,344,399,393,285,268,314,276,285
"932",458,254,317,251,461,292,328,299,268,314,304,340,364,292,248,301,326,809
"933",369,245,308,228,408,246,271,295,211,289,240,312,288,247,246,273,244,231
"934",494,331,428,300,499,356,315,318,342,364,315,423,368,295,271,350,342,333
"935",307,312,347,250,463,290,277,250,249,322,243,397,272,288,301,306,312,280
"936",334,280,349,236,435,309,281,295,224,305,241,368,234,310,311,278,302,256
"937",338,215,324,204,399,248,264,283,200,284,231,297,282,249,265,261,241,209
"938",304,320,297,232,437,277,309,277,219,308,247,407,286,276,288,283,262,245
"939",336,227,388,235,426,278,313,270,237,294,287,333,318,293,329,283,275,261
"940",267,326,397,290,299,312,324,277,325,297,325,458,311,284,313,297,285,314
"941",345,303,395,240,480,320,285,263,283,326,235,358,265,281,297,325,321,270
"942",392,210,408,269,463,300,270,287,267,314,305,336,295,273,305,309,268,289
"943",345,217,299,220,400,255,283,268,227,278,221,281,269,244,258,256,241,655
"944",427,261,365,266,457,331,298,313,440,343,349,351,390,322,296,326,312,310
"945",308,281,375,253,441,299,309,240,254,303,296,384,308,301,302,286,278,243
"946",294,288,315,231,422,268,256,230,233,284,196,375,282,231,253,256,248,231
"947",388,258,365,267,451,343,299,273,267,340,353,410,314,279,288,316,284,273
"948",435,282,303,243,444,306,322,304,267,322,298,347,371,299,276,315,326,277
"949",346,276,382,267,459,305,292,231,269,331,259,378,250,276,311,319,343,264
"950",288,222,422,300,290,303,303,218,293,296,291,341,269,262,324,293,291,293
"951",350,200,326,198,402,245,269,339,218,275,216,289,240,291,234,613,254,221
"952",375,264,373,222,421,281,315,327,242,308,274,317,255,282,284,350,293,248
"953",386,274,371,242,445,311,265,340,230,313,292,377,292,304,269,290,297,297
"954",332,260,298,266,286,270,315,290,255,260,251,350,338,240,203,257,281,278
"955",366,326,367,265,465,326,263,279,299,329,293,414,272,296,314,328,279,302
"956",387,316,419,265,462,319,301,327,267,333,299,376,300,293,313,313,307,282
"957",308,270,334,225,414,269,300,289,230,289,219,328,264,301,294,281,249,216
"958",286,210,382,290,284,289,313,243,282,272,265,336,241,252,267,290,273,267
"959",363,261,308,211,423,276,255,347,203,297,212,366,249,260,225,280,206,224
"960",273,229,372,271,290,270,301,245,270,283,237,350,274,253,325,286,269,288
"961",241,246,406,294,291,289,322,242,291,269,333,372,259,331,341,284,332,281
"962",283,285,418,275,278,306,314,246,303,285,319,362,288,310,351,304,330,305
"963",351,290,384,269,466,327,292,280,277,332,266,415,256,291,326,329,298,280
"964",244,253,355,268,269,259,286,218,276,255,239,332,235,236,269,282,308,258
"965",265,267,302,249,252,252,270,276,246,250,243,386,239,280,269,230,263,247
"966",314,255,319,227,405,277,279,234,234,300,236,337,252,248,307,270,273,250
"967",392,276,279,241,447,306,299,234,259,316,286,364,375,244,222,275,273,263
"968",404,263,422,264,472,316,316,267,264,361,289,335,297,270,351,336,327,285
"969",499,353,406,314,528,386,339,300,315,392,358,451,402,321,332,354,342,342
"970",426,279,401,258,455,320,298,355,277,318,329,381,332,312,284,329,258,290
"971",347,271,300,272,275,257,293,300,267,279,278,326,310,241,213,277,271,264
"972",337,196,277,196,395,244,264,311,208,264,191,313,258,248,226,235,189,218
"973",1482,270,274,205,414,923,278,244,195,1448,233,350,266,290,264,251,253,245
"974",373,275,337,224,427,276,270,353,245,1386,239,380,223,319,239,267,274,246
"975",240,303,422,322,292,307,295,253,291,290,250,403,258,283,336,305,334,295
"976",406,287,413,226,442,283,287,291,261,313,276,337,273,293,294,285,316,251
"977",417,263,246,218,436,277,292,292,227,278,318,352,423,227,223,298,233,226
"978",301,213,386,282,282,281,317,266,275,355,295,333,267,278,309,300,277,268
"979",453,274,316,235,461,317,247,312,262,317,305,350,330,275,214,302,297,260
"980",323,306,335,242,443,311,327,252,230,311,297,393,363,299,299,309,267,283
"981",331,290,341,303,293,270,310,303,283,298,254,356,298,284,229,284,303,299
"982",440,278,370,294,474,341,285,304,284,350,333,397,339,286,283,342,309,306
"983",354,271,359,239,431,278,254,310,254,277,278,341,264,305,276,285,258,252
"984",378,267,350,253,441,314,318,251,257,325,274,400,328,257,280,300,255,269
"985",404,227,358,265,444,303,293,312,268,330,316,375,338,282,283,311,239,278
"986",347,306,328,251,451,299,278,216,261,312,298,410,321,244,263,313,274,255
"987",360,344,434,267,456,338,319,291,300,340,324,420,300,332,342,335,338,283
"988",453,298,364,289,492,326,332,305,283,350,358,361,381,308,297,338,311,288
"989",422,308,475,301,483,343,317,317,307,368,331,409,345,300,323,346,327,325
"990",411,262,422,286,492,320,310,262,280,343,306,339,314,282,330,330,312,305
"991",396,256,271,213,410,336,301,299,321,306,303,330,390,246,208,288,258,271
"992",398,286,252,229,418,492,287,307,491,318,254,328,330,246,234,254,262,708
"993",319,222,342,284,271,270,310,260,282,286,301,309,334,288,270,277,321,273
"994",293,249,399,299,303,325,320,250,318,289,302,392,286,250,313,301,265,292
"995",381,199,370,221,424,278,256,331,234,296,279,305,261,316,285,282,259,248
"996",371,283,237,223,413,274,287,255,223,302,270,329,368,276,237,283,274,257
"997",344,286,397,319,308,318,314,250,315,314,320,380,328,278,292,333,337,315
"998",471,264,334,555,466,333,334,343,305,340,374,385,402,297,262,336,291,295
"999",286,254,444,310,304,279,328,254,299,298,254,373,241,283,307,316,294,288
"1000",433,266,303,249,437,313,275,257,270,322,288,369,397,234,231,313,275,281
