"","v Afghanistan","v Australia","v Bangladesh","v England","v Hong Kong","v Ireland","v Kenya","v Netherlands","v New Zealand","v Pakistan","v South Africa","v Sri Lanka","v U.A.E.","v West Indies","v Zimbabwe"
"1",276,359,392,349,412,485,387,341,432,383,311,368,333,352,544
"2",334,422,388,395,412,478,369,349,377,411,253,387,331,419,507
"3",377,374,389,392,367,459,370,315,372,357,276,375,307,373,377
"4",311,385,365,356,409,492,380,320,362,348,244,353,297,371,516
"5",354,358,415,321,431,475,387,345,404,416,321,376,329,416,564
"6",321,408,399,378,405,429,367,341,367,382,283,304,303,377,534
"7",348,361,347,359,384,441,363,331,325,376,277,365,288,364,358
"8",379,368,348,383,382,452,349,315,378,382,310,348,280,372,350
"9",354,379,420,367,434,481,371,343,392,407,272,374,318,381,500
"10",328,445,370,406,396,459,386,339,379,395,260,321,324,407,488
"11",370,361,344,382,406,429,363,303,350,393,271,365,281,359,364
"12",355,331,404,352,383,486,362,321,378,370,336,369,300,354,392
"13",357,363,376,356,385,418,340,314,364,342,314,342,262,327,352
"14",381,343,417,292,433,498,391,363,417,365,271,435,381,384,566
"15",369,359,381,379,387,416,351,303,369,348,288,377,359,369,360
"16",351,315,427,284,411,488,385,332,410,424,280,396,305,363,566
"17",339,345,352,399,371,405,348,317,361,373,295,349,312,359,358
"18",341,360,383,368,389,440,354,326,358,391,314,377,317,341,392
"19",356,388,379,358,371,481,376,322,386,389,263,350,311,340,344
"20",337,385,723,366,382,477,376,321,434,305,304,349,357,407,517
"21",272,381,416,330,427,450,395,330,414,401,325,345,310,396,538
"22",339,377,381,348,415,462,375,332,401,381,280,374,345,404,547
"23",379,353,399,313,398,416,349,307,389,361,321,391,287,372,373
"24",377,305,393,344,390,448,361,312,390,336,316,413,286,367,384
"25",395,379,393,324,420,491,393,338,424,369,276,370,356,397,515
"26",326,378,395,381,408,508,385,333,399,366,277,345,328,386,561
"27",323,302,351,352,391,462,357,308,370,408,293,320,302,361,382
"28",369,376,388,355,382,446,348,327,346,368,268,359,312,395,373
"29",342,346,403,311,413,479,389,349,394,427,308,347,332,395,577
"30",347,396,368,322,412,472,380,351,386,373,274,353,334,382,543
"31",323,354,428,316,433,472,406,327,414,380,324,377,357,384,553
"32",346,386,387,344,403,417,348,288,359,413,294,365,295,380,404
"33",369,362,396,366,381,446,367,310,371,330,296,372,277,353,349
"34",352,364,370,326,391,465,318,303,363,355,283,325,291,334,371
"35",351,369,417,317,419,435,371,311,415,320,320,370,329,362,545
"36",351,309,374,336,394,440,357,309,384,332,316,405,296,357,374
"37",357,350,372,346,369,435,370,301,356,326,287,353,289,335,372
"38",319,353,338,375,395,453,342,285,360,397,310,352,279,376,385
"39",357,360,386,359,637,415,388,325,383,382,256,366,329,393,522
"40",344,353,507,280,423,457,394,343,418,404,304,389,366,377,585
"41",349,400,368,370,400,472,357,328,371,377,262,347,303,416,500
"42",350,360,346,356,467,444,330,299,353,329,251,332,305,336,357
"43",356,408,350,397,385,431,360,320,327,364,266,333,305,367,386
"44",368,388,378,325,418,507,400,346,376,399,328,394,337,394,553
"45",329,369,423,350,398,460,373,323,392,371,272,329,354,371,518
"46",386,349,394,341,427,459,392,361,424,390,304,419,373,423,527
"47",358,340,402,277,428,492,385,336,428,345,315,372,311,376,545
"48",321,335,344,351,374,431,325,341,361,341,264,304,329,379,380
"49",394,330,434,300,427,471,387,323,444,391,263,426,382,368,558
"50",350,428,363,356,409,476,402,363,381,426,275,366,345,385,536
"51",350,336,345,335,371,433,335,302,346,383,270,315,299,368,384
"52",387,384,383,316,417,490,380,350,408,375,287,389,310,395,547
"53",381,379,413,329,415,447,374,330,383,337,276,368,362,398,519
"54",390,394,388,350,413,502,1320,355,414,381,301,391,366,406,532
"55",348,383,435,368,420,485,395,361,418,309,257,433,340,391,521
"56",375,374,447,284,424,526,400,351,403,376,314,383,322,385,535
"57",362,374,321,366,365,438,353,317,345,386,238,309,298,358,368
"58",353,374,398,348,408,473,396,351,403,364,270,382,321,383,534
"59",399,386,371,374,427,476,366,351,371,433,265,369,358,443,537
"60",364,372,349,395,406,426,348,315,348,389,279,363,336,375,357
"61",407,349,405,314,412,497,384,338,393,360,289,406,343,384,532
"62",343,359,330,381,376,461,357,315,365,421,252,347,308,353,361
"63",385,387,391,331,430,465,404,373,399,417,292,355,306,387,546
"64",374,341,406,289,419,496,374,332,435,360,344,399,350,376,574
"65",377,426,415,408,402,448,371,331,379,377,272,326,303,367,499
"66",355,393,389,361,405,465,395,336,374,452,240,356,324,387,556
"67",365,355,386,306,416,436,379,344,409,379,297,358,359,350,537
"68",385,354,416,311,427,500,404,334,437,348,325,375,347,395,1068
"69",331,389,388,407,408,438,376,350,378,388,248,342,326,395,504
"70",335,373,336,381,379,458,354,307,349,412,255,364,319,383,365
"71",349,419,388,346,418,453,370,333,388,447,261,356,337,432,538
"72",368,363,395,350,398,436,355,316,384,354,286,360,302,383,370
"73",351,384,398,382,427,486,386,358,372,401,269,352,352,384,525
"74",355,377,407,365,414,471,387,324,395,362,255,331,308,373,500
"75",384,375,373,328,411,474,378,342,401,415,263,363,337,398,525
"76",362,376,338,411,385,420,328,284,360,389,246,311,286,361,343
"77",327,392,377,326,416,475,380,301,381,359,287,341,333,363,520
"78",381,315,382,329,387,435,347,298,390,337,346,378,279,321,395
"79",307,383,400,391,398,491,384,340,378,394,246,349,321,367,515
"80",321,348,397,353,420,462,403,344,396,432,310,416,359,371,540
"81",378,354,371,366,371,412,363,300,356,371,290,356,298,385,355
"82",355,406,417,375,402,461,365,324,452,357,251,370,314,398,482
"83",367,365,437,290,415,468,404,347,431,358,289,397,338,400,562
"84",374,402,431,349,400,466,366,375,389,369,291,361,317,407,528
"85",335,348,363,335,367,450,362,300,349,390,291,366,336,347,384
"86",354,379,336,393,381,465,361,310,350,380,263,343,300,362,357
"87",358,397,344,388,411,410,368,296,343,392,276,326,290,335,346
"88",388,329,417,293,419,456,383,346,418,372,311,392,313,372,537
"89",329,371,372,343,426,467,393,324,363,414,304,335,342,390,545
"90",369,359,360,391,378,462,346,331,355,392,299,364,332,384,360
"91",315,341,374,356,386,432,359,287,385,376,274,381,267,365,374
"92",318,347,396,341,407,454,395,349,411,391,281,365,376,372,557
"93",339,370,396,341,430,466,390,355,407,375,312,373,356,371,549
"94",384,373,415,349,423,464,379,335,407,378,262,411,329,416,539
"95",321,401,396,403,415,476,380,311,381,387,252,334,341,388,531
"96",318,331,404,323,415,460,359,321,424,341,299,355,341,384,542
"97",386,397,400,340,415,464,398,325,397,386,294,387,302,406,525
"98",416,366,454,288,411,466,390,333,420,369,305,411,324,384,578
"99",370,342,373,309,411,458,359,317,395,346,304,389,317,339,376
"100",346,395,376,363,429,464,403,341,382,400,271,373,326,403,533
"101",384,371,396,391,378,427,351,305,375,325,294,354,313,385,356
"102",359,348,456,351,416,464,387,345,435,348,318,444,327,350,535
"103",393,396,435,341,432,492,405,369,421,358,288,430,383,403,544
"104",416,352,413,363,405,477,403,357,413,369,292,410,349,417,538
"105",326,377,395,357,413,467,394,333,398,397,309,389,341,374,552
"106",348,349,358,382,390,436,348,301,353,380,300,350,325,346,385
"107",365,375,425,362,413,462,381,319,414,355,255,346,332,387,522
"108",367,304,374,299,422,447,391,333,431,412,316,372,356,388,553
"109",383,389,399,346,407,451,377,334,423,342,273,365,318,404,505
"110",345,369,409,311,445,481,377,327,398,392,297,399,330,387,543
"111",334,359,336,372,381,464,335,304,375,399,238,308,265,354,368
"112",363,401,365,388,381,461,367,309,339,394,272,336,324,379,359
"113",350,375,433,313,403,464,384,333,424,371,332,386,290,359,539
"114",359,332,382,355,362,435,325,301,383,338,267,356,297,367,367
"115",326,360,325,390,374,447,367,301,349,404,261,354,291,404,367
"116",373,371,428,294,421,467,402,345,421,374,331,370,320,364,545
"117",367,396,359,366,392,451,390,368,375,418,239,338,315,378,535
"118",326,368,360,337,419,445,371,323,404,368,282,379,390,387,546
"119",334,332,367,334,384,431,364,335,369,356,314,373,259,341,377
"120",379,384,383,334,419,500,393,342,412,403,273,404,345,402,545
"121",331,383,417,381,403,480,374,334,403,335,285,339,381,378,490
"122",362,364,390,320,435,476,388,336,383,407,283,372,328,389,552
"123",406,390,427,335,405,477,394,349,422,384,294,431,318,421,527
"124",342,374,368,386,392,428,358,316,397,413,294,383,341,348,406
"125",357,349,425,333,416,451,372,331,434,334,330,388,302,346,542
"126",404,378,433,332,408,487,385,326,433,385,277,376,324,418,524
"127",363,355,968,331,436,494,367,327,399,390,318,367,292,383,525
"128",327,369,344,377,388,446,358,318,344,369,256,362,284,380,370
"129",373,353,362,364,369,449,341,318,367,362,277,352,338,378,357
"130",372,402,377,369,428,463,375,340,387,385,249,339,359,400,524
"131",347,393,398,388,409,477,400,353,399,429,285,349,338,418,529
"132",365,354,409,271,419,455,392,356,411,371,310,399,329,352,556
"133",404,330,364,392,381,443,362,296,392,382,284,348,338,357,350
"134",359,376,458,328,402,455,392,341,404,349,273,393,280,379,504
"135",358,362,371,351,374,467,354,319,356,344,281,387,341,368,375
"136",289,365,387,304,420,421,377,326,402,383,287,325,313,363,525
"137",408,348,371,355,419,475,370,344,395,313,272,370,308,382,509
"138",307,372,399,335,443,487,346,315,379,366,294,333,888,365,544
"139",389,395,414,303,425,481,389,352,391,432,318,375,352,383,588
"140",330,423,408,369,399,443,383,344,398,350,255,358,324,401,533
"141",364,336,414,380,386,447,369,316,382,339,281,366,309,386,369
"142",359,354,383,330,434,501,382,334,438,413,323,412,360,390,554
"143",358,369,404,361,402,465,368,335,411,333,264,352,344,377,537
"144",394,372,366,374,374,433,343,303,381,320,283,364,251,341,368
"145",323,362,404,326,410,484,390,332,406,356,272,344,330,367,489
"146",374,391,383,333,409,485,388,329,386,363,270,362,318,389,523
"147",339,356,383,345,376,449,369,335,391,353,259,360,288,369,357
"148",386,356,407,304,443,468,381,332,405,377,317,403,373,355,540
"149",369,312,393,277,477,471,381,358,429,383,293,402,361,365,545
"150",334,342,434,341,428,1311,361,330,428,332,317,348,443,330,534
"151",320,347,364,370,398,454,354,317,371,381,303,371,304,336,374
"152",370,361,823,346,395,469,368,294,361,380,285,336,335,358,375
"153",388,384,343,368,405,481,374,332,388,419,285,395,335,403,507
"154",313,346,434,328,415,446,365,333,421,332,295,380,328,339,517
"155",347,376,388,373,407,502,380,346,442,370,285,393,362,406,507
"156",315,387,355,403,390,447,349,332,387,405,283,349,280,376,349
"157",335,345,388,361,379,434,346,303,374,353,271,325,300,376,365
"158",314,391,423,375,461,435,388,317,412,354,256,379,319,398,495
"159",328,362,354,343,384,441,364,300,361,388,298,355,292,342,377
"160",535,365,427,385,414,487,385,369,429,304,257,384,332,383,495
"161",360,343,386,315,395,473,377,349,411,382,274,359,339,381,542
"162",353,362,362,345,390,446,369,309,348,407,315,338,309,349,384
"163",403,350,407,309,417,466,385,349,431,389,281,357,315,382,551
"164",348,345,336,373,379,463,373,305,344,392,248,355,337,378,384
"165",331,349,455,334,425,443,360,350,384,417,317,406,343,382,562
"166",354,387,439,316,421,439,390,334,429,374,306,358,319,370,526
"167",326,380,365,346,386,444,361,321,338,380,274,336,307,381,386
"168",377,367,374,332,430,480,397,353,368,430,299,356,350,414,548
"169",378,356,474,298,425,471,402,343,446,394,324,424,376,372,570
"170",354,368,379,298,432,489,399,341,422,379,338,414,345,361,551
"171",326,373,345,364,379,447,348,339,357,390,255,316,266,354,355
"172",321,387,386,352,433,466,383,322,381,365,290,378,334,345,532
"173",361,388,398,308,434,483,387,346,413,388,294,368,369,388,572
"174",338,407,377,382,421,475,378,345,397,395,246,357,367,434,505
"175",327,354,417,347,414,486,389,348,418,396,311,402,346,374,535
"176",359,354,419,319,428,459,391,346,433,361,319,365,363,361,553
"177",338,355,358,341,393,415,340,302,376,367,317,370,297,362,374
"178",338,378,386,330,419,469,378,329,403,398,270,350,331,375,536
"179",361,324,391,281,432,462,392,337,423,359,288,383,298,363,572
"180",374,332,410,310,416,471,405,347,425,391,321,390,373,382,550
"181",330,303,396,353,403,473,340,337,401,337,320,372,320,353,373
"182",378,423,355,366,409,463,396,336,398,413,292,363,308,399,542
"183",323,340,356,373,380,431,347,301,355,411,286,363,311,343,378
"184",371,335,414,333,426,462,380,352,429,386,319,384,357,362,535
"185",368,308,354,338,376,416,335,316,392,323,283,345,279,345,352
"186",349,369,362,346,408,460,390,342,380,403,226,391,365,391,523
"187",324,386,363,368,423,458,365,353,373,417,275,325,337,387,525
"188",403,390,398,329,420,462,405,341,401,368,275,440,326,418,525
"189",372,344,398,313,411,438,369,371,429,369,316,372,311,372,562
"190",342,384,418,352,420,477,396,342,394,423,282,370,323,380,544
"191",287,362,418,314,413,477,387,334,405,330,300,359,321,391,545
"192",356,309,464,320,391,440,333,287,385,343,305,341,314,322,396
"193",380,410,442,360,416,475,379,325,416,334,288,350,343,383,516
"194",399,407,378,324,401,460,393,341,395,389,295,391,331,411,543
"195",345,340,409,330,399,444,379,323,406,368,314,399,318,340,393
"196",416,372,380,325,433,470,386,347,413,410,309,365,349,412,546
"197",370,379,369,348,376,437,361,323,356,308,266,376,305,375,374
"198",308,397,385,367,388,437,372,328,377,414,259,344,289,418,534
"199",290,406,376,385,395,487,370,346,388,385,261,409,315,394,518
"200",332,323,416,319,419,486,377,329,426,302,291,341,312,364,524
"201",342,334,384,312,422,435,368,353,417,352,291,403,327,340,546
"202",333,405,399,374,410,510,384,314,407,408,275,349,324,397,522
"203",361,375,375,353,416,464,387,338,396,433,314,346,335,376,560
"204",369,324,416,317,386,445,371,323,390,362,340,385,294,382,391
"205",341,355,395,376,413,473,382,328,404,328,274,361,324,376,519
"206",330,421,383,389,420,478,388,349,381,400,258,351,328,425,504
"207",362,386,378,332,431,526,427,329,375,428,304,408,355,394,559
"208",355,362,382,348,421,499,389,351,403,414,292,363,355,395,543
"209",330,361,390,335,399,440,367,340,416,390,282,348,313,395,553
"210",371,375,440,293,420,481,382,353,428,400,310,366,331,366,575
"211",342,353,439,292,428,459,386,344,436,377,310,376,363,384,571
"212",352,347,440,343,424,437,384,348,432,358,299,348,330,364,543
"213",385,363,403,288,426,480,381,367,424,377,321,397,342,383,549
"214",377,376,418,323,426,497,390,356,402,372,302,416,338,384,562
"215",367,362,387,375,397,509,378,329,404,320,278,352,319,398,506
"216",362,348,388,354,408,918,395,329,418,352,253,352,320,372,517
"217",349,342,428,331,430,457,376,327,431,332,340,365,325,371,521
"218",325,370,405,370,406,464,383,340,405,390,307,341,332,336,541
"219",332,354,330,364,396,435,326,290,339,372,251,356,278,354,361
"220",356,296,384,345,392,427,336,292,378,335,306,357,275,349,367
"221",329,355,382,314,425,496,386,338,380,422,263,380,320,374,552
"222",388,415,360,366,418,480,383,350,395,421,271,353,329,386,550
"223",304,390,404,379,401,497,383,327,382,376,290,335,350,368,497
"224",382,315,374,358,403,464,373,304,360,406,283,403,314,374,394
"225",413,413,407,284,409,484,385,335,386,380,281,393,322,404,522
"226",337,357,418,359,423,479,391,354,444,308,288,378,321,368,539
"227",386,396,373,354,422,494,395,357,378,411,329,330,347,419,524
"228",324,402,358,353,421,489,371,338,381,458,1090,344,371,375,544
"229",361,388,353,398,395,455,359,309,351,377,270,348,261,397,373
"230",291,399,416,352,406,460,367,323,391,651,290,351,312,370,559
"231",380,346,455,301,415,461,372,355,433,385,307,372,340,338,530
"232",323,405,379,396,400,442,366,317,399,354,249,327,299,370,484
"233",395,364,430,322,419,490,382,337,406,370,278,353,308,380,525
"234",323,393,390,378,407,449,373,310,394,382,211,313,323,410,496
"235",295,354,375,361,391,493,360,309,392,397,299,365,295,345,390
"236",384,333,389,384,366,447,354,328,390,342,308,371,348,355,366
"237",369,357,398,359,380,465,367,342,399,325,287,333,296,390,378
"238",343,379,392,320,421,449,406,343,401,413,283,399,348,395,563
"239",337,310,405,285,414,459,374,330,424,366,299,374,305,381,552
"240",384,347,383,365,371,463,346,311,359,361,286,363,328,423,358
"241",347,397,349,382,391,466,345,297,344,395,246,344,252,391,360
"242",276,333,396,334,420,467,357,307,408,377,273,355,311,351,543
"243",376,395,389,355,418,452,424,353,387,391,230,376,315,390,534
"244",347,369,422,330,409,431,367,350,410,333,261,377,311,372,506
"245",393,367,401,330,424,456,376,349,384,355,297,360,316,381,528
"246",377,360,390,380,380,385,354,299,354,341,271,324,317,339,373
"247",331,370,372,317,420,467,399,336,403,415,296,360,356,371,555
"248",338,354,379,349,404,453,358,304,373,411,264,370,341,379,363
"249",346,382,432,323,418,488,376,329,437,295,288,384,367,354,541
"250",339,365,343,403,376,448,346,328,327,383,258,375,301,360,361
"251",382,407,395,348,399,457,388,343,376,411,283,354,334,409,526
"252",340,411,419,350,423,459,394,326,418,368,280,403,326,389,531
"253",353,401,399,343,411,446,373,336,409,353,277,358,322,412,535
"254",376,357,388,322,399,455,394,339,399,358,253,396,381,391,514
"255",380,359,442,357,404,483,387,375,406,318,287,366,342,398,522
"256",374,364,430,339,418,469,372,340,398,397,293,376,335,394,521
"257",355,352,397,357,387,485,335,313,400,344,312,325,262,324,398
"258",329,351,428,341,420,463,381,339,430,330,292,380,321,382,524
"259",382,395,389,354,414,483,372,318,397,438,261,317,306,408,527
"260",342,322,390,308,398,424,360,297,384,332,300,356,344,338,381
"261",356,386,447,373,393,441,378,350,403,355,271,400,349,348,508
"262",349,390,399,310,424,466,392,369,398,415,325,401,351,415,560
"263",348,386,385,342,411,459,384,352,421,366,231,396,317,354,505
"264",332,388,411,334,411,448,368,342,397,395,290,352,325,352,531
"265",354,349,396,339,432,455,393,329,370,401,304,367,357,377,540
"266",358,377,340,347,405,477,461,333,377,406,254,393,312,392,522
"267",354,388,438,385,402,442,377,345,409,330,285,335,332,366,487
"268",343,351,392,328,425,487,380,336,399,428,293,376,316,346,532
"269",304,369,385,320,421,510,353,315,382,357,273,374,347,375,554
"270",342,356,421,358,402,464,371,360,401,337,285,348,310,381,506
"271",341,350,376,315,419,475,399,338,408,448,310,401,358,387,556
"272",325,378,436,378,410,476,380,333,413,289,314,331,345,370,510
"273",416,363,436,293,438,478,399,322,413,405,322,433,403,383,576
"274",289,386,412,326,402,459,372,351,396,326,270,359,324,372,505
"275",330,348,373,335,429,495,393,346,399,407,307,412,328,399,549
"276",358,393,366,393,367,454,359,330,332,378,263,337,308,373,373
"277",310,354,401,342,422,464,372,332,387,386,269,342,324,357,554
"278",376,377,374,335,382,401,332,306,389,327,257,361,291,374,379
"279",353,298,386,331,378,428,324,313,359,346,311,359,270,347,362
"280",308,379,382,344,423,490,374,334,388,398,260,326,368,358,538
"281",319,398,419,384,412,465,385,354,364,380,279,350,315,423,508
"282",346,336,366,349,391,447,361,307,365,389,297,362,284,363,375
"283",348,413,370,355,401,456,392,324,372,368,259,339,332,407,515
"284",337,337,365,362,391,443,338,312,351,376,304,327,303,357,378
"285",346,349,381,372,402,484,374,356,443,323,287,372,354,397,511
"286",288,345,372,353,408,471,384,355,419,405,311,355,325,369,520
"287",366,388,374,353,411,503,399,328,401,426,269,328,306,379,552
"288",364,295,420,287,428,456,395,449,431,403,284,364,291,388,561
"289",366,329,411,326,389,448,353,313,388,344,308,384,341,359,391
"290",311,353,367,363,378,471,334,314,364,390,283,345,294,334,373
"291",364,388,375,363,415,460,374,352,377,416,251,388,380,408,535
"292",353,347,361,353,397,430,349,306,375,381,287,351,273,348,384
"293",362,403,394,353,398,459,404,341,409,415,267,378,323,406,530
"294",440,334,408,331,398,440,374,321,414,333,240,340,312,394,510
"295",370,317,394,302,388,447,354,314,376,343,318,354,268,325,393
"296",337,364,383,332,420,647,390,365,400,410,293,359,371,368,535
"297",364,410,402,344,398,490,380,343,395,336,259,358,293,372,497
"298",335,375,408,322,421,462,363,335,425,329,261,341,351,403,484
"299",341,353,354,332,413,469,373,322,405,428,370,351,331,389,554
"300",340,307,356,368,392,452,337,315,371,405,331,359,271,349,379
"301",345,325,367,360,370,432,355,296,380,330,290,348,296,366,385
"302",357,348,415,310,419,448,357,345,395,343,295,395,307,359,553
"303",355,390,362,326,420,469,379,336,367,404,263,374,329,438,552
"304",355,347,406,360,418,462,375,329,384,387,300,347,300,374,529
"305",361,333,423,332,419,484,390,331,442,316,311,400,351,373,536
"306",332,337,431,302,400,482,365,327,415,352,320,369,306,356,541
"307",363,371,427,369,412,477,385,343,413,305,312,338,337,356,509
"308",368,385,348,365,382,424,366,332,340,383,247,325,321,364,366
"309",381,347,410,323,419,479,407,345,407,388,282,383,394,403,542
"310",383,351,393,351,383,416,363,322,392,370,270,350,310,418,355
"311",310,374,388,353,416,489,369,343,384,348,272,330,348,375,525
"312",378,370,395,325,410,477,378,325,419,414,305,389,332,393,544
"313",367,391,438,306,427,472,373,358,414,363,298,425,317,365,545
"314",374,331,416,315,424,488,403,345,419,374,336,423,338,394,549
"315",360,341,372,332,374,441,354,301,381,357,329,363,340,340,387
"316",420,402,413,381,420,487,390,366,375,430,278,368,350,417,524
"317",381,376,383,339,412,461,415,367,397,390,272,411,341,411,538
"318",367,411,404,358,420,436,378,346,378,413,305,357,358,425,513
"319",341,357,445,372,404,468,388,341,422,346,285,388,314,417,524
"320",381,333,401,376,397,427,345,294,373,341,274,309,295,353,369
"321",335,340,332,333,385,415,353,296,376,406,287,332,291,330,381
"322",353,340,420,375,375,442,333,292,367,328,268,318,283,357,376
"323",366,384,398,367,416,496,381,348,401,331,273,344,315,387,531
"324",360,379,452,342,411,445,405,335,406,371,276,376,319,366,532
"325",368,344,373,372,599,428,365,315,386,634,288,322,287,373,377
"326",352,376,410,351,406,437,373,359,393,319,273,382,337,368,509
"327",296,372,374,328,424,438,380,348,429,416,312,397,336,393,531
"328",353,390,348,405,402,460,360,329,377,377,274,337,301,369,365
"329",355,392,347,405,381,413,335,314,340,382,269,321,309,375,352
"330",366,389,372,400,411,499,384,341,387,442,252,382,322,455,534
"331",306,386,391,363,403,448,368,341,378,366,270,326,313,381,522
"332",363,401,379,345,419,439,401,331,398,394,285,404,372,387,574
"333",308,392,427,357,422,451,377,347,411,391,282,372,332,360,521
"334",391,325,391,355,394,435,386,307,374,361,277,358,293,370,381
"335",356,347,366,350,366,436,348,292,366,341,267,381,310,352,358
"336",342,321,366,309,382,423,340,311,381,315,306,381,300,349,385
"337",330,355,421,325,421,436,379,335,427,313,313,399,356,386,515
"338",379,334,450,288,434,480,410,349,422,393,295,371,326,384,542
"339",389,339,462,312,431,466,384,358,466,370,327,421,356,367,550
"340",373,376,421,343,405,462,370,349,430,374,265,358,369,389,531
"341",405,367,466,328,429,461,389,333,425,368,313,375,354,360,519
"342",303,385,361,388,399,420,333,301,343,389,283,337,267,346,355
"343",358,347,406,290,421,469,391,352,402,362,324,408,328,363,550
"344",337,328,428,341,410,487,400,355,412,359,330,386,325,409,523
"345",345,415,406,413,441,491,387,335,397,379,279,360,320,407,498
"346",352,323,386,350,387,435,353,325,383,330,303,367,291,353,378
"347",320,376,408,314,422,463,385,336,409,348,296,345,504,330,544
"348",354,363,370,355,389,443,362,305,349,421,292,361,339,362,370
"349",367,327,394,366,372,473,361,319,393,326,298,355,288,332,343
"350",382,376,436,345,421,481,400,334,429,323,232,378,300,413,494
"351",343,386,391,337,432,462,402,363,377,393,285,381,339,406,565
"352",385,362,396,361,411,446,397,332,421,354,567,367,336,392,522
"353",334,387,360,393,367,440,364,313,328,408,264,355,307,393,363
"354",354,363,369,332,430,478,372,318,404,402,288,345,306,387,538
"355",322,383,383,376,411,450,391,322,407,350,292,324,317,394,512
"356",338,304,385,377,379,431,350,297,407,333,298,330,325,335,352
"357",358,439,389,359,417,444,360,330,401,398,311,339,318,396,536
"358",341,386,351,383,388,467,361,312,340,408,280,329,323,393,457
"359",340,383,396,402,426,454,387,577,402,369,283,357,385,383,850
"360",365,360,373,319,394,467,389,325,389,368,284,385,322,399,532
"361",350,337,389,327,391,428,364,290,367,332,296,372,288,335,367
"362",325,347,411,328,1021,436,372,319,443,349,338,429,297,341,558
"363",327,421,364,365,409,451,386,306,384,369,230,359,329,399,523
"364",362,376,360,374,403,453,363,326,357,414,274,345,308,374,377
"365",367,330,394,318,411,438,360,320,381,353,311,365,292,336,676
"366",384,328,377,330,433,498,392,338,400,422,293,399,349,371,574
"367",336,357,348,363,389,447,363,313,339,403,261,335,282,387,359
"368",375,338,391,283,410,471,360,343,412,345,303,373,299,372,541
"369",365,399,439,349,407,507,387,349,417,325,270,378,346,376,496
"370",390,340,446,305,435,521,402,340,411,370,305,435,372,403,553
"371",373,350,355,325,395,434,356,340,362,327,298,368,304,341,404
"372",333,319,416,312,425,465,377,322,414,346,327,371,300,353,596
"373",377,378,408,390,404,473,401,385,407,395,274,384,338,411,523
"374",331,339,344,345,384,439,357,323,346,424,306,469,328,367,392
"375",388,347,390,307,422,465,379,369,457,367,320,388,333,370,546
"376",331,349,430,335,417,497,377,366,415,362,313,430,327,370,535
"377",319,383,366,378,393,448,327,305,326,382,260,319,295,354,351
"378",341,375,414,318,415,435,363,340,436,370,271,333,316,369,506
"379",356,360,391,337,402,492,402,348,416,371,292,404,349,416,532
"380",412,399,414,326,418,461,384,348,425,392,274,397,333,381,544
"381",401,384,372,355,417,465,377,322,399,357,236,373,314,411,558
"382",377,357,388,381,384,432,356,309,379,333,261,364,295,393,355
"383",334,404,381,379,410,440,393,348,397,399,262,350,335,397,532
"384",314,350,437,321,417,460,377,313,417,318,292,379,304,349,531
"385",320,407,366,395,407,443,367,326,385,355,273,356,314,393,509
"386",329,362,434,318,411,447,410,330,408,313,302,395,333,346,555
"387",373,373,388,337,425,444,381,371,401,353,280,360,331,410,532
"388",365,364,377,365,386,437,364,313,392,306,268,332,286,373,371
"389",312,391,394,366,406,500,366,304,399,383,256,314,315,362,531
"390",333,398,337,356,370,433,349,310,355,401,263,351,310,384,363
"391",359,408,385,389,405,454,391,346,414,431,265,405,323,432,536
"392",394,341,379,364,386,421,356,334,372,362,286,372,278,345,363
"393",329,362,346,367,382,429,360,302,340,375,292,353,312,320,398
"394",391,383,410,331,398,507,387,332,418,417,258,394,351,379,559
"395",332,424,456,328,416,474,385,339,390,352,283,389,299,403,499
"396",416,323,369,318,431,469,382,384,437,392,301,441,343,400,575
"397",373,405,391,354,418,507,385,330,380,396,244,365,336,418,528
"398",362,336,356,308,389,452,358,327,380,376,329,358,318,333,389
"399",333,351,390,331,426,454,370,332,396,448,291,395,331,399,551
"400",362,373,428,352,407,491,398,343,446,343,247,367,313,408,498
"401",342,423,372,366,422,489,394,371,396,406,258,390,354,435,534
"402",356,341,442,306,429,489,367,308,432,311,300,335,324,354,535
"403",400,366,393,293,417,453,382,331,384,396,320,385,307,407,572
"404",382,361,436,310,423,470,384,364,425,332,305,364,309,379,546
"405",381,341,385,381,377,429,343,301,353,360,266,349,294,355,344
"406",325,370,393,384,420,452,390,318,404,366,272,373,319,385,518
"407",332,421,375,376,398,472,390,335,386,390,298,324,324,392,522
"408",350,401,422,352,419,461,376,342,415,362,260,342,326,391,511
"409",360,369,443,379,411,454,382,335,424,315,374,390,317,386,513
"410",376,347,399,319,401,450,344,317,413,342,301,381,314,349,374
"411",346,368,425,338,432,432,372,351,388,341,288,372,324,402,512
"412",385,321,420,317,378,458,361,316,358,363,302,363,303,355,401
"413",328,331,419,333,412,511,389,333,426,350,274,399,325,361,525
"414",340,366,436,337,421,461,384,343,435,357,309,406,384,372,537
"415",341,343,409,315,438,478,378,326,369,416,301,352,348,390,537
"416",376,374,400,336,412,448,368,370,401,377,274,409,315,388,562
"417",330,364,350,378,374,414,365,341,336,397,264,329,309,374,386
"418",359,400,388,337,415,490,372,317,362,425,279,365,317,405,541
"419",352,387,368,398,399,452,341,300,351,381,271,358,322,375,358
"420",371,335,433,306,433,475,393,340,403,321,315,389,347,388,545
"421",371,366,388,369,397,446,351,320,376,347,283,367,303,380,364
"422",321,348,351,333,379,438,342,298,370,400,324,341,289,328,383
"423",309,403,436,361,418,504,378,328,407,396,274,349,326,390,536
"424",358,327,377,383,398,451,348,301,350,339,271,334,311,388,342
"425",362,347,385,358,369,455,362,297,361,349,290,355,293,355,344
"426",335,380,419,330,432,487,386,334,412,399,283,360,350,377,546
"427",349,364,379,367,389,431,342,320,368,357,295,313,323,361,360
"428",310,386,411,388,419,445,350,324,395,374,267,332,331,361,540
"429",311,377,402,344,422,498,386,347,419,378,277,376,315,396,530
"430",359,415,392,373,414,441,395,320,402,368,261,371,323,386,503
"431",327,374,426,356,412,457,352,323,402,362,269,324,291,361,500
"432",394,347,360,360,403,441,360,305,384,347,337,354,314,352,341
"433",321,364,433,348,402,451,546,324,435,317,262,345,308,382,500
"434",392,335,407,321,407,478,383,328,416,321,325,369,344,345,547
"435",331,348,425,320,492,463,374,319,419,342,298,378,320,361,522
"436",326,438,383,377,405,455,373,333,405,364,271,326,314,370,537
"437",327,339,399,358,420,492,387,348,402,409,265,371,361,383,524
"438",327,334,366,346,395,437,359,301,361,401,717,339,319,337,367
"439",376,380,451,368,415,430,384,340,410,334,267,424,336,394,500
"440",346,337,393,323,379,405,354,326,374,375,301,369,325,348,395
"441",347,344,351,341,392,446,337,309,376,391,284,352,285,352,408
"442",362,398,423,366,407,467,391,330,387,411,267,383,343,382,514
"443",381,394,406,353,447,474,408,345,397,398,247,352,349,427,546
"444",292,416,376,357,417,436,368,340,411,389,246,329,312,385,489
"445",346,398,361,369,393,462,373,322,349,409,298,347,320,355,400
"446",368,384,364,402,382,433,350,310,341,387,281,336,326,380,362
"447",363,387,380,394,389,448,728,312,342,375,269,340,294,381,352
"448",325,417,398,378,414,494,385,335,395,388,261,328,333,405,501
"449",379,357,393,352,409,454,358,325,382,342,261,359,339,381,329
"450",358,358,388,337,410,457,372,314,406,317,286,364,299,364,523
"451",370,378,396,315,418,485,384,319,405,415,265,370,301,390,543
"452",425,367,424,337,423,450,382,340,407,348,254,393,317,403,524
"453",344,409,389,350,431,495,393,357,386,431,266,362,373,421,515
"454",349,387,373,370,390,418,370,322,370,395,274,349,334,373,366
"455",337,351,422,339,415,463,376,340,418,310,309,389,339,358,527
"456",329,358,458,328,409,469,368,333,419,346,290,385,339,355,530
"457",332,400,400,373,408,474,368,392,382,394,1150,372,311,384,494
"458",322,385,404,352,394,470,381,323,370,417,287,375,361,392,489
"459",308,387,367,376,414,454,366,333,369,984,262,312,323,365,490
"460",339,385,365,361,400,451,378,356,373,380,258,293,338,382,516
"461",368,354,430,303,419,461,386,321,423,293,304,377,304,379,537
"462",382,338,374,388,404,453,357,343,376,357,293,366,298,404,367
"463",339,423,393,373,417,456,365,352,374,346,271,344,334,414,511
"464",295,378,375,320,406,455,367,301,406,382,298,330,324,385,514
"465",372,356,418,302,417,472,378,349,413,363,305,399,310,363,544
"466",340,309,388,335,399,429,360,323,370,315,309,365,292,355,365
"467",362,334,394,329,385,455,345,309,406,330,280,347,288,318,379
"468",347,367,433,335,419,474,380,348,420,367,314,406,356,338,538
"469",312,389,422,355,413,468,407,348,409,422,319,352,363,373,554
"470",390,352,431,303,429,464,397,346,446,381,311,429,368,369,565
"471",357,318,369,326,370,418,332,296,385,349,299,347,283,323,495
"472",293,357,380,340,416,471,374,305,400,393,308,348,431,389,539
"473",334,317,360,349,396,450,343,308,369,389,303,315,286,375,379
"474",371,343,377,333,400,454,343,320,394,341,310,369,321,359,402
"475",355,327,401,346,401,466,361,310,366,347,324,379,300,360,393
"476",302,353,344,369,394,473,369,313,378,388,282,352,294,358,385
"477",313,350,402,335,407,478,368,342,410,371,270,367,302,346,529
"478",471,359,361,374,397,451,356,291,361,366,309,405,291,346,357
"479",392,393,399,325,422,505,384,350,419,340,277,391,349,427,523
"480",357,406,339,377,375,435,345,305,345,407,270,321,282,373,343
"481",351,354,382,351,395,456,393,345,413,329,270,343,332,376,522
"482",317,417,380,369,397,452,382,328,402,346,281,348,345,382,773
"483",369,358,434,299,413,472,392,366,422,350,307,417,322,379,557
"484",420,367,445,339,401,487,404,336,384,344,278,409,341,393,541
"485",351,349,438,387,393,451,380,321,403,305,247,343,314,358,511
"486",368,391,352,393,375,448,371,321,363,401,259,389,287,386,356
"487",397,400,360,358,406,467,391,348,389,368,291,381,302,400,511
"488",333,360,328,351,387,416,348,285,364,374,242,302,279,348,352
"489",351,397,391,377,405,469,380,334,420,371,277,361,316,400,508
"490",349,351,371,365,380,442,372,335,370,343,259,351,323,382,393
"491",371,333,407,367,383,465,363,309,392,352,304,354,340,373,387
"492",350,387,381,319,402,491,414,328,395,407,315,411,304,397,573
"493",379,362,417,325,419,474,374,318,421,388,296,343,305,382,530
"494",368,387,418,363,400,468,377,340,406,328,267,387,339,362,497
"495",344,383,350,390,373,434,351,309,334,381,240,312,288,379,381
"496",291,340,356,337,390,451,328,309,386,361,273,357,314,340,389
"497",320,377,425,357,431,459,403,332,416,403,285,379,315,348,532
"498",355,370,387,343,391,436,376,329,399,324,298,327,337,375,525
"499",358,416,420,351,411,485,393,344,421,367,277,373,388,407,513
"500",300,381,409,326,408,441,373,328,402,400,276,374,332,365,528
"501",401,352,394,367,367,468,348,322,360,329,263,327,302,364,367
"502",346,368,409,282,430,453,374,328,403,399,291,357,325,388,546
"503",394,396,417,343,412,482,380,331,420,348,305,373,350,418,540
"504",344,393,412,362,398,471,376,362,407,305,282,357,285,379,497
"505",362,319,373,307,390,434,353,311,357,355,316,386,310,342,401
"506",358,325,337,368,376,453,332,304,403,348,255,335,242,333,344
"507",354,306,384,321,384,469,348,302,395,354,307,383,275,365,389
"508",365,377,372,348,427,472,396,340,401,427,277,385,361,414,543
"509",402,344,425,278,418,453,393,351,397,387,282,407,350,378,536
"510",375,357,421,334,438,498,397,348,399,444,277,407,331,407,555
"511",361,364,438,359,408,445,400,338,411,337,277,360,319,390,518
"512",380,359,396,319,427,456,376,329,445,390,273,332,330,397,511
"513",340,336,369,345,390,427,350,309,354,435,286,354,307,354,387
"514",365,331,427,323,434,466,375,341,441,310,322,393,344,387,554
"515",366,329,404,288,431,475,375,336,409,415,278,372,323,370,538
"516",339,304,362,334,400,423,320,283,390,359,372,356,368,337,378
"517",326,329,453,324,424,466,388,349,429,329,341,406,335,364,558
"518",326,383,369,339,415,495,367,332,426,370,286,325,327,361,546
"519",339,361,430,321,416,449,372,328,423,319,286,395,338,353,534
"520",318,356,378,349,393,445,348,299,385,414,292,373,307,344,374
"521",386,344,401,350,395,461,383,340,384,360,300,362,358,373,511
"522",329,374,400,338,428,473,404,340,406,418,272,390,356,420,560
"523",346,414,332,357,380,433,349,306,344,380,280,324,288,383,367
"524",355,346,423,351,427,437,382,325,435,327,297,397,325,372,535
"525",345,357,423,338,403,435,371,350,396,335,279,363,312,375,508
"526",341,379,421,367,406,462,389,342,396,317,277,364,322,392,517
"527",415,370,396,355,418,472,405,341,406,380,264,414,348,409,521
"528",316,347,397,300,421,458,380,346,413,359,312,344,335,367,526
"529",319,366,385,310,422,479,368,346,401,441,278,396,309,403,559
"530",390,323,350,346,387,418,351,309,378,336,266,362,295,373,368
"531",329,374,387,364,428,488,386,330,401,380,312,353,306,370,537
"532",336,342,383,322,416,504,399,360,408,477,288,409,355,393,554
"533",456,373,428,359,399,496,397,367,423,345,310,412,312,411,535
"534",348,339,356,395,362,418,333,294,338,396,264,326,537,372,357
"535",405,351,414,321,427,450,392,342,414,407,259,377,333,430,511
"536",334,349,366,339,382,425,349,319,349,399,302,341,288,375,399
"537",348,428,373,355,414,799,366,323,373,357,269,330,284,382,486
"538",410,331,416,296,425,493,389,340,422,386,315,399,337,361,923
"539",353,317,389,337,398,461,351,327,400,460,315,363,291,367,390
"540",398,382,383,313,426,467,385,330,393,391,261,400,301,409,512
"541",306,373,328,379,389,417,329,292,325,382,243,296,325,363,353
"542",360,384,391,335,426,481,385,373,426,456,317,395,340,370,551
"543",339,373,392,358,395,440,348,324,354,377,284,327,306,364,368
"544",365,377,356,385,384,462,344,319,326,398,275,321,299,347,353
"545",349,365,444,347,405,498,390,332,409,320,258,340,327,368,508
"546",359,378,398,318,400,426,386,328,405,351,274,394,345,415,547
"547",370,398,351,396,380,455,358,310,362,409,241,325,308,393,367
"548",344,368,396,368,406,449,381,327,403,319,258,349,342,383,494
"549",352,349,433,327,410,447,390,337,435,353,316,367,371,358,518
"550",319,366,336,379,383,422,433,289,337,369,274,336,322,372,355
"551",380,391,396,365,408,466,386,346,365,410,232,336,315,392,526
"552",390,381,401,337,418,463,384,337,396,368,265,366,340,372,540
"553",337,409,357,379,388,453,360,328,364,395,274,331,305,357,329
"554",355,348,399,365,372,419,353,431,380,323,278,380,316,379,357
"555",365,369,360,390,370,503,347,297,348,397,265,298,289,380,369
"556",352,398,363,373,440,479,376,335,377,435,263,422,338,401,512
"557",320,367,395,366,405,487,377,340,373,387,223,338,303,411,511
"558",339,400,402,365,401,476,371,322,403,396,255,285,295,399,524
"559",320,351,427,342,418,463,356,340,413,310,334,366,346,358,519
"560",353,410,379,376,420,464,381,352,391,411,280,364,348,409,537
"561",373,402,388,370,428,471,403,361,375,424,291,384,368,418,543
"562",319,354,364,299,426,472,380,327,386,454,288,340,349,365,546
"563",382,345,442,330,419,429,368,351,398,343,303,370,350,329,509
"564",310,354,402,315,407,459,404,323,395,393,282,338,327,396,520
"565",350,353,395,302,422,494,379,336,405,438,256,421,314,423,567
"566",311,369,405,378,450,448,370,322,397,392,246,329,323,369,495
"567",372,391,413,365,407,466,382,355,405,448,281,378,369,419,528
"568",350,389,389,369,413,452,377,362,387,409,256,372,364,396,567
"569",381,363,376,404,377,478,356,318,360,390,260,334,299,398,363
"570",356,363,362,384,386,448,334,321,357,358,257,334,302,341,361
"571",348,334,387,307,423,481,371,340,384,435,295,375,311,359,552
"572",360,392,344,357,428,478,366,352,385,419,271,322,296,426,489
"573",400,353,417,304,425,485,393,351,422,385,283,399,355,402,554
"574",352,393,365,387,411,452,389,331,395,438,246,351,362,413,516
"575",340,366,366,327,419,487,378,361,405,453,313,397,344,393,574
"576",345,335,374,301,392,483,337,315,380,347,308,354,310,326,369
"577",320,401,362,355,397,423,668,328,403,358,268,316,290,351,499
"578",334,332,367,386,392,455,356,314,350,392,308,349,294,360,377
"579",364,347,424,300,410,460,384,352,421,379,329,405,345,390,560
"580",362,374,377,359,413,502,406,355,384,417,299,397,359,428,547
"581",365,330,423,292,413,456,367,345,413,360,294,364,322,392,550
"582",346,346,379,323,414,495,382,345,410,418,286,381,324,402,552
"583",310,339,355,324,390,447,353,320,350,376,304,348,288,368,396
"584",401,354,438,363,405,490,401,370,393,368,281,415,316,375,551
"585",350,370,412,343,401,476,386,321,384,305,287,347,324,401,492
"586",397,361,406,365,378,436,356,322,385,337,281,348,325,418,381
"587",391,422,362,374,396,452,394,322,393,419,286,381,364,424,526
"588",319,397,413,342,400,458,381,321,400,336,315,348,284,358,518
"589",360,347,430,324,422,514,383,342,430,322,333,351,306,370,532
"590",335,361,320,386,383,445,347,292,371,388,310,285,277,345,352
"591",389,361,400,301,424,481,387,335,411,379,323,411,351,366,558
"592",346,374,381,325,428,504,383,338,397,429,284,370,365,405,574
"593",337,365,445,311,422,474,385,340,447,320,304,386,318,370,547
"594",342,341,361,359,382,456,389,319,372,399,303,334,322,349,375
"595",385,360,370,321,423,455,378,330,388,380,287,357,337,383,536
"596",369,377,392,345,412,479,402,332,356,444,253,337,330,405,541
"597",360,381,388,355,401,477,389,338,397,369,269,361,310,384,516
"598",292,378,390,357,411,457,392,328,402,385,293,339,302,341,532
"599",348,382,365,384,384,450,354,341,355,415,263,330,314,397,377
"600",388,367,394,339,414,500,363,348,375,373,296,412,335,381,558
"601",350,383,382,377,380,437,334,303,375,351,272,353,318,357,367
"602",367,327,397,361,388,443,339,307,357,331,285,309,294,365,361
"603",367,321,377,319,376,459,365,300,379,336,313,370,282,348,395
"604",318,380,383,339,409,502,389,349,400,402,257,361,348,358,539
"605",389,381,414,319,407,444,401,339,426,400,298,381,335,395,512
"606",387,338,404,328,415,465,386,348,416,337,287,407,345,370,541
"607",365,401,367,390,361,477,369,325,373,375,251,370,328,376,366
"608",370,362,407,321,429,491,374,331,376,393,283,380,327,382,556
"609",394,362,411,326,435,462,382,356,402,384,326,414,329,395,546
"610",370,334,399,290,414,488,386,347,397,366,313,407,345,366,562
"611",379,360,361,370,373,429,341,292,335,397,281,334,276,353,349
"612",335,340,353,343,424,446,369,315,370,399,309,352,296,348,395
"613",388,353,390,379,367,480,355,309,362,336,266,346,361,360,379
"614",360,379,377,355,394,426,344,315,351,357,279,341,320,383,377
"615",332,389,417,355,411,475,386,346,387,414,280,382,307,357,564
"616",310,331,484,333,414,433,372,343,437,368,332,361,326,335,506
"617",334,386,374,377,414,484,381,344,375,409,242,361,323,395,522
"618",385,390,420,383,413,490,375,346,379,361,301,380,331,413,506
"619",368,373,360,399,389,470,364,307,378,371,273,321,304,386,346
"620",330,377,377,331,408,472,380,314,404,385,299,345,335,386,516
"621",337,388,407,385,407,449,374,346,382,358,231,360,336,384,528
"622",360,346,397,349,369,447,352,306,392,349,262,360,321,355,364
"623",302,360,386,325,421,465,385,355,429,362,275,372,358,345,515
"624",396,354,370,364,384,437,386,324,381,345,268,368,321,360,365
"625",407,358,424,328,404,456,386,368,416,396,249,378,350,412,552
"626",324,395,414,375,410,464,383,338,396,369,267,380,326,380,502
"627",368,405,405,373,415,462,393,327,373,378,277,350,328,384,522
"628",370,384,406,376,423,472,389,339,375,419,228,353,342,396,526
"629",408,335,397,319,401,453,364,312,396,365,337,380,280,352,427
"630",388,364,343,328,379,430,336,325,386,330,257,348,311,367,384
"631",391,291,414,354,401,429,356,308,426,316,323,353,301,349,663
"632",355,407,397,386,400,500,382,339,382,421,272,429,337,416,571
"633",361,361,342,356,380,409,357,310,335,397,263,324,370,369,384
"634",361,401,364,401,382,410,346,304,355,379,282,344,276,367,343
"635",378,362,438,304,408,449,387,349,433,375,311,391,325,366,566
"636",355,386,410,362,399,473,382,323,389,374,273,322,373,381,486
"637",331,373,347,368,422,448,397,355,384,405,251,348,353,425,529
"638",354,374,368,312,412,456,712,355,400,381,274,377,342,362,567
"639",380,361,429,321,401,458,613,304,388,370,260,375,351,388,537
"640",402,379,407,387,366,432,356,323,374,343,269,400,304,395,356
"641",389,364,400,342,391,459,378,334,401,362,296,334,330,366,534
"642",400,369,420,345,425,466,386,324,411,381,271,382,313,398,517
"643",385,366,382,316,428,470,407,374,389,439,277,398,374,405,570
"644",355,359,392,368,376,439,348,302,390,309,285,346,302,333,335
"645",376,314,403,360,391,446,354,328,388,361,312,383,314,333,418
"646",330,384,760,361,412,472,381,336,394,339,283,315,350,387,488
"647",410,349,413,332,409,478,388,342,388,345,252,392,330,385,543
"648",347,380,394,370,403,472,369,317,378,359,243,348,306,385,531
"649",346,404,407,391,402,475,398,350,384,408,278,347,368,410,504
"650",433,375,418,341,406,457,382,313,396,367,288,367,340,366,527
"651",390,353,364,349,365,443,346,304,366,329,273,352,284,343,359
"652",379,336,1015,341,433,507,374,329,437,364,303,446,360,367,545
"653",380,357,394,342,409,492,380,358,392,423,268,389,382,430,515
"654",353,391,399,338,424,459,368,336,380,397,266,378,302,381,537
"655",343,279,379,344,402,458,355,318,369,309,310,361,285,338,364
"656",337,369,438,322,429,464,376,323,389,446,294,354,456,352,524
"657",371,337,354,361,382,434,369,323,362,366,300,337,331,379,363
"658",319,350,400,320,420,473,388,335,367,396,281,383,346,405,544
"659",354,302,384,339,418,413,361,297,401,343,290,380,319,333,375
"660",362,337,372,356,374,468,363,322,370,352,296,367,329,365,385
"661",326,374,337,376,364,445,349,298,336,369,252,302,313,389,367
"662",349,358,362,323,429,459,375,336,394,426,297,381,329,382,562
"663",385,378,406,333,411,509,375,322,407,393,280,363,304,369,516
"664",381,348,391,357,379,458,363,313,381,348,253,348,287,346,351
"665",345,349,417,337,401,449,377,318,424,320,343,376,338,372,527
"666",344,416,385,381,417,510,383,345,371,398,262,302,340,394,500
"667",355,335,441,320,422,479,365,317,403,327,307,358,347,358,520
"668",343,367,395,350,406,447,374,323,417,315,270,320,353,403,507
"669",437,405,372,400,409,449,374,339,385,375,276,313,311,363,515
"670",419,360,402,331,809,459,381,316,410,367,254,319,338,371,535
"671",365,377,424,371,399,480,383,329,413,349,256,363,334,416,498
"672",416,355,436,321,422,486,397,321,439,377,331,428,317,388,532
"673",358,381,397,304,422,475,406,382,388,439,278,420,328,358,573
"674",285,379,394,320,417,462,369,326,417,451,285,341,335,379,550
"675",374,404,364,359,409,461,409,341,398,433,261,396,319,413,526
"676",299,357,354,325,393,443,339,326,376,366,315,360,270,336,379
"677",366,380,383,331,388,432,380,328,400,373,252,366,306,365,533
"678",333,355,428,365,434,485,379,347,394,402,287,338,346,380,562
"679",334,335,364,375,385,452,351,315,360,409,307,393,282,392,412
"680",390,328,384,330,382,453,363,335,405,320,294,383,348,364,393
"681",313,335,409,324,415,418,391,340,434,303,298,380,312,393,532
"682",344,391,316,369,364,406,357,317,355,380,273,372,339,364,346
"683",322,334,449,334,422,458,372,325,445,362,337,408,315,381,525
"684",335,338,417,309,413,495,374,347,413,310,306,350,299,347,532
"685",380,380,390,336,412,479,354,337,398,374,253,365,350,372,523
"686",367,344,353,350,395,441,350,313,363,317,280,316,317,347,376
"687",401,357,411,330,410,500,391,333,402,362,263,401,334,390,521
"688",367,372,420,322,407,485,377,349,402,423,296,392,340,392,551
"689",376,399,344,408,394,455,356,309,364,380,266,402,295,391,353
"690",352,361,396,320,420,468,387,343,398,389,294,435,315,400,573
"691",315,401,391,369,414,480,365,337,378,389,234,377,319,391,523
"692",389,384,435,341,403,476,383,341,447,361,256,408,316,401,515
"693",328,372,390,392,397,521,367,323,387,365,241,340,313,399,523
"694",351,321,382,329,376,412,342,298,364,342,292,362,295,348,369
"695",361,334,362,351,384,441,359,317,382,341,278,387,265,379,368
"696",368,399,382,323,422,452,392,343,374,446,224,349,336,392,541
"697",341,362,413,359,423,437,387,328,399,392,282,325,314,365,543
"698",367,393,367,387,400,434,358,301,344,374,261,352,308,366,350
"699",373,341,400,312,412,461,378,353,422,376,299,394,325,388,552
"700",375,390,434,386,418,489,399,338,393,422,297,365,354,428,539
"701",440,396,415,349,410,468,383,331,382,357,289,357,314,354,548
"702",393,347,429,343,414,490,399,345,400,361,282,399,369,397,521
"703",341,345,375,309,430,478,386,360,392,430,278,392,323,400,567
"704",322,417,385,373,423,451,388,337,385,381,259,396,318,387,525
"705",322,436,371,402,414,496,393,340,390,391,277,337,328,405,519
"706",314,340,350,331,385,448,342,314,355,420,300,357,333,343,419
"707",331,357,344,316,382,413,352,312,366,380,323,346,300,338,379
"708",338,371,338,359,405,487,371,310,353,380,254,343,333,376,367
"709",354,371,342,372,371,455,358,292,349,372,270,352,267,383,359
"710",357,360,354,361,382,450,362,303,363,393,274,342,294,350,371
"711",346,376,349,369,408,488,377,333,389,384,292,325,345,421,505
"712",349,358,407,298,447,463,374,360,409,392,311,424,353,361,554
"713",353,311,364,290,377,415,353,317,394,347,334,362,280,354,382
"714",512,381,441,364,398,479,396,323,440,359,249,387,355,382,514
"715",375,330,390,292,420,468,385,329,416,368,314,375,333,372,544
"716",342,367,400,354,408,459,378,313,403,317,286,359,289,371,496
"717",332,363,326,370,395,442,361,303,354,393,246,327,289,390,389
"718",303,390,392,336,418,477,394,364,431,387,308,385,331,401,529
"719",347,375,402,348,433,492,378,362,421,382,269,405,333,404,554
"720",340,307,377,319,375,411,356,303,368,358,294,316,282,346,385
"721",310,372,413,349,424,465,1111,331,410,1506,300,352,294,371,525
"722",349,366,415,336,556,480,390,340,414,401,289,392,358,373,560
"723",334,377,353,366,387,430,351,285,376,395,239,324,320,348,419
"724",317,430,434,365,403,461,387,329,403,407,245,328,333,408,516
"725",377,376,383,313,418,449,393,363,406,425,277,366,304,380,553
"726",348,379,360,391,370,475,342,319,395,401,271,382,309,375,370
"727",364,355,425,352,402,450,393,351,412,376,287,366,324,393,498
"728",412,384,390,316,450,479,382,361,403,394,262,413,348,400,533
"729",366,358,406,361,400,509,380,342,451,305,287,357,309,386,501
"730",390,354,410,334,404,493,387,377,397,367,253,342,358,419,523
"731",323,357,396,307,408,474,382,326,423,336,290,364,332,349,537
"732",371,366,420,346,418,458,387,334,428,390,276,371,354,386,534
"733",390,351,431,364,415,497,364,335,437,359,253,386,349,370,511
"734",359,382,402,315,407,460,394,329,385,380,252,348,336,379,517
"735",368,348,382,406,411,456,350,313,376,336,271,314,288,360,372
"736",334,391,388,346,422,482,406,356,409,415,290,367,327,420,568
"737",331,309,372,313,378,409,331,293,382,346,320,360,319,362,372
"738",307,355,1653,350,426,476,380,339,413,350,289,406,345,371,520
"739",322,343,370,331,416,508,377,324,398,426,261,343,304,378,567
"740",346,334,381,361,365,427,350,310,359,333,269,371,311,358,429
"741",352,373,361,388,378,464,350,304,342,414,258,334,326,368,359
"742",401,379,396,332,421,487,398,313,440,379,268,322,348,400,516
"743",320,347,387,364,381,451,358,303,372,391,310,362,270,353,378
"744",361,398,397,362,436,480,368,330,411,419,270,346,318,377,513
"745",325,343,327,349,378,420,340,304,358,468,265,327,289,339,390
"746",385,334,374,382,388,438,370,307,410,357,248,386,320,406,349
"747",335,357,444,371,403,508,395,352,425,345,270,354,350,397,512
"748",339,356,392,380,387,444,352,293,336,362,263,351,278,368,359
"749",321,374,388,361,408,461,380,357,400,401,254,369,319,347,545
"750",366,348,375,385,406,696,341,288,378,362,300,326,285,363,354
"751",388,356,389,396,378,435,374,310,355,383,284,349,333,365,367
"752",357,399,429,355,404,466,374,337,404,367,284,345,307,399,534
"753",366,361,383,348,400,436,346,308,364,399,294,351,312,374,400
"754",373,386,364,365,373,414,364,293,336,376,238,346,259,365,333
"755",378,393,342,366,378,427,333,328,333,392,266,357,344,387,376
"756",326,380,406,327,426,520,390,323,399,415,300,375,365,400,556
"757",363,400,397,361,401,464,380,329,387,378,273,356,353,430,502
"758",273,338,412,342,398,432,376,310,419,388,294,321,322,343,518
"759",402,378,390,343,429,481,377,338,408,330,293,361,310,398,513
"760",332,356,332,370,379,424,347,319,342,371,243,370,333,371,371
"761",381,357,407,314,434,466,366,345,405,343,302,405,347,356,529
"762",359,358,390,380,392,443,364,299,363,306,284,359,290,361,588
"763",338,387,346,335,402,461,379,335,385,396,262,346,293,376,518
"764",319,428,396,383,401,471,370,319,379,386,265,330,366,356,509
"765",334,374,406,358,407,455,376,328,394,351,247,328,302,370,524
"766",378,323,398,299,418,470,375,764,410,355,287,395,346,373,540
"767",338,375,405,340,400,433,387,317,397,308,264,319,364,379,506
"768",326,347,409,313,414,465,374,321,430,327,312,364,341,351,544
"769",365,372,395,352,428,477,386,351,405,444,288,418,369,386,546
"770",376,355,391,321,404,484,403,358,419,434,323,421,371,409,541
"771",409,389,400,341,424,482,379,366,387,364,291,375,335,397,525
"772",356,405,400,380,411,467,374,339,401,398,276,419,340,425,544
"773",387,419,379,367,411,471,389,354,402,427,290,349,316,403,551
"774",364,387,369,361,428,442,390,351,393,418,278,367,323,427,508
"775",326,387,384,374,408,472,395,338,373,396,258,331,322,405,504
"776",318,359,344,340,386,422,358,318,360,388,318,355,328,352,384
"777",345,324,366,341,403,460,355,318,338,399,280,327,360,356,391
"778",412,355,416,279,418,473,378,349,435,341,285,408,329,365,547
"779",296,389,385,337,412,472,376,335,407,337,304,323,359,379,540
"780",390,358,424,310,396,454,358,310,382,339,318,376,311,339,411
"781",385,322,398,323,566,434,355,305,416,324,353,369,367,330,372
"782",318,407,403,342,425,468,393,350,394,361,289,341,340,376,537
"783",372,370,591,371,369,403,346,293,348,408,272,319,292,355,348
"784",296,395,371,323,409,455,369,328,404,379,292,340,314,354,538
"785",337,378,393,378,399,447,362,330,396,301,289,352,347,377,498
"786",328,314,387,338,391,433,364,329,384,343,293,377,308,347,395
"787",413,343,420,333,439,470,403,354,402,397,262,451,335,400,535
"788",372,347,388,297,424,498,395,346,426,362,312,425,343,371,547
"789",338,347,339,376,376,671,345,288,340,389,261,344,292,345,361
"790",350,358,368,387,398,507,335,302,354,414,248,334,275,361,354
"791",353,400,421,354,411,461,393,322,427,388,310,363,337,414,548
"792",361,388,395,315,429,474,387,366,409,414,313,357,329,373,551
"793",361,356,365,380,375,438,351,321,360,336,279,332,310,376,371
"794",334,325,389,345,370,425,355,304,399,323,336,351,278,348,381
"795",313,352,384,311,422,459,385,325,406,408,285,396,311,379,531
"796",322,368,444,330,429,467,362,330,407,353,317,374,337,337,541
"797",359,362,360,313,427,466,362,344,398,412,300,420,326,399,565
"798",354,285,384,306,391,443,350,296,384,342,296,361,277,331,376
"799",358,420,366,367,408,503,384,327,385,413,277,373,346,399,517
"800",341,381,383,401,419,482,397,324,415,374,259,337,320,421,515
"801",368,340,411,327,379,426,351,307,389,347,301,391,335,330,359
"802",327,322,396,326,393,448,366,316,397,346,331,363,321,323,398
"803",362,360,370,325,429,503,412,335,372,441,274,357,346,390,561
"804",343,407,394,404,409,455,382,353,401,432,272,359,341,391,502
"805",361,346,383,379,378,422,358,304,382,370,285,374,322,377,368
"806",344,407,413,358,403,495,379,336,400,373,248,358,331,362,499
"807",373,364,374,340,377,443,356,309,374,343,301,380,324,365,357
"808",344,285,365,300,389,446,365,297,396,348,311,383,312,337,386
"809",356,318,385,324,402,497,343,302,349,354,300,362,304,343,386
"810",372,315,403,270,425,485,387,331,427,409,281,380,337,378,557
"811",355,389,381,300,408,506,382,341,395,451,291,398,333,393,555
"812",328,341,350,414,370,439,354,310,374,388,283,343,289,368,330
"813",308,367,405,337,506,448,381,317,404,363,285,347,363,369,535
"814",380,303,375,308,391,424,333,305,410,329,344,346,263,322,395
"815",362,367,429,364,401,597,392,313,411,403,310,350,328,379,511
"816",361,374,341,318,399,439,386,314,369,415,302,341,294,387,376
"817",308,361,392,350,421,474,384,348,414,393,304,380,358,389,532
"818",358,380,405,362,422,465,392,344,408,313,260,339,327,396,496
"819",336,351,408,332,440,458,397,347,412,411,291,386,300,378,571
"820",351,351,380,324,413,498,408,333,402,419,304,393,321,403,569
"821",298,366,408,346,416,447,387,328,387,382,289,356,306,365,565
"822",359,405,436,348,414,467,395,340,428,308,299,378,327,394,525
"823",358,399,326,372,360,464,347,304,356,411,260,347,277,366,362
"824",311,353,423,333,423,501,378,309,412,356,259,341,317,376,532
"825",370,312,359,305,381,415,334,303,390,320,286,367,302,325,398
"826",353,412,433,368,407,454,365,336,401,324,272,327,348,356,531
"827",356,413,433,343,408,470,386,317,399,300,265,347,356,413,509
"828",393,347,398,355,400,466,341,312,367,361,270,355,327,393,348
"829",350,366,381,367,360,428,351,318,364,320,257,316,288,382,355
"830",364,346,381,364,368,450,368,308,347,347,282,352,281,336,382
"831",348,354,364,332,401,451,325,302,366,382,276,349,303,388,387
"832",358,371,423,334,407,472,375,325,415,305,282,320,354,361,521
"833",390,365,385,362,380,439,362,313,365,330,287,349,298,386,367
"834",334,370,389,379,410,480,368,306,384,353,235,324,309,391,524
"835",325,370,322,344,376,398,353,294,335,380,244,319,294,372,342
"836",377,364,358,394,399,441,339,311,341,387,288,303,279,364,382
"837",385,385,359,327,421,468,398,338,393,420,329,369,351,387,535
"838",362,314,348,379,383,438,356,295,368,337,277,343,364,331,352
"839",404,382,403,331,424,439,376,323,403,350,265,369,316,406,521
"840",355,342,398,314,382,430,354,305,399,345,309,335,287,366,382
"841",396,325,400,273,423,524,391,342,453,385,268,421,341,379,556
"842",333,367,405,318,426,481,385,357,413,306,293,381,361,364,573
"843",352,398,396,372,410,467,363,352,389,419,251,354,326,383,526
"844",371,407,358,368,425,485,397,349,424,411,270,402,335,405,535
"845",336,336,368,364,390,429,347,311,400,391,308,371,320,368,393
"846",361,369,401,328,415,486,363,338,410,330,305,388,311,368,503
"847",373,361,403,345,407,474,377,342,425,372,304,384,341,373,520
"848",318,333,355,340,390,565,334,313,365,398,280,366,291,349,389
"849",343,404,408,361,424,481,390,364,365,387,288,389,344,374,528
"850",361,388,398,338,412,431,368,335,440,336,296,360,301,378,514
"851",349,383,404,343,412,413,381,312,414,363,288,397,350,406,517
"852",349,342,376,350,407,451,360,331,356,390,298,352,308,376,390
"853",342,337,361,347,502,478,324,433,353,409,294,341,251,363,379
"854",334,354,393,349,439,485,395,336,420,396,294,313,359,365,530
"855",320,390,423,377,419,480,397,346,379,372,255,396,364,414,516
"856",349,335,434,340,563,469,385,349,437,381,314,443,375,358,545
"857",349,454,416,378,404,467,385,338,367,368,262,365,367,396,526
"858",324,378,380,353,424,458,367,331,408,389,303,350,292,340,536
"859",350,382,349,387,374,460,342,317,365,401,266,336,286,362,359
"860",344,335,432,309,417,461,381,355,411,324,306,370,339,371,543
"861",368,350,380,318,397,474,367,342,428,367,272,383,316,397,537
"862",389,368,380,352,369,436,331,308,388,354,287,374,294,369,355
"863",338,414,396,364,400,434,359,352,403,429,349,341,348,377,514
"864",375,367,381,327,415,453,383,336,416,392,271,357,330,372,518
"865",430,348,366,343,367,450,354,332,361,336,272,330,313,360,381
"866",360,339,375,381,400,475,359,327,389,386,312,332,320,342,389
"867",315,372,367,380,381,468,364,306,360,387,274,325,294,357,357
"868",331,371,398,375,400,453,396,337,426,311,306,348,289,376,532
"869",409,400,403,402,410,433,379,382,423,366,268,324,328,378,501
"870",304,408,362,360,400,440,370,330,377,355,237,367,290,396,508
"871",372,309,365,333,380,457,368,309,399,333,297,353,286,367,390
"872",379,353,363,345,396,447,362,315,367,396,296,360,334,355,377
"873",362,404,416,357,419,471,359,356,393,335,277,341,346,380,515
"874",418,403,398,357,406,471,372,325,417,360,292,386,322,364,525
"875",380,358,342,343,387,425,349,311,380,385,374,361,301,299,373
"876",325,406,407,364,425,497,380,319,381,361,293,305,317,390,491
"877",315,385,431,368,426,441,361,320,434,347,279,370,309,365,521
"878",357,390,458,353,428,478,369,338,396,345,293,372,346,399,506
"879",322,397,382,387,410,457,375,338,397,367,240,338,356,387,494
"880",331,366,351,417,381,432,358,310,372,386,294,342,294,381,340
"881",382,363,400,320,413,458,385,341,418,381,276,412,378,412,547
"882",381,329,404,305,381,466,360,326,375,325,331,397,301,338,388
"883",396,357,351,347,380,433,362,306,349,405,287,346,310,338,394
"884",336,348,369,340,403,446,362,332,397,383,296,342,363,360,554
"885",392,371,380,327,407,441,378,402,414,389,291,379,299,383,533
"886",387,316,379,327,390,433,350,320,375,357,298,397,312,327,380
"887",375,380,426,321,420,493,386,314,409,385,256,395,375,369,526
"888",320,392,420,395,415,460,391,327,386,413,256,354,336,411,495
"889",354,407,370,363,417,479,396,365,347,399,276,351,370,387,520
"890",382,390,398,325,409,451,833,345,432,387,271,353,310,387,536
"891",406,338,399,374,371,452,361,316,365,339,271,372,306,392,345
"892",345,367,403,346,404,492,378,366,406,379,453,387,325,391,540
"893",407,375,435,344,396,464,393,343,386,394,281,405,354,403,511
"894",315,376,388,350,407,490,373,339,402,373,303,373,356,385,519
"895",356,397,411,327,429,477,390,348,419,400,309,406,328,413,530
"896",368,352,380,307,431,484,390,334,416,450,260,373,308,392,562
"897",334,398,363,382,402,484,389,327,399,416,269,379,384,395,509
"898",420,420,400,339,411,456,395,346,411,410,293,375,332,407,540
"899",340,336,413,321,409,474,391,334,398,457,306,349,340,394,1398
"900",331,348,368,362,396,434,355,289,356,417,308,368,512,374,352
"901",322,377,385,337,413,439,388,315,379,405,299,361,352,405,523
"902",353,298,363,311,384,466,344,307,409,369,295,385,289,340,403
"903",354,345,358,376,392,438,372,303,382,389,298,336,310,363,364
"904",396,321,406,341,390,440,360,326,403,333,291,398,282,344,392
"905",337,371,399,358,420,512,382,332,400,382,296,361,344,385,537
"906",323,414,400,406,418,515,369,320,370,388,229,346,304,395,498
"907",306,414,406,379,420,472,371,354,399,395,258,415,363,356,731
"908",291,353,417,339,412,581,366,323,434,337,299,408,298,361,535
"909",354,362,379,328,405,481,367,344,349,396,240,379,351,399,542
"910",350,369,349,413,381,438,345,307,353,388,262,315,292,374,361
"911",345,363,360,328,420,502,408,344,399,411,294,378,351,380,571
"912",355,336,350,368,376,427,331,299,348,397,251,320,283,367,348
"913",349,375,396,379,418,491,395,344,415,336,302,358,340,404,498
"914",362,359,361,399,394,437,364,323,369,422,258,335,296,360,348
"915",414,418,396,369,408,499,400,344,381,423,252,361,319,391,513
"916",362,360,413,331,392,464,359,332,372,343,310,353,306,374,379
"917",364,354,411,353,410,476,372,324,420,348,255,334,332,384,518
"918",368,350,360,363,372,427,360,1807,380,334,297,349,332,372,355
"919",391,352,386,379,398,429,350,306,371,345,263,340,267,330,370
"920",360,364,386,368,402,433,356,316,368,385,297,332,329,354,386
"921",370,340,391,325,387,444,345,302,377,370,301,392,309,353,366
"922",376,378,355,391,400,449,367,309,352,396,253,333,342,407,372
"923",302,356,365,307,427,459,384,337,397,351,289,323,300,332,536
"924",362,303,391,318,382,426,373,306,398,346,306,353,310,353,378
"925",302,362,415,348,425,472,395,378,397,377,303,396,340,392,545
"926",345,315,357,310,392,405,337,280,407,338,304,357,307,359,387
"927",334,366,397,334,390,446,362,308,344,374,294,377,302,344,411
"928",318,302,388,321,400,444,331,303,374,344,295,334,296,343,389
"929",304,371,405,356,416,442,371,331,386,379,307,357,313,369,535
"930",373,398,360,373,406,462,402,359,401,422,299,388,346,433,540
"931",366,347,401,382,362,442,342,320,371,337,256,324,290,350,354
"932",350,357,370,356,438,483,399,447,417,382,285,438,308,406,536
"933",341,333,380,341,380,413,355,306,366,383,293,335,295,359,374
"934",342,333,349,356,380,454,347,320,355,344,277,325,321,374,361
"935",345,430,409,378,415,442,385,328,379,383,263,356,305,381,520
"936",365,412,381,366,428,498,396,337,377,398,271,386,352,415,542
"937",376,355,381,305,407,471,382,340,392,354,277,393,340,405,526
"938",342,399,921,383,386,519,357,299,352,409,349,340,358,380,350
"939",330,322,392,334,384,477,358,313,360,362,309,378,294,341,378
"940",357,384,372,377,417,467,390,329,380,478,266,393,317,421,517
"941",347,339,342,352,393,428,353,337,366,381,282,347,312,306,364
"942",377,389,385,351,430,473,374,340,392,415,294,351,319,417,524
"943",350,362,387,312,411,458,977,343,403,437,277,346,346,389,556
"944",344,385,419,390,408,493,396,349,407,380,258,351,354,384,510
"945",329,332,425,329,430,463,381,358,438,351,290,395,340,401,545
"946",336,332,490,313,508,436,379,333,395,393,315,396,311,341,545
"947",319,362,451,335,432,459,373,316,435,338,276,395,296,363,536
"948",407,375,397,300,434,469,385,345,428,379,329,381,331,397,548
"949",836,359,427,317,412,442,365,321,431,295,293,377,335,386,512
"950",308,387,360,375,369,425,353,307,351,389,251,331,267,405,374
"951",358,360,393,339,379,413,360,309,371,351,293,360,302,383,362
"952",371,387,360,364,414,472,387,327,389,464,245,348,337,390,523
"953",360,379,433,331,431,459,394,341,452,338,295,380,366,384,533
"954",370,389,404,325,417,489,410,333,420,358,292,375,366,405,514
"955",344,370,433,334,413,490,370,339,430,323,309,359,310,382,504
"956",329,379,374,394,389,453,352,310,373,371,272,344,289,366,332
"957",280,392,420,317,417,486,360,343,386,381,297,345,324,367,545
"958",374,365,388,314,420,477,377,352,406,386,257,403,330,396,533
"959",337,348,388,355,381,454,373,299,354,366,260,330,283,343,380
"960",340,371,378,380,431,476,388,338,392,432,254,351,412,416,536
"961",314,422,393,390,395,503,367,318,379,373,272,344,367,379,501
"962",330,369,430,321,427,468,387,338,397,358,324,370,333,381,524
"963",349,383,350,366,417,478,383,349,388,438,245,364,341,438,510
"964",352,356,393,331,439,523,376,336,407,419,292,361,367,390,550
"965",334,382,384,334,414,485,383,369,405,424,297,377,343,409,545
"966",332,392,355,401,367,437,354,295,349,396,257,330,283,367,390
"967",345,389,415,347,414,472,387,346,404,382,282,395,355,386,550
"968",352,379,380,349,419,482,418,334,408,421,288,402,321,392,561
"969",345,410,369,353,418,463,380,349,362,477,250,313,319,407,525
"970",368,389,413,358,419,468,363,345,404,350,264,352,336,369,508
"971",341,370,511,378,388,417,363,301,364,396,303,370,314,339,379
"972",366,362,386,345,374,437,367,323,378,375,259,364,285,385,369
"973",340,406,377,352,417,471,377,332,374,406,266,394,331,411,502
"974",345,376,385,320,422,464,368,323,403,369,263,383,314,402,531
"975",390,343,377,366,380,408,337,319,375,329,298,354,286,364,359
"976",340,319,372,333,394,444,371,313,377,325,298,381,312,335,362
"977",385,353,354,332,380,414,324,307,372,310,301,331,305,340,374
"978",330,399,389,313,420,452,380,326,394,357,281,329,315,396,541
"979",364,361,365,391,372,447,353,312,382,350,243,352,283,338,353
"980",346,316,396,333,393,778,330,304,408,329,331,346,334,330,371
"981",319,353,401,343,421,445,383,346,432,386,273,368,322,385,529
"982",341,388,428,361,394,453,370,319,407,336,275,324,342,360,982
"983",353,356,401,343,400,451,393,353,384,339,253,378,356,408,517
"984",335,387,349,405,383,413,361,321,325,360,274,311,288,346,363
"985",352,397,419,342,414,473,384,353,407,386,308,346,322,385,519
"986",338,340,354,335,382,412,349,302,364,402,292,341,290,328,398
"987",359,404,414,353,407,445,370,359,397,403,269,348,310,405,547
"988",343,379,416,355,414,469,377,335,407,394,299,370,309,397,537
"989",383,390,348,382,386,453,361,304,344,371,261,342,302,359,358
"990",368,393,387,376,408,494,385,363,357,422,253,420,312,391,534
"991",326,342,437,330,418,451,376,347,384,414,322,366,323,397,525
"992",373,372,413,322,431,484,399,372,420,457,299,351,308,387,563
"993",343,309,368,326,377,400,311,288,383,329,297,359,298,329,392
"994",330,377,410,383,397,455,369,338,368,404,276,332,299,366,533
"995",347,317,364,311,424,484,374,325,405,423,835,374,332,380,567
"996",338,395,416,350,428,457,379,319,377,379,291,376,323,383,519
"997",344,396,380,355,409,486,363,321,433,345,240,345,383,386,534
"998",364,389,421,372,412,458,378,366,380,391,267,388,351,409,544
"999",352,393,390,340,410,420,365,319,412,297,267,356,342,367,506
"1000",331,330,391,336,401,446,348,301,383,319,311,361,356,355,373
