"","v Afghanistan","v Australia","v Bangladesh","v Bermuda","v Canada","v England","v Hong Kong","v India","v Kenya","v Netherlands","v New Zealand","v Pakistan","v P.N.G.","v Scotland","v South Africa","v Sri Lanka","v U.A.E.","v West Indies","v Zimbabwe"
"1",233,145,222,327,288,217,220,219,258,212,174,211,252,211,200,283,280,221,262
"2",210,158,194,216,245,197,193,137,211,160,151,164,149,231,208,181,216,221,214
"3",203,137,210,329,295,243,224,193,286,215,132,186,259,227,170,264,270,231,266
"4",200,134,184,292,250,200,223,189,221,179,168,169,222,196,211,268,254,178,240
"5",217,143,197,306,279,237,232,187,235,195,152,186,235,244,199,202,281,206,231
"6",198,157,189,293,244,193,190,180,215,175,167,165,234,213,196,195,254,183,195
"7",233,151,215,335,276,233,253,196,276,221,179,199,247,234,205,258,273,204,281
"8",215,153,211,206,254,206,193,158,226,175,161,221,167,231,201,227,216,203,262
"9",225,142,206,340,273,236,231,197,273,207,159,210,252,197,185,258,292,199,255
"10",199,150,162,198,224,173,188,134,229,170,141,152,155,195,193,163,202,199,203
"11",203,143,183,212,261,202,190,146,235,165,145,177,122,224,217,177,203,220,218
"12",202,140,189,229,251,193,193,171,228,181,171,184,165,227,194,214,218,197,246
"13",202,156,190,299,285,191,227,172,255,202,159,191,231,248,202,178,284,193,201
"14",202,136,217,327,276,220,225,210,271,215,176,208,266,213,188,255,265,222,266
"15",195,132,209,329,301,212,224,177,266,227,170,234,248,207,205,248,273,185,240
"16",230,144,186,247,234,216,211,146,253,183,155,192,154,235,201,252,212,221,268
"17",217,157,238,324,305,242,233,193,272,225,190,199,264,222,220,258,283,222,279
"18",235,158,192,244,261,227,199,150,225,166,163,199,176,208,200,258,208,223,242
"19",222,153,223,324,313,248,212,176,279,226,153,212,250,212,192,269,276,203,258
"20",190,129,186,290,240,230,194,183,210,173,168,203,237,192,202,265,259,171,237
"21",186,128,203,301,244,216,212,178,235,180,163,181,234,196,194,262,259,198,239
"22",222,154,182,220,220,180,200,135,217,145,127,216,150,222,206,180,202,218,209
"23",213,141,210,298,272,199,216,173,223,192,151,214,222,230,213,218,251,186,208
"24",189,131,179,288,226,213,191,176,217,170,172,165,220,210,210,177,242,191,184
"25",184,151,180,293,258,193,202,190,209,187,190,167,229,205,194,226,246,187,232
"26",191,166,210,342,286,230,230,195,243,226,167,216,272,217,205,256,282,216,275
"27",200,153,225,320,305,246,220,228,263,215,163,191,233,253,189,236,263,200,252
"28",203,141,239,325,307,248,225,189,254,212,167,212,242,206,199,270,297,213,276
"29",200,162,216,309,286,216,203,190,250,200,168,190,246,211,189,177,278,197,208
"30",228,164,195,235,258,212,218,166,243,208,160,201,150,221,213,245,212,230,265
"31",188,142,163,288,238,177,187,175,192,172,169,155,235,203,186,182,248,183,196
"32",211,165,209,323,316,197,249,179,270,232,180,196,265,212,175,263,285,216,262
"33",240,136,206,229,256,241,207,158,238,167,148,244,163,230,195,234,204,201,264
"34",196,148,178,294,238,206,198,166,200,168,144,193,219,201,201,194,246,193,212
"35",186,170,210,322,303,257,238,179,256,204,149,193,241,212,183,267,282,216,274
"36",253,142,249,317,294,236,226,202,247,223,159,220,276,226,206,277,287,207,260
"37",163,133,210,303,252,189,207,189,230,171,175,180,260,214,167,248,235,214,230
"38",194,159,188,299,215,196,200,161,203,158,162,179,224,208,205,194,273,210,188
"39",169,142,181,295,267,210,213,193,210,188,190,154,244,234,187,255,256,178,239
"40",225,142,221,296,271,246,227,181,236,209,156,214,251,206,198,201,300,204,218
"41",216,151,186,222,250,212,214,145,245,179,165,178,174,219,208,236,215,217,250
"42",194,130,211,324,298,232,219,192,255,220,164,195,235,210,185,240,246,189,275
"43",210,157,194,337,274,242,237,202,254,226,193,200,247,210,188,244,285,210,269
"44",213,152,198,309,265,217,227,202,234,180,181,173,239,219,199,264,274,199,240
"45",197,142,167,223,246,227,207,153,232,167,157,191,180,216,181,232,229,197,251
"46",211,142,216,320,314,229,231,190,233,223,139,187,263,206,188,193,296,206,234
"47",194,144,196,336,292,198,202,185,259,212,153,168,248,234,189,175,262,223,214
"48",188,149,185,313,251,217,219,184,197,194,173,178,226,208,180,255,248,232,214
"49",196,141,203,312,280,198,218,191,234,219,160,184,217,232,187,200,274,216,205
"50",210,163,196,316,299,205,228,182,257,209,165,189,230,202,181,182,293,200,210
"51",195,140,189,213,229,207,182,119,215,158,134,209,123,221,182,183,217,226,223
"52",193,133,169,288,235,204,210,205,228,188,154,154,232,193,182,253,249,177,238
"53",203,149,180,224,239,226,192,183,248,190,159,178,151,212,188,244,218,207,259
"54",201,150,190,314,300,244,224,199,265,217,175,190,251,215,201,248,278,210,254
"55",200,151,188,312,284,229,229,201,266,227,153,195,265,244,179,247,264,187,250
"56",198,163,210,322,250,208,214,206,230,181,192,179,230,197,201,275,273,215,244
"57",226,144,239,323,311,220,215,177,250,206,180,207,246,232,192,185,289,207,210
"58",208,132,216,301,262,217,223,195,243,191,150,222,224,212,196,181,276,191,212
"59",197,141,179,295,224,201,193,180,206,166,184,184,217,199,205,174,251,160,197
"60",222,128,201,238,234,209,212,158,251,162,155,211,166,208,212,238,195,212,257
"61",242,157,244,329,319,239,233,193,269,212,185,215,243,232,212,255,280,220,257
"62",223,164,228,344,315,227,245,205,262,223,181,203,255,227,204,266,290,214,278
"63",229,170,186,208,234,189,188,144,219,156,144,187,158,215,228,187,208,209,226
"64",206,138,178,233,235,216,201,146,218,170,156,201,136,229,221,160,220,209,218
"65",176,146,163,195,255,192,169,139,195,150,127,185,124,231,172,168,187,211,209
"66",206,132,200,325,327,222,222,205,259,214,169,187,260,245,194,252,249,213,264
"67",256,141,218,324,307,240,228,199,259,213,175,218,246,209,217,271,294,198,262
"68",221,160,209,322,281,207,223,183,251,211,171,191,248,227,203,170,288,208,230
"69",222,152,215,336,308,248,232,189,271,225,175,200,261,195,227,269,267,195,262
"70",183,117,181,306,246,204,202,190,215,196,171,177,228,194,184,236,238,191,227
"71",212,137,227,333,312,265,225,204,268,225,180,214,268,234,217,267,268,201,258
"72",210,141,185,319,261,229,218,168,238,205,146,218,216,220,205,181,273,193,205
"73",208,137,192,236,239,218,185,141,234,156,148,182,133,224,204,168,228,188,221
"74",201,151,222,333,299,228,244,198,264,220,155,215,239,204,203,271,257,199,278
"75",213,138,180,205,248,185,180,131,206,149,137,187,132,225,198,176,191,199,208
"76",191,135,169,279,239,176,195,165,204,175,160,171,228,188,186,184,261,194,184
"77",171,144,202,302,297,234,222,191,256,230,171,209,249,197,182,244,290,189,268
"78",207,136,189,303,293,193,215,193,241,216,152,205,244,249,175,262,261,211,256
"79",232,159,183,223,256,195,205,161,204,163,147,200,150,223,215,166,199,208,219
"80",217,149,214,337,292,237,223,201,239,218,180,211,272,248,190,260,286,210,267
"81",248,159,206,338,292,200,221,175,256,226,152,200,243,207,215,214,277,227,227
"82",172,135,182,287,221,176,191,160,196,189,155,184,228,206,198,191,244,199,176
"83",202,148,186,283,230,183,201,177,206,170,170,166,225,206,188,197,267,211,195
"84",206,142,178,231,227,213,192,163,214,168,142,178,198,223,185,231,228,211,250
"85",227,149,201,313,280,195,211,161,236,201,159,198,227,239,212,200,284,234,210
"86",174,141,193,309,264,232,213,191,215,188,185,176,284,217,184,249,252,194,246
"87",188,151,173,287,238,186,201,178,211,181,153,159,218,196,170,178,250,200,203
"88",209,165,233,321,292,253,241,189,235,209,168,200,252,200,207,267,281,214,278
"89",203,163,163,212,223,187,184,128,223,154,146,164,131,226,195,161,207,211,191
"90",165,138,171,310,238,234,204,204,208,209,163,182,250,199,170,238,245,174,237
"91",193,153,197,230,249,211,200,185,246,191,166,184,176,235,186,228,198,205,254
"92",206,145,204,238,275,188,203,160,239,182,161,175,174,207,194,231,192,200,253
"93",218,161,208,228,258,213,210,158,242,172,160,184,157,223,206,251,219,214,260
"94",209,158,210,298,256,215,224,179,217,182,195,162,231,187,212,263,269,215,234
"95",209,153,182,223,263,200,200,157,225,199,167,208,151,227,192,235,202,200,237
"96",208,148,197,233,229,177,195,145,217,159,161,185,144,216,206,181,196,213,196
"97",201,142,197,237,243,219,196,155,224,189,147,200,145,239,167,238,203,207,251
"98",228,141,203,333,325,262,243,218,276,216,163,240,257,247,192,281,273,206,252
"99",181,127,207,301,235,238,214,189,205,171,163,175,238,207,198,256,251,199,247
"100",195,139,220,313,327,217,234,214,274,221,173,182,241,221,193,242,253,220,249
"101",221,158,222,320,293,236,247,187,248,248,179,218,244,258,172,239,247,206,262
"102",206,167,228,330,287,214,235,188,251,232,184,207,283,233,188,258,277,236,254
"103",270,155,210,328,289,217,232,189,258,215,158,187,268,234,213,193,269,195,219
"104",168,120,186,292,256,218,208,192,182,182,171,175,240,217,188,238,250,183,241
"105",198,159,184,230,224,192,193,135,213,159,128,190,146,216,199,188,220,218,225
"106",197,119,189,211,258,219,215,145,249,170,150,210,143,226,178,219,194,195,259
"107",204,145,206,220,265,215,209,147,220,180,151,209,136,227,199,262,231,220,274
"108",224,157,217,237,257,232,203,174,236,170,168,208,173,223,217,247,184,208,254
"109",221,136,219,312,288,208,221,180,233,209,133,204,239,233,192,195,261,194,219
"110",212,156,209,247,245,222,208,165,255,182,168,183,152,214,221,249,203,244,272
"111",206,151,216,322,307,219,241,199,274,223,182,198,251,215,213,261,286,217,252
"112",192,186,192,210,251,187,205,157,242,181,160,197,144,209,199,244,208,225,235
"113",161,146,183,297,231,219,214,197,204,183,183,161,244,193,188,246,249,202,241
"114",184,156,199,293,248,207,210,195,221,198,172,178,230,200,186,250,257,216,231
"115",197,133,166,286,233,201,185,167,190,158,150,161,211,203,192,199,242,192,194
"116",218,142,210,307,304,229,234,205,269,215,170,213,258,227,209,255,263,190,263
"117",205,153,194,289,277,196,213,184,240,212,162,169,225,224,197,187,269,196,208
"118",230,150,186,311,291,217,217,166,247,216,144,209,242,241,191,192,252,183,223
"119",244,151,221,308,299,208,230,188,237,202,152,164,265,226,215,216,290,220,234
"120",251,142,200,303,288,205,208,183,248,198,166,183,237,195,180,164,266,180,218
"121",181,132,213,318,246,222,186,188,229,185,177,183,246,215,201,231,238,183,233
"122",202,135,197,299,306,231,218,181,267,224,159,195,246,219,188,267,275,200,269
"123",200,147,224,328,307,229,227,204,276,231,177,223,261,199,193,263,284,188,272
"124",225,146,213,241,245,217,212,155,239,186,165,204,152,220,206,237,231,205,263
"125",206,143,186,242,250,226,208,167,224,170,142,213,149,216,189,250,215,220,259
"126",195,132,187,293,229,208,209,184,204,174,165,174,236,209,197,171,253,175,201
"127",164,135,191,302,239,218,201,179,215,185,171,156,232,180,171,255,242,193,245
"128",199,136,196,325,302,239,236,196,266,230,156,238,257,250,198,240,263,196,268
"129",198,146,206,330,269,173,219,184,244,218,160,204,222,204,207,169,284,191,211
"130",210,146,216,315,301,213,208,194,276,221,179,185,256,217,201,255,300,209,256
"131",227,158,200,223,255,243,201,178,250,190,154,194,172,220,208,229,233,216,260
"132",234,140,214,348,311,255,221,188,289,227,164,221,246,218,181,256,265,205,258
"133",180,143,178,280,261,210,218,178,210,182,161,184,260,197,178,266,244,190,227
"134",194,153,195,223,241,191,186,140,213,165,151,187,158,209,223,181,207,211,211
"135",212,161,208,313,276,193,230,179,231,226,170,193,253,212,203,208,292,195,208
"136",231,139,225,323,300,247,250,204,245,225,172,240,236,204,198,285,277,206,267
"137",230,139,202,293,287,213,207,174,236,184,145,201,222,236,193,201,270,211,213
"138",195,148,204,306,304,212,202,164,253,210,167,167,238,203,189,178,296,212,208
"139",225,148,203,316,279,211,227,173,226,216,151,190,245,210,196,194,283,194,204
"140",199,143,175,194,234,192,175,149,245,162,143,170,149,253,202,140,199,210,208
"141",225,156,202,329,320,232,244,204,259,216,191,202,267,216,199,253,287,207,253
"142",181,163,189,299,234,217,209,172,212,204,190,169,236,208,188,248,244,179,227
"143",235,158,214,317,286,214,214,177,226,200,158,205,250,227,195,203,294,226,238
"144",201,130,183,200,219,190,186,136,226,160,135,189,141,224,208,173,202,193,217
"145",212,144,210,327,299,250,222,203,268,219,168,227,254,191,185,269,287,205,266
"146",223,173,221,320,301,235,246,193,253,221,184,235,273,206,213,250,282,200,251
"147",209,173,185,208,267,183,190,133,206,173,149,191,144,203,200,175,207,236,205
"148",219,153,213,315,297,229,225,196,248,205,166,198,243,210,210,195,277,209,224
"149",172,155,178,319,237,201,209,201,214,187,182,173,237,216,197,247,246,212,236
"150",192,155,204,285,261,204,223,199,226,199,188,168,239,238,195,248,253,178,229
"151",205,139,205,214,260,209,195,159,234,197,157,195,141,222,200,229,222,201,256
"152",211,134,202,334,314,266,246,192,274,225,168,224,258,237,203,265,279,206,263
"153",227,161,225,231,257,207,205,151,231,196,168,203,167,218,197,254,240,209,266
"154",230,154,209,318,286,234,230,197,257,231,183,201,244,223,199,246,260,191,263
"155",233,167,220,327,286,229,236,211,250,219,190,214,257,242,220,284,316,218,265
"156",217,153,232,321,273,224,237,194,271,221,180,217,248,209,186,264,304,217,255
"157",240,164,234,313,306,265,206,206,247,213,164,209,252,203,210,275,307,213,256
"158",207,124,178,207,202,205,188,129,220,170,139,214,132,208,195,167,209,167,206
"159",201,155,213,313,256,243,218,202,195,180,192,179,243,206,214,272,252,206,231
"160",203,151,221,331,295,244,233,202,240,243,176,212,247,217,170,251,293,210,260
"161",191,164,195,290,212,183,201,168,199,169,170,167,222,202,195,186,244,175,189
"162",236,144,220,323,301,198,248,184,255,205,169,199,230,223,208,266,280,186,272
"163",206,146,188,244,289,212,207,172,228,186,159,175,139,235,180,240,209,240,247
"164",196,135,189,315,277,204,219,178,252,214,174,181,240,223,186,168,275,198,230
"165",166,137,172,273,224,185,200,178,199,189,157,149,234,224,177,190,246,191,182
"166",205,145,217,310,292,215,219,201,264,218,183,190,270,247,180,250,258,199,250
"167",202,152,223,320,302,210,234,217,253,230,182,198,243,240,184,260,278,228,255
"168",179,135,187,287,236,202,201,183,201,191,167,164,242,192,179,248,254,186,227
"169",207,139,184,211,239,184,190,134,227,171,143,190,140,217,219,155,204,221,219
"170",180,163,186,279,234,193,190,181,191,176,166,175,220,227,179,182,253,194,189
"171",239,167,216,336,327,246,226,177,269,219,174,202,270,208,198,292,291,211,256
"172",194,164,198,219,251,203,193,151,248,196,166,185,147,222,195,244,213,240,254
"173",186,152,208,312,301,214,207,169,244,203,161,208,206,211,173,190,288,212,216
"174",199,139,192,321,288,221,212,185,233,209,146,194,239,201,198,188,281,199,205
"175",211,133,203,334,301,245,223,190,260,238,170,200,269,219,187,258,264,204,247
"176",214,159,243,328,315,257,245,196,253,222,194,222,261,211,221,257,297,196,258
"177",229,140,206,306,253,211,227,203,239,198,175,198,231,195,194,255,247,191,227
"178",244,161,202,237,244,206,210,159,254,179,173,198,181,206,213,253,211,237,257
"179",219,141,196,235,247,242,220,141,255,192,146,196,173,227,215,257,252,215,269
"180",220,150,203,296,226,202,195,182,198,167,163,166,230,210,200,194,264,197,205
"181",183,141,184,281,219,179,193,164,191,179,169,175,225,199,198,190,261,191,195
"182",196,136,225,298,261,216,213,185,212,193,183,194,258,195,209,251,265,183,248
"183",181,143,186,297,256,191,199,188,212,190,194,170,231,221,207,258,259,198,233
"184",204,136,199,321,314,256,249,179,266,207,156,199,238,232,176,273,305,202,259
"185",195,145,183,283,239,177,194,174,184,164,162,151,225,204,199,171,259,164,190
"186",174,121,171,294,233,222,188,176,219,184,155,190,236,202,168,249,242,197,238
"187",208,147,204,325,295,218,231,192,286,217,180,195,245,244,183,238,279,202,252
"188",209,135,213,325,287,276,230,186,256,210,171,207,243,202,195,266,291,178,258
"189",226,155,223,325,308,217,213,210,269,239,166,175,255,229,175,248,263,229,247
"190",226,162,170,225,257,191,194,165,228,166,147,191,158,222,213,156,205,207,211
"191",203,166,222,312,293,226,230,175,246,214,173,189,247,236,207,190,306,211,214
"192",223,141,207,311,277,187,212,184,243,195,174,210,243,225,210,179,277,194,230
"193",214,161,188,212,232,175,196,147,212,176,146,209,157,225,210,178,200,243,221
"194",220,151,184,323,282,188,203,185,249,214,154,198,234,242,175,187,259,221,214
"195",182,130,175,221,252,199,207,165,241,175,140,183,148,215,181,225,183,212,253
"196",220,145,221,316,306,236,233,195,271,245,186,195,256,204,179,250,276,190,270
"197",235,143,204,308,288,210,227,179,249,216,178,205,255,215,210,189,299,210,229
"198",201,142,194,292,278,201,209,158,269,203,143,183,237,228,183,177,254,203,199
"199",212,157,198,233,266,216,207,154,239,180,141,191,152,219,203,251,213,238,266
"200",215,145,210,253,264,202,216,163,238,179,162,214,153,206,206,244,202,213,258
"201",175,153,187,312,248,209,215,194,215,201,173,179,244,215,193,261,254,204,235
"202",193,113,179,303,252,209,208,183,214,186,164,162,232,205,178,244,239,190,215
"203",228,154,243,321,293,264,235,213,291,217,192,199,257,232,198,249,276,186,273
"204",168,134,205,312,248,213,217,204,218,193,185,179,237,208,185,245,263,190,219
"205",207,162,201,335,293,231,225,202,264,230,173,206,252,225,191,255,268,247,246
"206",202,155,179,315,274,195,208,174,234,202,157,190,232,238,180,190,284,230,187
"207",208,153,186,217,242,182,196,149,233,169,153,186,143,236,205,166,211,204,224
"208",217,144,210,333,298,204,212,189,254,225,165,188,231,219,187,186,274,216,210
"209",208,136,176,236,227,221,196,157,241,181,137,197,137,204,190,233,214,188,262
"210",225,166,223,312,277,192,228,181,235,198,154,194,233,239,202,199,266,215,214
"211",216,164,250,338,286,206,233,188,253,212,191,208,273,205,196,279,301,219,268
"212",226,157,173,211,231,200,175,127,201,154,139,191,139,212,212,174,218,192,213
"213",215,163,213,215,279,205,205,151,229,172,162,219,141,195,214,238,218,198,261
"214",216,145,218,319,284,202,227,206,283,222,174,215,249,213,199,248,273,214,263
"215",237,151,210,304,297,198,227,180,239,213,161,208,242,219,199,181,270,206,226
"216",201,161,191,214,249,200,191,147,227,185,156,197,136,192,190,237,207,227,244
"217",257,152,224,331,317,240,224,193,262,219,181,200,264,243,204,251,265,199,267
"218",224,149,221,328,295,245,224,178,248,230,160,224,233,222,205,280,300,196,259
"219",216,136,213,325,314,231,222,214,269,244,167,220,243,242,207,251,290,193,276
"220",249,158,202,326,300,246,225,187,251,225,157,219,262,243,200,260,276,190,269
"221",193,145,191,238,255,216,207,159,237,185,154,170,151,234,205,225,212,218,257
"222",210,154,221,341,305,218,221,203,271,218,181,208,245,209,207,264,279,196,267
"223",239,156,224,349,324,226,227,201,260,227,169,211,234,243,202,255,261,203,273
"224",212,154,218,306,297,259,214,187,260,206,164,214,253,216,190,268,274,190,267
"225",204,145,207,337,290,226,246,217,280,224,164,215,252,234,191,260,272,218,248
"226",230,169,200,209,295,214,196,140,228,165,150,218,135,217,200,255,217,220,273
"227",185,136,190,280,221,201,199,172,189,159,177,191,226,190,194,184,263,172,197
"228",207,150,185,307,237,199,190,185,185,177,169,178,216,207,211,194,249,200,186
"229",198,136,174,297,296,189,221,168,224,205,153,186,214,197,160,186,294,181,209
"230",202,153,170,214,236,197,189,147,212,163,152,197,139,229,204,157,196,193,204
"231",234,161,228,322,278,236,237,187,256,217,179,214,238,221,203,273,300,177,267
"232",163,150,167,288,240,197,192,167,194,179,171,171,213,217,190,186,251,202,180
"233",214,156,222,313,290,239,235,173,247,187,161,171,254,227,223,203,273,209,215
"234",200,147,197,314,280,226,231,202,251,222,179,208,264,229,190,258,302,238,273
"235",211,161,164,213,218,177,180,133,217,159,142,199,149,198,194,157,203,200,199
"236",218,165,209,313,280,228,221,191,250,215,157,204,260,238,177,258,262,205,238
"237",240,153,228,311,323,251,228,189,263,211,162,221,241,206,192,274,278,206,269
"238",209,156,207,340,306,212,231,214,277,224,192,193,274,186,191,247,281,193,275
"239",157,133,189,297,236,201,195,193,228,183,175,169,237,227,177,238,237,163,230
"240",194,138,174,209,238,199,179,137,231,162,150,169,125,234,192,154,196,208,202
"241",227,171,210,326,313,242,228,183,243,209,159,243,252,210,199,266,306,207,265
"242",227,168,228,323,288,202,222,167,255,211,168,201,224,230,204,213,274,219,211
"243",205,133,207,317,294,225,208,169,249,190,140,205,223,219,214,194,282,182,224
"244",208,148,200,219,249,224,227,162,234,187,157,180,162,245,183,217,202,216,248
"245",225,144,249,326,301,234,242,206,276,233,195,216,228,212,211,257,295,186,273
"246",219,155,211,309,284,235,214,190,224,201,137,194,222,243,196,206,263,209,212
"247",216,155,196,329,303,237,230,192,262,220,177,196,269,213,179,252,272,233,258
"248",211,150,232,331,322,221,227,214,245,215,160,186,286,219,181,262,276,206,256
"249",199,134,190,298,242,236,217,187,203,188,175,179,258,197,192,268,239,173,246
"250",209,158,199,210,254,186,194,154,233,183,167,174,152,192,181,236,202,227,259
"251",192,149,225,319,283,197,225,171,235,208,170,182,249,233,182,185,268,206,207
"252",200,165,219,340,302,253,239,191,272,209,180,214,287,220,192,256,293,224,256
"253",170,138,205,295,251,214,230,188,218,185,170,187,243,207,171,261,249,196,226
"254",184,131,197,307,252,211,229,191,227,190,181,188,257,198,197,252,253,219,243
"255",222,144,182,310,285,182,221,168,253,220,168,190,259,204,182,185,283,205,211
"256",211,140,218,321,277,200,206,185,244,201,138,192,231,219,199,185,273,198,221
"257",205,143,198,302,242,219,213,178,207,177,177,189,244,201,199,250,236,172,250
"258",221,144,242,335,308,236,231,192,252,209,152,203,248,230,188,278,274,202,282
"259",218,145,191,248,270,219,188,173,234,202,155,197,155,211,200,232,211,206,275
"260",202,142,195,233,241,191,187,158,247,170,173,163,141,228,196,220,190,207,243
"261",216,143,206,249,271,230,192,140,237,177,152,227,177,235,224,253,212,214,272
"262",181,137,185,276,224,192,198,176,194,171,162,148,223,214,206,179,257,212,195
"263",226,163,208,318,287,230,223,168,246,210,171,206,274,212,191,199,299,227,211
"264",206,147,196,304,273,226,218,180,246,200,155,192,260,214,193,205,295,193,220
"265",173,133,196,303,223,233,207,208,217,189,182,184,233,236,189,253,242,186,230
"266",227,151,177,213,230,191,197,161,218,175,151,195,151,232,212,171,215,219,205
"267",228,173,227,318,317,205,235,201,265,218,177,187,237,205,184,264,282,224,262
"268",189,147,210,298,247,221,203,189,208,178,173,196,249,183,208,264,250,172,239
"269",216,146,224,314,311,244,243,186,250,217,180,196,273,228,195,266,309,217,234
"270",223,139,200,295,284,190,207,169,227,202,132,185,210,251,180,191,277,191,210
"271",243,151,220,316,305,244,234,204,283,229,162,224,280,235,214,264,273,225,262
"272",223,154,198,224,242,223,213,162,251,193,165,219,154,245,217,234,214,218,264
"273",232,128,211,338,310,232,239,194,259,222,150,205,250,235,208,253,279,187,276
"274",210,148,196,296,254,235,215,170,223,209,153,198,259,205,196,196,291,183,233
"275",235,146,236,334,311,233,250,223,271,226,193,209,262,211,208,274,300,202,267
"276",194,147,187,306,245,210,205,185,218,190,162,176,244,207,169,256,247,185,252
"277",228,147,205,306,319,223,223,174,254,207,159,214,236,224,208,188,288,229,219
"278",238,137,232,338,290,251,230,188,266,216,160,214,245,227,182,287,284,205,247
"279",165,145,181,296,242,214,225,177,201,194,175,177,233,211,167,248,264,182,228
"280",196,135,185,286,210,194,202,176,180,181,150,174,207,188,189,187,257,196,192
"281",196,146,206,295,301,207,217,171,258,205,163,184,223,193,192,187,298,241,227
"282",246,159,239,313,308,231,252,206,266,216,191,203,278,203,199,274,297,208,263
"283",233,158,200,234,258,222,216,147,254,198,171,198,207,214,201,243,222,204,259
"284",210,151,203,311,289,212,234,172,251,207,166,213,266,209,215,203,284,226,231
"285",193,124,176,294,236,210,193,178,214,161,148,166,243,202,202,190,257,168,194
"286",220,156,212,337,313,236,240,222,274,216,174,214,266,217,199,255,276,223,277
"287",215,141,184,318,238,235,216,181,218,192,158,178,250,199,188,266,264,171,233
"288",255,138,204,324,296,207,214,163,260,217,160,194,261,223,192,197,286,220,242
"289",203,136,188,296,230,194,201,178,217,177,168,193,234,213,204,183,260,188,194
"290",235,139,224,322,310,252,227,197,274,225,166,196,239,216,219,261,278,194,262
"291",215,142,170,230,231,180,191,136,216,147,129,193,133,217,191,184,203,206,195
"292",190,145,199,304,272,196,200,180,247,195,172,224,224,216,209,170,289,177,213
"293",213,158,229,332,296,207,225,190,258,223,164,223,278,230,182,249,262,213,264
"294",201,169,215,333,288,227,225,181,250,212,180,186,268,213,199,268,293,211,244
"295",228,146,202,313,282,224,220,210,249,234,177,200,257,234,197,252,269,183,257
"296",222,158,196,222,248,216,206,151,244,181,166,193,170,214,209,249,227,206,258
"297",219,150,223,312,283,213,216,180,244,206,173,190,255,202,219,194,297,215,235
"298",193,132,189,297,269,213,209,185,217,200,170,154,239,200,188,252,258,182,243
"299",162,123,169,308,231,225,203,201,202,190,171,166,252,231,182,250,241,166,244
"300",212,137,185,220,238,227,195,154,240,161,138,212,161,213,195,233,223,223,262
"301",209,152,229,348,299,220,210,199,256,214,166,197,263,236,188,260,284,222,262
"302",202,155,216,340,285,242,234,211,276,237,179,219,265,229,188,243,275,207,246
"303",228,141,230,306,314,277,228,191,243,211,154,198,237,217,208,269,287,207,264
"304",209,160,220,299,275,222,228,175,259,210,172,219,254,224,200,177,299,192,219
"305",171,147,184,321,221,210,220,188,232,194,151,168,222,201,173,273,246,183,236
"306",215,159,201,319,283,216,218,176,236,231,152,211,237,217,200,203,288,210,226
"307",221,139,208,233,250,221,207,162,246,181,178,181,192,232,213,247,204,215,266
"308",261,159,246,346,321,240,245,220,272,239,188,202,300,209,210,278,286,206,250
"309",191,143,204,322,299,227,221,190,273,231,157,192,252,227,199,256,242,193,246
"310",192,134,182,218,256,191,211,173,241,192,164,221,130,228,187,221,211,224,237
"311",222,130,175,295,238,210,203,163,201,172,142,181,223,207,180,193,253,187,188
"312",189,151,182,325,281,221,227,168,231,192,134,176,238,223,178,182,245,201,238
"313",183,126,189,314,230,216,215,181,236,191,186,172,228,227,180,236,237,206,231
"314",204,138,233,336,288,273,239,199,265,227,153,210,242,213,200,272,263,211,267
"315",190,142,219,306,318,227,223,187,248,225,144,216,264,231,182,251,265,202,246
"316",167,141,199,296,239,209,209,191,213,190,162,173,239,191,173,263,254,187,222
"317",186,144,181,299,227,202,193,153,192,167,157,169,223,197,187,196,247,185,189
"318",245,147,218,318,280,216,213,199,245,195,174,205,252,214,210,179,278,217,226
"319",191,159,201,240,263,206,209,161,231,192,165,189,164,217,214,237,211,238,253
"320",227,139,217,303,316,247,221,199,269,211,153,218,257,213,193,272,253,200,245
"321",173,145,171,292,220,195,184,170,198,179,171,151,230,195,175,179,254,177,178
"322",234,146,202,310,288,219,227,189,250,210,173,198,268,232,229,185,290,194,201
"323",204,154,212,318,300,242,218,192,261,209,165,187,246,229,200,184,269,196,228
"324",217,147,188,235,255,210,207,154,239,166,156,194,163,237,186,234,212,226,244
"325",183,134,174,295,227,177,199,179,189,177,156,165,240,214,181,187,249,193,170
"326",213,144,204,306,289,184,208,164,272,191,160,210,245,207,234,192,291,224,221
"327",189,146,194,235,258,200,198,160,237,192,160,201,172,227,197,222,196,204,256
"328",220,144,171,201,267,214,216,163,266,198,149,181,147,232,186,219,187,188,253
"329",201,153,174,229,238,193,194,168,237,176,166,183,142,199,192,237,213,208,245
"330",233,155,216,331,313,207,217,209,251,225,176,181,267,240,199,251,274,206,277
"331",207,127,166,238,227,205,189,151,219,166,139,182,158,218,210,171,203,192,213
"332",187,134,182,284,247,194,194,187,203,174,159,173,223,218,207,180,264,164,205
"333",195,145,201,314,278,205,201,182,237,200,141,185,232,237,186,184,250,198,200
"334",241,156,216,331,305,235,231,206,253,227,172,217,262,224,205,275,256,234,268
"335",215,141,197,329,295,224,240,206,243,212,166,193,232,219,187,264,269,208,271
"336",235,154,207,306,297,238,216,182,240,201,157,183,238,219,204,201,272,205,208
"337",229,159,208,319,308,210,229,191,243,201,165,218,237,239,212,194,271,212,220
"338",213,143,208,222,259,208,206,160,245,192,152,184,152,247,183,226,193,209,269
"339",224,154,189,222,248,237,213,165,240,164,145,239,193,206,212,254,203,234,266
"340",170,158,188,303,266,199,223,179,199,188,177,156,255,209,184,246,256,216,233
"341",208,162,170,213,221,178,201,132,221,153,137,179,149,239,211,170,221,203,216
"342",191,142,189,298,240,211,220,176,208,188,178,184,241,197,178,253,246,206,248
"343",188,138,194,313,250,203,215,175,222,179,177,203,242,198,198,261,243,188,250
"344",215,151,235,311,298,237,223,213,248,231,148,212,257,248,186,266,266,231,251
"345",194,139,195,291,218,202,195,190,208,169,170,182,214,217,195,187,250,193,207
"346",180,120,176,302,237,208,202,191,227,171,170,170,249,225,198,260,263,191,254
"347",231,153,210,318,304,229,218,177,247,212,155,211,247,240,212,192,263,205,228
"348",220,142,189,210,222,190,183,147,264,157,155,199,160,220,226,172,222,218,216
"349",193,138,193,283,225,181,199,171,208,175,164,168,240,200,217,190,268,232,191
"350",228,144,221,313,301,198,224,196,241,214,162,199,233,220,206,178,266,199,214
"351",195,139,171,221,225,211,197,146,227,180,145,212,169,232,185,252,190,225,253
"352",211,150,207,301,271,222,222,178,219,202,159,197,228,218,203,204,265,214,218
"353",222,149,214,229,257,242,199,154,245,159,147,217,177,214,211,242,199,231,251
"354",207,146,229,337,302,225,224,200,265,219,211,203,243,208,182,241,278,198,247
"355",188,149,185,230,245,183,213,146,254,178,138,202,157,193,187,230,197,201,262
"356",184,136,169,280,215,207,198,150,194,169,147,150,218,210,191,197,249,179,199
"357",201,147,195,301,291,246,214,171,249,207,159,195,239,205,168,180,290,224,212
"358",212,150,167,216,216,212,191,124,213,153,130,175,151,215,207,173,216,212,214
"359",198,167,176,238,240,214,192,143,216,155,141,179,146,210,213,180,219,208,215
"360",247,153,219,331,306,246,240,185,246,220,148,226,252,250,217,275,269,198,254
"361",213,152,201,312,294,211,216,187,236,206,156,191,242,225,224,186,320,210,222
"362",234,153,234,335,313,249,234,201,280,225,187,226,255,227,207,253,304,222,250
"363",180,135,173,209,234,176,175,132,232,158,146,185,139,238,183,156,190,204,208
"364",207,133,181,299,235,205,191,177,212,170,147,183,221,192,196,194,279,198,203
"365",210,142,227,333,318,222,240,211,247,225,182,203,245,234,193,264,283,231,258
"366",202,147,175,304,270,194,197,181,251,206,129,192,231,234,176,187,264,202,205
"367",199,145,182,307,245,211,192,162,200,178,162,169,235,211,205,189,248,210,183
"368",207,149,195,235,249,224,190,145,239,177,141,201,166,213,205,246,214,208,261
"369",186,144,205,310,243,211,214,192,221,188,188,206,247,202,200,250,258,184,255
"370",192,139,175,281,225,182,182,178,200,164,155,154,223,195,180,193,262,176,193
"371",232,152,211,336,297,233,224,184,270,230,162,203,260,202,207,295,280,208,271
"372",223,155,188,217,253,211,188,147,222,155,151,186,147,233,219,164,216,189,218
"373",209,136,215,318,298,222,230,197,266,221,165,195,252,219,166,256,279,215,262
"374",182,152,202,212,235,213,218,153,231,187,150,189,127,229,196,249,193,211,240
"375",170,148,160,215,230,183,188,134,234,172,141,167,165,226,182,159,196,230,208
"376",228,153,216,328,330,218,237,192,261,209,181,199,250,213,217,276,274,238,255
"377",188,123,183,298,235,218,199,198,234,190,168,161,249,202,183,248,239,174,240
"378",201,147,180,312,226,201,195,166,205,168,147,160,211,212,186,194,259,181,194
"379",187,140,197,320,300,222,230,221,248,235,184,210,266,213,190,253,276,190,263
"380",180,133,204,296,260,218,219,189,224,184,164,200,244,189,183,260,261,192,233
"381",243,136,189,305,273,205,223,175,243,192,157,196,226,222,196,211,291,214,206
"382",196,136,210,323,268,264,223,197,209,188,180,202,244,234,206,261,265,199,244
"383",211,142,201,328,312,225,217,191,237,202,164,218,229,248,206,186,254,213,217
"384",202,168,223,321,281,210,221,190,249,215,160,213,259,228,203,200,278,221,218
"385",220,151,178,232,220,182,187,144,217,165,147,193,140,228,210,156,207,203,212
"386",172,127,160,280,228,205,202,161,195,160,150,152,218,226,194,181,252,182,194
"387",198,155,217,338,277,224,245,198,280,217,195,218,260,225,188,258,298,214,253
"388",202,142,188,292,257,206,221,198,222,184,190,192,250,209,203,253,255,193,233
"389",233,167,230,314,275,232,228,175,238,216,157,209,255,249,225,175,268,222,213
"390",206,151,217,299,285,184,214,177,263,209,159,225,243,193,189,184,286,202,215
"391",203,151,228,318,322,231,224,200,293,226,187,219,251,208,185,245,288,192,268
"392",229,152,184,215,260,232,201,150,231,175,154,209,130,239,201,244,203,191,275
"393",210,160,192,219,218,190,189,134,228,158,159,185,146,226,208,180,201,200,205
"394",230,162,206,264,244,222,208,139,254,187,158,208,171,210,220,248,229,246,250
"395",216,153,217,320,289,217,212,191,261,204,163,204,223,212,201,178,299,211,211
"396",230,130,196,223,258,204,198,162,250,188,165,182,158,224,187,244,205,200,252
"397",167,144,186,293,234,197,207,160,210,184,161,170,242,204,174,253,267,175,228
"398",204,131,202,300,245,221,216,183,230,181,173,198,242,208,190,260,266,180,240
"399",189,135,204,303,256,200,216,186,235,178,198,168,266,230,196,244,241,179,230
"400",177,137,194,317,238,198,209,197,210,187,161,184,252,219,199,270,261,220,252
"401",220,142,180,227,249,220,193,146,211,163,133,188,130,226,203,192,210,213,208
"402",240,150,182,304,267,225,210,173,240,198,148,200,234,198,208,197,278,210,235
"403",184,142,218,327,290,240,246,195,256,220,159,186,255,188,171,258,295,184,241
"404",211,139,210,345,283,218,220,182,258,218,159,196,240,211,172,255,253,202,266
"405",228,153,221,330,279,215,235,175,263,206,163,190,230,213,212,191,294,224,210
"406",213,151,219,333,271,221,211,172,239,204,142,197,239,221,187,220,287,231,221
"407",208,127,179,205,215,213,191,145,226,153,137,190,154,203,199,157,219,186,209
"408",219,142,186,217,263,243,206,131,229,183,170,226,145,202,197,263,213,206,242
"409",244,147,199,313,307,213,212,167,239,203,154,212,246,220,192,200,277,202,203
"410",212,157,237,337,314,241,229,205,266,224,192,223,255,242,194,259,322,207,253
"411",217,145,184,212,257,211,182,134,209,150,127,180,138,225,202,177,203,204,212
"412",220,187,209,307,276,213,226,179,251,204,167,200,262,224,202,205,272,208,215
"413",216,158,189,328,298,209,219,180,258,202,152,174,232,250,211,186,281,216,205
"414",159,128,184,300,259,201,222,192,224,197,179,178,259,212,184,239,251,188,246
"415",208,152,232,341,325,214,232,199,254,216,150,212,243,219,189,259,278,228,251
"416",220,165,206,240,241,211,201,152,248,181,185,196,171,227,217,267,208,220,255
"417",194,152,197,339,279,201,234,194,198,184,195,181,255,193,211,268,266,221,234
"418",200,125,180,288,245,218,202,178,223,198,176,189,234,215,190,251,266,180,232
"419",199,158,205,316,247,230,230,174,211,200,190,197,252,206,196,251,263,189,253
"420",229,150,176,232,247,205,198,163,234,172,161,179,147,217,189,233,198,209,266
"421",202,152,209,315,286,235,238,180,273,222,160,203,265,228,209,263,256,196,269
"422",235,146,246,321,299,252,237,184,255,218,175,182,243,216,194,289,268,216,263
"423",181,132,177,294,262,198,215,170,198,176,162,172,232,202,185,256,241,200,243
"424",212,152,186,289,222,192,194,165,194,163,171,155,225,194,205,185,249,199,194
"425",208,148,204,299,250,220,221,201,225,189,186,178,242,213,206,250,260,195,243
"426",174,134,173,277,228,179,182,163,197,172,167,152,216,212,178,187,251,183,169
"427",231,146,186,205,252,164,185,157,218,163,145,190,131,225,212,171,205,243,211
"428",178,138,194,312,241,220,216,204,230,183,177,184,229,220,200,254,249,176,253
"429",225,154,197,218,231,187,204,132,208,169,146,166,143,186,206,179,217,210,219
"430",194,146,219,324,319,249,229,239,262,220,155,192,247,202,164,259,271,196,264
"431",204,150,216,318,295,262,237,193,276,207,182,221,259,224,205,257,291,194,289
"432",216,131,193,335,301,230,231,198,245,212,165,220,230,220,190,243,271,198,248
"433",204,151,193,212,238,197,180,129,222,159,145,185,150,208,209,154,203,177,225
"434",219,151,184,243,242,234,200,147,225,173,148,199,157,207,208,245,222,206,271
"435",216,149,171,230,267,210,196,158,230,190,181,180,155,218,187,222,213,216,261
"436",211,151,181,227,229,219,205,145,238,179,159,178,136,229,209,235,211,228,246
"437",201,157,179,217,233,191,183,134,231,172,150,164,183,209,192,163,179,226,201
"438",261,161,211,312,317,217,229,182,277,234,167,206,259,218,183,258,250,236,261
"439",186,155,173,203,247,173,192,129,223,155,143,166,142,224,186,159,207,219,198
"440",182,140,187,300,219,202,189,169,191,162,154,178,225,184,192,186,243,183,189
"441",198,129,188,283,230,193,201,187,187,179,175,182,235,202,195,176,262,171,189
"442",221,169,228,340,288,238,245,202,252,204,163,210,244,220,198,286,293,205,260
"443",227,154,236,328,312,210,237,197,270,225,170,213,238,238,200,265,291,185,267
"444",217,145,218,328,305,193,234,187,289,230,176,205,254,206,207,239,280,192,263
"445",235,160,240,349,295,240,231,202,250,214,171,218,255,227,202,286,261,207,252
"446",204,139,236,320,322,246,249,208,263,214,185,195,266,219,195,256,291,208,248
"447",197,136,189,307,235,212,207,175,230,182,171,192,236,204,198,260,266,167,241
"448",208,155,224,326,276,212,216,176,253,206,166,201,221,211,204,209,298,213,207
"449",204,159,243,340,290,230,244,191,289,231,167,197,275,238,176,261,292,227,243
"450",170,142,184,297,264,219,214,172,196,190,171,181,243,201,183,255,238,180,238
"451",217,134,202,314,273,225,216,204,237,181,192,208,253,204,202,252,253,206,247
"452",220,149,206,211,219,188,192,132,218,172,153,182,170,209,198,178,219,198,213
"453",182,126,165,294,233,193,208,163,177,169,151,174,215,202,211,189,271,171,194
"454",189,131,174,293,215,195,190,167,193,174,164,184,210,215,190,172,248,206,182
"455",222,151,203,316,290,219,219,166,228,189,152,197,252,213,191,204,269,183,211
"456",183,144,209,309,255,216,226,175,234,184,177,181,228,201,195,264,266,194,240
"457",232,130,179,287,246,194,201,178,183,166,177,173,244,207,196,190,246,182,190
"458",231,153,206,337,317,222,244,186,271,224,178,188,263,219,178,254,253,221,239
"459",195,136,213,313,247,215,215,182,213,178,183,175,243,201,191,268,254,203,254
"460",221,135,173,202,231,178,197,150,246,163,156,186,141,205,216,166,204,196,210
"461",230,167,220,328,293,229,249,199,294,223,196,203,251,230,225,258,265,193,277
"462",194,159,193,318,236,207,201,193,209,201,194,164,258,207,206,240,257,190,244
"463",198,135,156,189,209,203,190,130,228,161,131,172,137,212,187,172,210,215,214
"464",185,158,182,228,257,198,207,161,244,171,156,209,163,216,203,223,212,212,254
"465",188,138,175,295,226,168,197,174,170,176,165,153,222,209,176,179,268,200,197
"466",212,143,205,338,335,232,222,191,275,219,176,193,255,258,169,257,248,235,270
"467",221,148,212,299,267,196,245,186,248,190,144,204,214,193,196,193,282,197,217
"468",183,149,169,274,225,188,183,163,210,168,138,152,214,222,178,180,241,187,194
"469",182,139,181,292,237,208,193,172,185,179,160,156,243,198,168,256,255,178,240
"470",217,145,203,310,300,235,224,176,270,213,172,245,231,202,212,187,276,207,219
"471",217,139,201,296,277,188,207,193,257,198,153,222,237,231,187,170,276,191,212
"472",203,162,194,208,249,203,189,135,248,180,171,186,151,204,195,227,202,214,251
"473",193,127,200,304,264,247,224,168,200,172,170,184,262,235,204,259,249,185,249
"474",228,146,196,308,289,224,218,210,228,207,158,223,250,238,219,187,297,200,207
"475",223,162,174,203,224,208,198,147,229,192,150,190,127,223,203,185,218,220,210
"476",179,129,182,287,238,197,184,170,204,171,158,164,207,190,208,195,248,184,188
"477",205,139,203,320,303,214,234,197,271,228,164,211,237,251,189,247,273,182,260
"478",188,165,203,309,237,224,216,208,205,185,186,212,240,202,205,256,285,198,249
"479",237,167,229,320,311,232,240,212,252,224,183,217,263,220,223,259,298,202,278
"480",184,154,166,221,223,186,175,155,200,168,150,162,163,214,198,162,197,214,180
"481",215,144,198,297,293,212,212,176,252,198,165,186,251,228,192,182,261,217,196
"482",203,158,201,300,299,204,204,186,232,209,169,186,262,208,188,196,286,225,207
"483",226,150,190,239,251,228,204,159,252,171,177,194,165,199,204,237,213,205,272
"484",178,129,186,303,235,235,220,176,223,175,172,173,237,201,187,255,249,183,248
"485",215,133,207,328,297,223,216,191,258,188,161,209,230,225,202,202,285,213,210
"486",205,132,177,210,260,228,187,169,227,176,149,199,163,210,171,227,192,196,254
"487",201,142,216,346,314,199,221,203,284,226,168,198,246,233,216,238,278,196,255
"488",194,130,204,321,310,223,240,203,279,216,175,188,252,225,175,240,273,197,246
"489",208,128,173,288,209,187,191,165,199,155,155,183,233,206,180,174,254,165,202
"490",215,146,204,318,253,221,214,199,215,197,195,172,232,208,193,271,259,183,240
"491",209,141,210,326,319,229,223,164,236,209,153,199,245,228,196,193,295,211,193
"492",224,162,191,228,268,206,197,161,241,184,176,183,158,205,207,265,215,224,267
"493",236,152,202,227,258,225,215,176,240,192,160,181,160,233,216,243,208,221,274
"494",222,148,225,336,304,250,238,206,272,204,167,223,247,243,189,259,270,205,260
"495",215,144,223,320,285,233,242,190,244,221,155,210,289,210,194,266,300,201,275
"496",162,136,177,291,238,194,199,164,214,165,158,153,242,185,201,194,238,194,183
"497",179,148,190,300,236,194,195,172,208,164,166,167,228,229,196,176,257,177,191
"498",204,160,213,336,308,215,246,195,271,230,179,226,264,206,203,255,272,213,242
"499",230,151,212,330,268,229,217,169,272,216,165,235,250,201,182,292,280,220,260
"500",192,153,195,316,242,197,216,188,224,189,182,205,232,191,173,241,254,185,253
"501",235,143,217,339,305,231,238,202,256,233,178,207,262,225,198,264,269,205,259
"502",203,126,202,289,298,208,212,179,238,212,138,191,235,232,195,175,271,184,224
"503",225,143,194,311,286,211,216,182,240,198,142,174,215,210,173,193,279,211,206
"504",195,145,219,319,241,221,206,196,206,181,190,185,249,215,203,254,281,183,246
"505",224,139,210,303,277,215,199,178,252,196,135,205,235,234,204,206,273,213,229
"506",220,149,181,236,223,198,183,140,223,170,150,172,137,219,214,158,223,194,200
"507",224,141,202,317,270,230,229,192,243,210,165,203,227,214,209,192,300,211,213
"508",185,138,177,289,240,184,194,161,202,180,158,151,232,221,182,177,246,198,194
"509",234,168,223,322,307,239,243,217,266,227,186,208,242,228,211,257,274,219,271
"510",215,149,216,316,294,247,231,210,271,215,181,191,269,232,198,237,283,221,251
"511",194,150,188,299,225,188,202,167,208,174,171,162,249,209,190,191,249,193,192
"512",211,134,206,342,309,237,222,204,275,239,149,202,237,248,201,249,264,214,268
"513",207,141,230,331,282,237,222,200,262,219,175,203,241,220,184,246,296,201,249
"514",202,157,223,323,318,223,220,199,259,234,183,210,249,201,205,257,292,202,246
"515",215,151,207,212,263,204,195,150,246,188,153,198,157,206,185,245,194,210,256
"516",177,153,197,282,245,201,209,196,218,196,185,171,229,209,178,253,250,203,250
"517",179,141,183,300,250,191,202,157,185,167,152,186,215,204,189,203,265,197,177
"518",189,141,189,287,219,208,205,170,187,169,171,176,218,224,189,193,254,190,196
"519",228,134,165,231,229,200,190,135,210,168,126,210,147,224,190,182,195,206,210
"520",227,143,219,335,333,271,230,195,265,224,174,216,249,220,203,259,268,201,277
"521",198,134,188,280,227,200,204,187,204,174,156,181,240,189,197,258,256,199,243
"522",197,142,174,226,259,209,196,157,262,173,156,192,135,227,172,221,188,208,236
"523",192,143,243,320,287,222,233,200,256,233,199,189,286,211,185,254,267,225,251
"524",194,145,173,287,231,225,199,175,215,166,147,179,227,209,194,206,240,195,185
"525",178,145,185,298,230,205,203,179,193,170,167,178,223,236,206,202,246,185,202
"526",220,150,217,320,286,218,218,189,231,211,157,188,236,231,205,192,269,206,212
"527",196,136,191,316,236,217,210,194,200,179,181,185,229,215,201,249,248,163,234
"528",231,146,209,321,306,188,207,190,256,203,171,202,255,236,222,189,284,183,219
"529",185,146,190,310,276,199,219,204,239,200,158,179,237,222,195,187,292,220,201
"530",233,156,214,299,276,217,206,190,254,203,156,205,244,205,188,205,304,236,234
"531",179,138,179,293,226,188,196,180,203,173,159,162,230,200,186,183,248,193,183
"532",205,143,206,304,237,205,213,205,229,195,167,173,226,200,175,267,250,200,249
"533",244,144,209,309,265,219,213,193,245,205,159,212,222,207,193,208,301,200,207
"534",211,139,220,331,308,234,230,216,285,231,174,191,272,230,202,248,306,209,271
"535",187,147,172,286,233,179,190,177,205,167,152,142,214,220,181,172,250,203,184
"536",202,148,228,305,300,227,230,190,269,236,194,184,256,213,200,253,286,224,256
"537",207,152,175,202,238,192,196,135,227,157,142,187,149,229,191,170,222,216,210
"538",167,125,174,276,230,212,181,163,193,174,140,174,212,201,165,192,249,179,193
"539",208,152,188,206,232,171,198,148,216,166,149,203,144,235,197,163,218,192,240
"540",197,153,169,199,224,215,180,131,210,161,125,199,150,209,168,170,202,193,224
"541",201,138,186,299,263,198,226,183,225,190,178,173,245,215,184,259,279,199,232
"542",243,133,218,327,281,237,216,200,255,235,158,205,242,222,197,261,281,212,256
"543",190,133,183,309,256,187,207,185,215,197,188,161,231,235,184,238,244,186,231
"544",178,137,184,284,247,192,193,169,202,174,170,170,226,195,212,177,256,194,182
"545",193,134,169,278,240,209,195,174,187,158,150,156,238,202,207,191,256,195,178
"546",187,137,183,300,250,216,196,189,204,178,155,175,240,200,198,267,264,188,242
"547",239,144,228,336,301,245,251,189,281,210,175,222,260,234,199,261,279,202,271
"548",173,136,193,295,259,209,219,183,201,194,166,180,240,208,180,235,247,201,246
"549",233,139,197,316,287,234,230,192,255,213,163,177,219,198,169,241,265,232,258
"550",194,135,185,295,212,196,196,183,197,172,165,161,237,201,188,187,249,204,185
"551",194,145,208,307,272,178,226,195,272,204,154,190,260,233,194,187,262,198,198
"552",202,162,226,318,315,229,230,191,254,240,174,228,264,233,189,257,247,220,249
"553",178,139,190,289,244,204,206,193,220,188,168,173,227,193,169,255,237,177,244
"554",163,151,167,284,234,218,211,193,226,187,183,163,226,196,178,237,239,177,232
"555",208,144,202,303,285,213,224,177,271,211,173,211,245,207,225,166,308,211,228
"556",226,147,174,288,229,197,205,180,201,164,170,179,229,196,207,180,266,187,191
"557",217,135,189,240,247,222,225,183,252,207,147,215,148,247,209,247,200,209,264
"558",238,145,194,248,240,208,199,141,244,180,154,193,142,218,196,233,207,202,270
"559",209,157,208,220,272,203,211,158,243,178,172,194,151,205,223,239,191,207,258
"560",197,155,224,304,309,225,216,186,254,189,151,203,233,219,190,202,277,211,200
"561",227,146,240,320,301,248,220,181,261,201,159,222,248,200,205,256,300,190,270
"562",217,137,252,335,307,222,235,206,286,222,171,217,249,232,202,271,276,206,270
"563",165,128,194,308,252,209,216,176,225,172,178,183,240,204,185,258,264,174,230
"564",210,152,223,309,282,212,230,201,284,234,179,190,259,208,186,262,262,213,269
"565",199,154,223,230,247,211,196,151,211,171,156,193,169,223,194,246,210,193,246
"566",219,142,229,318,293,257,235,190,257,221,170,195,262,240,182,261,267,223,256
"567",201,161,224,216,258,229,188,150,239,189,159,192,168,201,197,270,216,237,245
"568",197,154,194,320,304,215,231,204,280,222,176,197,258,219,187,243,271,207,269
"569",213,146,234,356,302,244,253,199,267,205,182,204,275,225,198,258,286,209,251
"570",205,152,169,222,243,177,187,139,218,167,146,173,136,220,183,164,192,226,197
"571",207,147,194,291,226,223,197,160,206,168,169,164,224,205,190,178,275,191,201
"572",215,165,192,211,230,198,188,133,216,166,149,187,142,211,215,181,227,217,217
"573",191,144,158,206,234,157,189,138,223,160,143,179,138,241,189,160,200,218,197
"574",179,138,167,289,230,186,192,158,206,170,146,162,226,213,166,189,232,184,216
"575",197,153,189,225,252,205,204,156,235,196,167,171,176,229,188,238,206,211,254
"576",185,136,183,211,230,208,199,148,215,165,157,213,154,219,189,221,216,196,260
"577",162,159,175,303,219,179,194,170,201,174,169,152,210,207,190,167,233,191,192
"578",193,148,221,315,296,231,224,199,267,229,182,205,265,221,169,259,271,215,269
"579",202,147,216,331,318,219,224,202,264,215,184,188,253,220,188,234,281,219,255
"580",247,147,195,311,298,203,211,165,230,192,149,182,237,227,196,198,276,233,226
"581",213,165,219,321,332,215,246,204,275,214,171,214,276,233,205,284,303,211,275
"582",222,141,193,202,220,188,191,132,226,157,134,208,138,216,201,174,235,226,213
"583",206,151,242,299,299,255,219,181,233,209,156,202,290,210,205,277,261,197,252
"584",185,144,198,325,262,207,197,169,201,194,168,188,238,216,194,284,268,219,238
"585",217,146,187,204,257,201,189,128,223,161,138,190,132,207,210,177,200,215,205
"586",217,140,180,213,230,201,201,131,217,175,156,182,128,222,197,166,216,185,205
"587",207,154,201,296,295,224,226,173,231,212,148,203,260,203,195,196,280,211,224
"588",231,167,221,310,280,242,211,180,256,208,153,176,259,235,213,199,286,205,214
"589",215,163,225,346,343,221,225,188,268,224,184,207,241,183,195,258,286,210,253
"590",190,136,188,302,249,208,220,183,210,212,165,177,229,213,181,261,257,203,235
"591",175,137,144,188,238,182,171,140,230,167,144,196,121,225,190,143,193,193,215
"592",187,144,226,317,285,236,229,207,255,221,159,210,244,205,184,257,245,190,244
"593",215,169,205,322,314,247,213,195,291,229,153,195,245,215,221,269,271,201,265
"594",181,142,190,290,258,186,205,172,190,171,141,167,227,209,208,196,258,174,200
"595",229,142,183,212,228,182,195,130,207,167,133,191,146,221,204,170,223,208,205
"596",225,143,186,226,244,222,210,171,227,181,151,202,153,231,200,235,217,204,277
"597",230,138,229,324,320,236,239,186,274,221,166,201,286,239,201,280,265,194,265
"598",219,155,171,211,228,200,175,147,227,152,134,209,137,227,207,180,194,216,219
"599",189,136,170,210,233,197,193,164,223,191,148,191,156,216,192,244,201,208,265
"600",240,139,207,325,300,224,219,182,250,196,151,198,233,222,220,187,278,188,232
"601",216,142,171,207,243,224,186,143,229,167,149,173,151,234,209,169,214,217,207
"602",200,157,184,234,256,204,204,145,254,195,171,177,168,210,197,246,197,216,250
"603",211,141,216,326,297,260,234,192,260,214,176,220,225,215,200,263,265,203,262
"604",199,138,185,289,237,184,195,175,203,167,173,184,226,218,203,190,252,180,193
"605",216,156,200,315,292,213,225,176,254,199,177,192,232,208,198,202,281,224,203
"606",238,134,204,223,274,221,214,140,217,188,156,203,172,216,209,246,191,217,256
"607",214,136,216,319,291,254,211,202,280,217,169,219,223,230,204,260,264,191,264
"608",202,142,181,209,229,188,189,149,214,182,145,191,138,224,191,155,211,221,213
"609",218,151,165,207,237,195,202,142,221,157,135,190,143,210,206,179,214,225,205
"610",190,145,183,210,237,182,184,136,235,176,150,173,132,214,203,150,209,217,189
"611",208,131,160,215,229,208,176,135,207,160,132,201,134,222,209,160,232,194,211
"612",195,134,165,228,215,219,204,145,225,185,136,183,149,217,190,224,208,185,257
"613",228,126,226,326,312,234,220,200,251,228,171,199,237,223,209,261,262,195,260
"614",165,149,175,310,221,158,180,186,200,171,163,164,229,210,195,187,238,200,183
"615",189,141,153,213,229,182,196,125,228,171,145,164,150,225,182,157,208,212,186
"616",219,138,232,345,315,223,227,203,263,233,187,204,228,226,214,252,267,239,264
"617",229,138,204,297,261,219,223,184,205,184,163,190,260,205,183,284,256,203,248
"618",189,156,209,314,317,242,229,187,268,229,168,209,253,231,191,251,278,227,243
"619",219,128,162,223,238,214,176,141,235,163,137,203,146,227,211,170,215,197,223
"620",188,145,194,310,247,210,226,175,215,183,182,189,260,221,179,252,257,202,240
"621",205,141,210,299,300,217,221,198,262,205,168,208,223,238,207,195,270,190,204
"622",213,140,221,332,301,223,217,194,264,225,164,193,237,233,185,261,247,204,256
"623",185,146,203,324,277,206,211,198,267,228,176,211,239,214,164,258,286,201,253
"624",215,156,201,331,315,232,226,200,277,220,178,210,257,207,185,249,270,222,245
"625",210,163,229,336,284,222,245,188,270,222,196,210,246,212,207,254,266,213,271
"626",215,154,204,329,295,229,238,172,240,205,161,216,239,221,207,217,294,228,219
"627",225,147,202,235,270,204,221,136,244,189,146,196,153,202,202,262,194,201,242
"628",183,146,170,210,248,210,195,138,243,186,148,179,142,216,205,227,214,197,243
"629",160,144,190,300,246,196,192,191,223,185,179,173,239,207,175,260,245,213,226
"630",225,158,223,341,325,226,234,194,272,210,186,218,252,226,215,261,290,207,261
"631",231,144,200,307,286,229,226,215,267,210,158,225,253,216,176,254,294,218,258
"632",193,153,186,287,226,184,194,156,198,162,170,177,222,194,197,194,249,198,198
"633",174,131,177,294,243,217,222,177,206,173,168,197,229,209,185,244,231,179,208
"634",227,137,225,325,315,247,237,199,274,214,167,214,255,228,200,257,283,216,268
"635",188,146,186,206,254,181,182,144,232,166,146,199,119,222,194,153,199,215,210
"636",195,139,164,291,233,211,186,182,172,172,152,171,208,201,186,175,239,168,201
"637",203,161,207,304,243,210,218,189,208,197,187,174,239,217,187,275,246,212,236
"638",219,152,201,233,255,228,215,155,246,171,156,199,164,222,186,261,217,226,264
"639",206,147,190,232,251,196,208,157,230,186,162,210,185,210,194,239,205,224,257
"640",230,147,227,339,300,238,233,191,279,227,190,193,247,233,222,250,279,205,266
"641",188,134,171,294,232,245,219,176,214,184,180,148,228,199,182,260,244,199,226
"642",224,149,208,330,286,230,205,165,264,195,155,240,240,223,195,188,261,211,209
"643",216,145,196,304,298,208,204,188,240,207,165,201,232,215,210,181,265,239,223
"644",201,159,209,331,316,240,232,191,241,231,174,198,262,201,202,271,265,203,267
"645",221,141,228,330,305,262,236,202,279,239,173,190,244,215,201,268,294,211,272
"646",225,142,227,330,293,223,220,202,278,229,176,219,269,232,207,263,275,211,257
"647",199,142,164,321,276,186,210,182,250,217,155,196,220,236,192,196,285,196,223
"648",219,164,221,315,262,207,217,187,230,209,165,182,249,230,218,191,280,200,212
"649",195,156,180,219,238,173,195,157,210,182,167,180,151,228,190,243,198,247,237
"650",240,163,224,332,314,231,224,190,254,209,155,206,240,201,210,275,306,208,275
"651",225,148,185,224,249,194,206,163,248,180,165,191,175,229,195,247,211,237,262
"652",184,124,193,304,250,214,204,207,243,202,180,171,234,225,179,237,246,184,226
"653",179,141,191,306,246,223,217,179,219,201,162,169,237,198,176,241,242,197,218
"654",215,143,221,322,320,235,218,190,266,219,145,198,249,232,192,270,272,209,259
"655",204,137,183,228,248,223,189,157,223,172,149,192,155,221,211,232,216,213,266
"656",181,144,213,317,304,212,230,197,259,206,177,191,237,226,193,257,252,206,263
"657",216,135,163,187,233,214,178,128,208,166,135,198,136,211,200,165,186,191,218
"658",224,145,208,321,300,232,253,181,254,228,166,227,255,244,196,266,303,205,262
"659",237,155,196,314,275,184,225,172,234,193,181,194,266,204,196,202,267,213,212
"660",160,138,168,269,240,181,193,181,197,182,162,161,211,208,178,171,252,187,166
"661",236,151,185,201,220,190,189,136,204,169,151,179,134,218,217,150,230,202,211
"662",201,154,234,312,297,235,225,192,287,219,173,213,251,230,213,264,271,212,252
"663",183,147,202,300,232,197,197,187,208,174,170,170,232,216,201,199,265,212,196
"664",206,153,216,314,295,223,200,165,242,191,138,197,233,217,193,206,256,207,220
"665",174,122,182,299,239,218,209,184,202,172,158,184,245,200,170,254,253,189,224
"666",203,141,222,333,303,245,215,195,269,228,150,198,264,229,182,258,271,189,245
"667",194,133,168,278,228,182,175,170,196,165,145,189,229,200,206,182,262,179,190
"668",201,129,184,320,243,229,224,207,237,185,178,182,239,208,187,252,243,176,251
"669",199,127,195,294,238,211,218,182,228,192,175,166,233,205,198,266,251,169,239
"670",217,175,234,332,280,195,218,180,254,200,164,204,261,222,198,195,292,222,213
"671",214,153,198,306,250,197,210,186,223,184,188,208,255,212,193,258,261,207,245
"672",239,133,179,237,238,202,202,144,226,162,157,174,142,244,210,164,201,206,211
"673",196,144,203,300,239,212,224,188,217,202,195,163,262,197,196,261,260,177,248
"674",205,138,199,309,293,228,225,209,278,201,182,214,258,211,193,246,277,202,246
"675",233,159,223,314,272,205,227,178,258,220,172,204,269,215,209,195,297,224,214
"676",222,131,228,332,316,243,236,197,249,193,159,207,252,223,202,271,297,200,267
"677",202,154,218,330,318,233,241,199,266,202,179,198,264,222,186,255,291,224,250
"678",165,122,191,316,236,202,201,186,200,187,198,176,247,199,186,229,258,182,226
"679",216,140,221,323,290,223,239,179,257,244,177,215,279,253,179,235,251,228,279
"680",190,141,198,325,262,198,213,193,216,193,195,168,248,201,176,261,262,209,238
"681",218,146,204,222,235,218,206,150,247,173,162,209,166,216,211,234,204,234,256
"682",176,141,176,302,221,186,187,167,187,170,163,158,211,202,171,187,228,221,172
"683",226,155,236,338,322,221,233,193,260,235,181,209,250,229,205,279,293,219,266
"684",193,140,199,325,237,210,200,195,218,198,173,166,226,200,187,234,254,200,219
"685",218,141,223,337,311,235,238,196,257,222,164,218,252,226,198,234,260,197,252
"686",223,152,245,321,289,246,225,180,267,228,162,192,238,231,206,273,289,220,266
"687",222,154,246,333,303,219,236,205,290,235,183,198,279,223,219,255,270,205,271
"688",191,129,180,276,225,203,218,169,210,165,149,165,243,191,185,188,234,174,186
"689",231,177,211,325,297,246,233,199,261,231,167,214,298,219,193,266,274,205,267
"690",215,152,225,326,301,195,218,181,262,205,146,213,231,225,205,176,260,210,217
"691",214,143,173,201,242,209,184,147,202,164,137,191,146,218,197,169,199,205,226
"692",218,160,213,341,277,224,212,180,254,210,165,198,253,226,197,206,286,217,212
"693",213,143,218,289,289,215,212,175,232,200,157,218,234,204,213,196,264,206,223
"694",212,156,218,312,261,214,212,184,225,177,180,189,251,213,196,270,269,213,246
"695",190,142,198,310,221,215,220,210,215,182,171,167,259,219,190,256,264,186,249
"696",215,145,194,322,288,204,211,181,269,218,160,184,259,209,199,191,288,200,220
"697",217,138,243,337,284,227,227,205,265,230,190,184,233,202,209,269,273,182,272
"698",229,144,197,220,219,204,192,140,210,167,150,195,144,219,208,180,212,213,210
"699",224,138,187,212,263,227,210,156,224,159,156,201,177,193,205,233,204,203,258
"700",234,150,202,297,314,199,215,169,240,196,162,191,250,191,206,198,299,204,223
"701",187,144,212,323,298,217,216,214,303,230,176,186,258,229,198,260,310,212,275
"702",193,133,179,278,217,185,199,166,199,175,172,139,214,207,180,181,247,190,205
"703",203,152,171,188,235,182,182,130,218,159,151,172,136,219,188,155,207,204,205
"704",192,150,208,335,339,221,231,197,238,255,188,203,227,201,192,260,309,223,249
"705",211,125,211,322,255,242,222,188,234,193,164,192,252,213,178,268,245,201,248
"706",178,123,186,290,253,214,208,210,241,185,172,160,261,217,195,237,258,178,246
"707",212,148,167,216,237,197,185,141,213,150,139,188,150,195,208,170,199,191,225
"708",190,144,199,297,263,193,201,185,256,201,134,190,238,221,172,176,245,203,204
"709",201,140,193,218,256,228,186,157,245,212,190,184,166,209,205,227,205,190,260
"710",193,141,175,311,267,193,227,175,254,206,157,187,263,238,176,174,267,214,221
"711",218,159,228,317,282,246,224,177,271,227,194,187,246,219,203,275,285,221,241
"712",212,154,210,313,302,215,229,184,256,209,179,215,270,217,178,228,276,206,256
"713",235,148,223,325,262,212,218,190,250,214,171,192,229,216,221,198,273,196,223
"714",199,154,196,218,249,176,180,130,225,137,132,209,133,193,221,181,192,200,221
"715",210,164,223,347,338,224,228,196,294,218,196,238,271,210,203,260,297,210,255
"716",245,151,190,222,264,211,209,158,238,184,153,206,154,231,200,241,228,189,275
"717",164,135,189,302,232,192,208,193,219,202,181,167,229,227,180,242,248,202,225
"718",239,155,210,235,251,228,203,171,262,185,173,181,172,214,199,261,226,256,254
"719",231,155,221,324,290,231,221,185,261,211,167,205,276,209,206,252,265,199,247
"720",222,151,219,335,265,235,223,189,245,206,165,192,234,252,203,191,290,192,220
"721",215,149,227,332,314,246,239,201,256,222,181,220,273,216,178,246,295,199,268
"722",199,136,206,340,322,234,220,182,282,220,162,247,258,214,185,232,279,203,249
"723",238,130,195,318,290,218,225,175,223,213,158,196,246,220,191,199,299,179,212
"724",233,143,213,318,311,212,230,167,219,194,152,204,234,261,205,177,252,197,229
"725",183,137,174,288,228,182,193,165,196,178,165,164,237,208,199,184,247,202,178
"726",177,162,209,311,237,206,218,183,229,183,177,172,254,209,172,258,260,194,219
"727",172,156,179,214,245,207,193,148,222,173,143,170,132,230,201,158,213,225,196
"728",228,151,205,330,291,244,227,185,260,220,161,227,263,240,205,264,286,224,273
"729",226,151,202,218,223,176,193,138,220,174,143,180,132,214,212,178,186,242,217
"730",219,142,183,231,245,209,190,147,237,149,146,180,145,215,206,160,213,191,214
"731",184,158,159,214,264,179,181,136,224,179,148,160,156,201,200,168,192,219,211
"732",208,153,230,335,306,250,239,191,285,209,173,214,261,220,209,263,277,197,267
"733",199,152,224,306,303,206,232,206,253,230,178,194,264,231,188,255,280,210,256
"734",227,161,212,315,275,204,230,172,239,205,177,214,247,230,206,186,286,185,202
"735",230,143,210,311,271,228,230,176,257,209,170,198,254,224,207,182,285,195,217
"736",201,141,201,328,294,209,227,206,263,217,201,205,238,230,172,255,281,220,258
"737",218,139,210,322,299,236,229,177,248,223,171,188,257,231,214,270,291,193,264
"738",216,154,186,219,246,199,184,136,234,178,149,173,149,232,217,173,190,219,215
"739",210,136,223,319,319,250,233,196,260,225,155,213,261,228,209,244,285,203,268
"740",228,160,225,312,302,252,214,206,254,231,179,199,262,231,216,249,274,209,277
"741",206,147,227,323,267,223,220,193,236,193,158,203,244,215,199,192,276,201,228
"742",187,140,184,240,242,206,201,153,238,185,173,181,142,223,203,227,208,217,251
"743",203,166,178,199,227,183,193,148,232,156,147,180,147,221,208,168,212,218,211
"744",220,152,230,311,302,193,225,178,240,216,167,193,248,213,180,185,272,199,219
"745",216,159,205,308,297,213,225,192,263,221,148,191,232,241,196,191,274,218,192
"746",168,133,171,307,262,216,197,174,212,191,161,169,216,199,175,252,230,190,227
"747",214,134,199,323,239,207,217,180,207,176,153,185,245,206,198,278,252,194,230
"748",214,157,199,236,226,191,212,166,247,178,142,218,174,207,209,245,196,191,280
"749",227,154,242,329,306,233,243,212,252,211,189,170,253,224,201,269,297,199,283
"750",216,141,217,317,271,197,225,193,238,211,170,183,238,214,203,191,284,210,215
"751",217,159,205,310,268,203,217,167,264,220,163,196,262,210,178,184,275,224,204
"752",190,160,192,314,304,230,224,191,263,221,153,219,241,234,174,270,252,220,254
"753",194,129,198,287,223,196,199,178,205,171,159,172,222,200,203,194,270,221,197
"754",194,149,197,229,253,194,213,155,246,179,157,213,139,218,205,236,199,242,278
"755",214,140,192,342,248,218,220,187,205,186,180,169,242,190,215,253,263,207,241
"756",186,146,182,280,246,165,192,161,218,169,162,158,232,205,193,174,261,168,196
"757",222,152,238,346,301,220,245,187,280,220,184,204,275,221,205,259,269,220,257
"758",203,155,194,214,256,201,196,165,246,200,156,169,142,207,189,234,196,240,244
"759",200,160,174,217,273,209,197,141,228,171,155,204,148,221,190,237,191,196,249
"760",212,134,176,228,228,202,192,131,226,155,152,181,153,217,204,163,215,199,209
"761",188,144,199,296,248,248,219,182,199,179,173,170,246,195,188,264,252,173,244
"762",213,155,207,317,292,203,217,177,251,212,151,199,250,241,191,188,296,211,215
"763",203,134,176,296,256,197,202,164,178,158,184,160,221,204,202,185,265,162,201
"764",219,141,188,214,251,183,184,148,215,165,153,175,135,208,197,163,206,197,212
"765",195,124,196,301,239,220,218,187,212,189,174,189,258,215,209,250,271,187,244
"766",231,161,237,302,307,213,220,182,233,203,170,212,246,196,204,203,279,208,222
"767",209,135,194,224,241,204,208,170,222,188,162,204,163,241,191,229,218,212,251
"768",240,156,227,325,296,219,216,230,267,220,194,218,268,210,205,273,279,204,266
"769",214,139,221,340,297,236,228,208,264,226,172,225,261,215,207,264,300,205,255
"770",197,158,211,312,297,201,204,167,240,219,147,193,220,224,188,192,255,212,223
"771",245,151,225,331,291,236,238,190,276,227,183,196,237,210,201,266,306,195,270
"772",192,136,183,289,217,194,189,173,209,168,157,168,226,204,186,195,276,202,198
"773",211,130,229,338,285,231,236,204,253,221,167,219,271,231,200,267,273,190,263
"774",228,151,190,215,226,177,187,151,211,157,151,175,157,210,209,171,197,215,201
"775",179,130,191,284,243,218,183,156,216,175,154,177,220,197,194,202,242,189,189
"776",199,122,182,292,248,209,196,165,198,159,153,173,223,196,191,181,255,172,204
"777",216,145,182,222,252,207,195,164,229,169,155,181,135,214,219,162,206,216,207
"778",220,149,197,244,235,202,210,166,242,187,142,210,181,230,195,252,221,210,273
"779",225,135,179,210,251,188,183,117,200,159,137,200,134,202,201,182,210,208,214
"780",213,150,203,305,303,227,220,187,256,191,165,206,245,218,195,203,285,209,212
"781",173,138,188,298,272,208,215,191,202,200,176,165,242,214,179,255,246,205,231
"782",217,163,199,310,292,214,213,174,243,201,163,182,222,220,208,206,272,208,231
"783",213,143,238,315,290,235,226,200,269,205,159,189,248,223,189,256,271,212,264
"784",192,154,196,304,318,194,220,174,247,203,171,186,224,212,191,185,272,196,213
"785",225,163,223,291,288,206,228,168,239,192,140,202,240,217,196,207,259,216,212
"786",223,144,223,329,313,258,237,188,260,209,151,211,256,223,184,261,308,187,260
"787",210,141,208,305,247,233,221,184,197,180,169,181,232,208,201,271,273,216,251
"788",206,151,236,320,311,234,233,195,273,206,162,202,259,227,189,278,289,206,262
"789",201,146,179,297,326,239,222,198,261,213,156,227,253,217,190,241,241,196,267
"790",212,132,201,215,241,242,188,161,238,165,155,211,113,210,206,237,204,207,278
"791",202,141,158,189,218,193,174,152,205,159,130,177,132,206,192,164,183,200,200
"792",205,148,182,202,219,210,179,134,213,165,135,191,134,227,198,164,198,221,224
"793",204,154,199,321,261,189,215,189,226,186,191,171,242,184,199,265,280,198,240
"794",208,153,217,336,296,225,220,181,256,230,191,207,251,236,191,244,290,200,267
"795",218,160,235,337,298,243,240,203,248,212,196,224,267,196,199,276,305,217,275
"796",196,140,203,312,257,220,210,188,226,184,183,181,249,217,192,270,268,188,247
"797",214,160,234,342,281,221,244,204,259,225,183,229,238,213,208,281,303,231,280
"798",180,138,151,289,227,184,190,163,186,171,147,155,213,233,163,176,246,202,192
"799",218,143,205,317,278,203,206,178,238,212,162,198,222,215,180,180,300,208,215
"800",195,152,205,291,260,210,206,187,219,181,190,156,260,198,187,253,277,180,249
"801",199,147,176,302,250,199,193,188,202,168,164,160,230,191,200,188,250,198,173
"802",195,125,167,194,246,187,168,141,208,159,134,177,153,225,174,159,206,206,214
"803",248,155,220,324,290,221,209,168,245,214,167,199,232,211,199,203,284,228,220
"804",242,161,218,327,269,212,220,171,245,205,164,212,247,221,210,190,275,220,219
"805",211,137,158,226,227,191,166,133,214,160,132,188,153,223,178,170,209,200,211
"806",202,147,192,218,239,198,184,148,239,184,152,187,147,211,180,242,196,187,254
"807",232,157,200,301,284,187,214,167,232,205,157,189,259,243,201,209,261,211,220
"808",188,134,231,308,267,234,225,195,270,235,161,186,235,246,181,241,275,203,252
"809",175,135,187,301,242,215,219,187,199,191,144,166,248,198,169,250,241,191,225
"810",178,132,182,301,244,200,208,171,198,181,174,190,225,205,182,259,253,198,238
"811",230,147,209,245,240,215,201,152,251,183,165,205,180,224,212,242,205,216,241
"812",186,132,188,290,234,233,208,175,223,172,182,204,227,216,199,241,263,184,232
"813",219,160,238,330,329,248,240,201,263,217,179,222,260,217,206,257,285,212,267
"814",186,151,191,229,234,201,214,173,245,179,158,177,151,228,191,232,206,212,260
"815",195,141,169,223,225,227,199,161,209,192,138,186,145,219,182,221,192,191,251
"816",198,139,205,306,236,206,209,191,225,194,195,163,241,199,189,254,254,219,223
"817",205,159,187,304,304,174,207,179,249,206,161,186,242,213,191,182,275,200,223
"818",237,141,234,343,272,231,217,165,257,200,177,201,253,215,222,178,275,192,216
"819",215,139,173,302,287,225,198,183,246,206,146,197,227,221,188,192,269,188,204
"820",203,121,191,324,304,231,232,196,282,233,168,193,242,233,172,243,261,199,264
"821",201,134,172,293,243,204,200,168,206,187,169,170,235,214,190,186,255,193,192
"822",214,152,197,232,247,212,192,143,209,168,149,194,128,226,209,172,207,214,216
"823",231,148,196,349,282,239,242,207,257,239,190,202,274,203,219,256,305,219,268
"824",212,170,191,293,284,192,208,175,243,210,154,182,239,215,201,179,265,208,218
"825",178,130,174,286,239,235,216,187,229,190,167,178,233,208,176,248,243,181,237
"826",220,153,209,326,298,207,228,178,236,218,167,196,237,196,212,194,301,212,215
"827",223,141,207,316,300,216,226,184,248,203,170,190,226,220,206,186,300,221,220
"828",240,152,246,341,336,256,234,209,273,230,190,229,264,209,207,259,301,199,273
"829",228,147,217,307,276,215,220,175,245,214,171,210,228,235,195,190,285,201,217
"830",232,143,213,304,274,224,214,180,234,205,159,197,240,212,200,177,282,189,216
"831",208,156,186,226,256,209,208,164,226,180,164,180,180,228,199,216,223,212,253
"832",203,141,194,213,231,219,202,148,220,168,138,204,154,221,199,246,201,215,251
"833",232,158,208,319,322,233,214,194,269,226,187,204,259,224,198,231,275,181,256
"834",180,139,192,314,264,213,207,193,204,210,152,159,232,205,166,250,255,195,237
"835",193,132,194,309,238,263,219,205,212,195,168,184,244,210,209,261,254,181,258
"836",217,152,210,311,272,224,217,174,249,189,145,212,239,230,209,191,273,195,219
"837",193,137,165,212,241,218,190,151,230,162,146,207,136,211,182,256,191,208,243
"838",203,137,176,332,285,188,211,185,260,202,158,197,244,230,192,169,279,215,209
"839",229,151,231,323,322,231,243,190,269,244,187,215,262,228,198,267,282,230,268
"840",229,136,226,326,315,244,224,197,263,216,172,212,275,218,208,260,290,212,286
"841",234,151,229,318,332,232,232,200,278,232,184,243,252,216,215,260,294,225,255
"842",230,168,191,210,230,185,195,151,231,155,146,189,129,207,195,175,211,211,203
"843",199,151,202,319,298,233,217,200,261,216,158,232,272,210,187,256,277,178,263
"844",214,148,186,228,266,222,180,123,207,175,125,191,171,232,212,193,221,217,213
"845",198,142,188,296,232,211,203,182,222,198,183,160,243,216,175,258,249,197,236
"846",201,129,203,325,246,213,202,176,211,181,168,173,242,196,197,282,238,210,235
"847",194,156,183,298,294,213,206,174,252,208,172,198,227,202,191,186,265,218,190
"848",219,148,184,239,253,238,205,149,237,179,153,209,153,193,202,234,206,212,250
"849",203,120,206,310,248,234,207,184,218,183,168,181,244,204,196,250,255,197,245
"850",193,143,203,319,322,226,228,186,257,221,174,205,260,243,176,273,275,181,259
"851",230,152,195,247,249,229,224,169,250,196,169,227,153,220,202,258,208,217,267
"852",215,147,214,313,289,210,239,195,261,240,185,202,240,189,185,253,279,211,266
"853",204,153,223,309,294,244,223,207,252,222,141,205,257,229,182,259,266,222,254
"854",197,150,209,308,254,212,210,189,213,173,196,201,243,231,203,262,251,190,239
"855",231,160,227,332,301,230,245,211,275,219,189,212,255,210,213,263,294,222,268
"856",206,129,210,327,298,229,225,190,253,214,171,214,250,201,203,252,259,190,266
"857",219,151,209,317,285,262,242,181,256,220,155,200,251,236,184,267,264,219,260
"858",230,172,222,312,272,220,229,189,239,200,166,224,221,225,214,196,283,209,209
"859",199,139,180,243,243,205,191,155,239,171,138,208,165,236,183,244,192,209,257
"860",195,137,190,285,235,235,211,185,214,192,159,190,239,186,197,270,264,193,224
"861",164,133,184,297,229,190,201,197,215,193,157,170,221,191,174,247,257,188,237
"862",206,146,197,317,312,248,223,180,258,235,140,187,242,241,183,267,273,209,258
"863",198,164,193,304,303,196,225,184,257,232,152,213,252,212,182,251,269,214,250
"864",189,142,185,221,265,216,192,168,228,174,147,189,133,220,201,244,193,216,255
"865",188,129,165,226,259,200,204,154,228,194,173,177,184,204,189,222,189,230,239
"866",188,143,161,200,239,224,207,147,247,195,149,197,150,211,189,242,190,222,254
"867",199,164,208,338,299,207,227,198,271,214,190,201,270,217,194,268,276,222,285
"868",230,152,222,338,324,211,234,193,260,207,174,195,258,197,213,282,301,204,254
"869",204,133,228,332,294,250,221,212,271,215,156,200,236,220,196,242,269,190,269
"870",215,157,237,320,287,244,243,191,285,223,194,189,278,225,202,255,319,206,275
"871",196,145,199,298,249,181,212,164,187,173,166,186,236,195,191,208,261,187,206
"872",210,153,225,330,295,246,231,203,253,217,189,208,274,218,202,260,276,195,275
"873",213,156,214,317,288,239,221,174,256,214,156,201,274,239,186,258,279,225,265
"874",210,152,196,315,285,208,199,172,249,204,153,169,234,227,192,167,276,191,217
"875",195,149,178,234,255,205,208,154,246,183,164,193,186,218,184,241,188,226,240
"876",225,150,225,329,297,202,215,174,256,207,160,194,256,233,197,196,282,219,206
"877",231,176,223,358,318,220,221,192,264,229,173,205,281,220,185,267,269,231,263
"878",199,147,194,323,260,216,221,185,205,178,185,184,248,201,200,266,268,201,246
"879",219,144,196,287,225,180,204,166,194,161,165,157,218,204,205,202,255,194,179
"880",181,150,204,304,238,205,220,180,217,206,177,165,241,216,191,248,252,210,229
"881",218,168,208,226,216,169,183,141,227,165,143,194,146,214,227,187,225,215,210
"882",217,134,180,203,223,204,183,133,233,152,119,192,150,213,212,192,205,199,215
"883",232,163,212,339,306,244,228,199,272,239,175,189,265,203,220,269,259,202,278
"884",219,145,221,313,298,233,221,189,249,218,155,201,247,231,183,263,259,201,260
"885",205,150,213,226,240,215,218,159,251,178,174,183,171,218,211,233,211,213,261
"886",235,181,199,242,284,202,207,168,247,172,168,180,180,224,209,246,213,239,261
"887",206,145,201,225,268,185,218,148,234,203,161,179,149,208,188,230,207,237,240
"888",246,167,228,328,272,242,241,197,246,215,172,186,247,233,204,261,273,212,256
"889",248,147,238,329,308,237,224,214,255,213,182,214,239,201,213,262,295,209,272
"890",215,130,184,293,223,195,202,177,187,170,176,175,214,208,186,180,268,186,193
"891",224,142,207,303,312,228,213,179,243,218,162,191,218,212,209,186,284,192,207
"892",224,152,226,310,289,188,215,181,269,220,173,203,240,214,199,200,291,198,237
"893",224,144,232,303,276,226,227,168,242,214,155,206,256,221,211,195,282,209,215
"894",241,146,229,319,328,215,231,191,294,227,186,183,263,210,196,240,269,197,260
"895",201,136,221,320,307,218,232,206,267,243,178,229,242,215,188,245,300,205,256
"896",258,143,208,309,284,211,222,177,249,207,141,214,234,247,196,191,289,194,242
"897",222,144,190,206,239,203,185,155,214,171,149,188,144,205,208,177,224,219,227
"898",194,143,193,298,260,212,193,193,212,193,178,153,245,191,188,260,249,181,245
"899",209,132,190,302,298,190,209,180,241,198,141,184,268,221,196,178,289,199,222
"900",234,138,175,308,270,221,205,182,245,189,131,177,232,217,190,174,255,201,220
"901",171,124,165,277,229,202,184,157,211,175,150,154,231,211,156,181,238,194,172
"902",220,138,170,226,254,208,181,154,230,181,139,194,155,223,191,224,199,209,259
"903",199,150,192,243,247,191,205,149,251,196,164,192,164,209,202,236,209,215,244
"904",188,142,213,316,293,222,219,191,236,223,175,205,247,206,188,265,262,220,249
"905",186,135,159,296,247,209,205,194,214,185,157,177,258,211,164,238,240,179,247
"906",223,148,218,230,262,207,207,190,246,175,171,202,178,220,212,230,212,223,270
"907",210,133,180,284,242,172,188,165,179,152,158,171,235,192,211,200,252,188,204
"908",187,164,169,210,206,154,181,134,202,165,144,165,140,211,185,165,188,208,199
"909",205,157,227,318,295,251,233,215,262,225,190,197,243,210,186,264,292,214,248
"910",189,136,185,213,233,191,203,146,263,165,147,180,165,224,193,242,198,217,257
"911",206,155,201,244,259,214,216,157,245,177,163,207,180,225,200,247,241,219,257
"912",192,145,180,311,294,191,211,172,230,210,152,182,227,235,198,171,268,227,220
"913",191,144,173,222,247,218,186,169,245,187,161,193,179,220,198,230,209,219,267
"914",209,135,162,236,223,171,179,133,229,158,154,188,129,222,210,144,198,203,202
"915",204,146,180,228,219,203,185,141,210,157,139,201,130,233,205,173,209,202,225
"916",242,155,185,224,277,188,194,156,208,181,161,179,149,212,209,186,202,219,215
"917",239,139,233,307,300,247,231,220,256,207,162,212,256,232,193,267,279,212,253
"918",213,162,207,219,262,207,207,155,238,173,169,203,159,221,209,249,210,209,268
"919",200,136,185,303,237,203,196,182,208,173,168,173,233,200,209,181,254,184,200
"920",228,150,192,308,275,214,202,174,249,219,155,173,252,198,179,181,256,230,210
"921",182,141,202,306,249,226,206,177,214,177,173,171,250,197,177,282,258,179,230
"922",197,154,201,223,233,206,195,162,249,186,159,191,155,216,198,236,199,199,251
"923",249,143,192,297,276,234,210,185,243,187,155,200,253,219,213,189,276,216,213
"924",206,147,202,313,238,225,217,191,219,201,188,184,228,200,200,247,252,183,229
"925",227,159,214,312,282,203,217,171,241,191,150,199,254,225,194,203,275,201,211
"926",209,154,178,209,260,205,202,153,242,179,153,197,150,212,202,243,202,207,252
"927",217,153,225,318,294,233,226,203,260,240,174,186,258,224,193,254,262,219,257
"928",220,133,197,311,272,216,218,175,247,200,162,187,249,240,184,161,265,175,212
"929",238,148,229,321,305,241,245,215,253,229,155,204,245,260,183,278,264,211,262
"930",220,148,227,311,285,209,211,165,263,196,153,205,226,228,205,200,299,192,221
"931",216,122,171,222,249,205,188,142,208,160,125,179,122,226,200,178,207,202,213
"932",236,143,210,306,273,220,229,187,248,211,178,191,248,204,226,178,281,199,229
"933",189,139,163,290,229,178,198,168,214,168,162,150,212,219,180,165,257,216,197
"934",205,151,190,313,299,222,249,196,259,235,179,199,264,206,210,238,278,195,267
"935",236,150,222,318,311,246,237,195,271,221,167,206,250,214,210,258,296,189,255
"936",208,161,181,232,283,197,205,156,246,198,165,193,161,215,209,245,202,238,252
"937",205,139,192,277,279,204,200,158,238,198,134,202,239,247,199,189,263,196,227
"938",201,143,185,211,258,239,200,153,241,160,139,205,156,235,186,245,200,204,269
"939",200,167,189,309,244,183,208,152,193,180,162,171,212,184,205,203,256,199,198
"940",176,142,173,282,224,200,188,170,179,175,159,153,221,207,186,193,260,193,200
"941",202,130,181,289,221,173,193,186,209,158,175,189,228,202,195,185,266,184,195
"942",209,149,175,209,248,180,180,138,211,171,150,168,137,231,220,171,208,227,212
"943",217,146,219,315,275,223,213,177,250,208,169,201,233,230,199,182,294,204,229
"944",205,147,207,320,283,220,228,208,282,217,195,217,267,210,192,248,274,200,259
"945",180,133,187,335,246,216,199,182,226,196,164,176,235,201,189,256,254,192,226
"946",184,129,170,287,232,212,200,181,211,177,164,169,243,200,187,240,253,175,236
"947",207,146,182,220,230,199,185,134,209,159,128,187,146,216,199,177,236,206,219
"948",238,126,212,314,302,255,230,194,264,201,154,231,265,249,210,261,250,208,261
"949",218,162,218,241,249,193,221,159,230,177,168,203,172,218,210,239,223,214,265
"950",191,152,215,323,298,229,222,198,272,237,201,208,252,211,185,262,265,232,255
"951",187,158,179,287,234,173,195,157,188,163,149,154,222,209,193,206,252,188,192
"952",232,161,227,341,327,245,232,210,273,219,176,237,236,227,215,254,287,227,268
"953",207,151,217,320,315,232,236,205,270,225,184,213,225,205,193,242,274,208,258
"954",248,152,198,217,258,197,193,144,199,159,150,171,131,200,210,167,192,198,201
"955",219,133,173,206,231,206,186,144,216,160,134,205,159,230,196,176,201,205,220
"956",244,132,204,203,256,214,199,152,241,170,149,198,167,243,218,236,210,221,278
"957",225,146,184,229,217,211,202,169,238,180,147,221,171,217,200,238,225,198,263
"958",198,135,189,296,248,240,216,178,232,188,163,181,253,236,191,249,265,167,237
"959",199,157,197,328,241,210,201,211,216,185,168,165,242,200,194,274,251,200,241
"960",164,148,208,300,245,190,215,191,228,198,183,176,232,205,176,269,261,205,240
"961",222,138,177,318,236,245,195,199,219,172,177,182,224,196,197,261,243,172,242
"962",217,152,213,315,303,241,225,202,262,228,181,199,237,213,189,239,267,223,246
"963",224,155,196,230,266,241,207,154,237,186,143,210,145,218,193,236,190,219,262
"964",213,165,194,201,252,203,183,147,203,162,147,193,126,200,221,180,208,213,212
"965",224,157,214,228,261,243,227,146,243,173,160,199,162,225,227,258,205,224,254
"966",212,178,223,319,291,216,221,180,249,204,169,183,248,200,215,206,298,212,217
"967",204,145,207,314,303,226,231,202,266,225,173,180,257,202,179,266,271,217,267
"968",200,116,189,281,225,212,203,176,188,165,146,168,218,209,198,172,256,170,202
"969",233,143,185,310,273,193,206,181,233,219,164,191,251,213,187,193,260,217,199
"970",226,139,233,326,276,228,234,186,249,210,174,215,231,220,203,180,306,205,209
"971",200,140,202,300,293,230,221,184,255,227,143,221,241,227,190,258,279,229,263
"972",179,141,213,328,297,221,233,219,266,205,160,195,258,224,194,254,286,212,261
"973",234,149,166,224,231,201,187,141,216,166,154,179,151,228,218,159,195,219,208
"974",225,140,229,310,290,214,216,181,257,215,172,192,260,204,202,186,282,212,204
"975",210,139,202,314,316,238,229,210,250,233,153,200,233,230,204,256,279,216,260
"976",237,150,230,330,290,201,235,177,250,219,168,219,246,227,209,196,274,201,220
"977",219,149,190,324,267,225,210,172,259,196,156,218,228,208,219,187,279,186,218
"978",179,162,198,305,230,202,207,190,211,194,182,148,254,201,189,246,242,204,239
"979",189,138,166,282,231,175,189,173,201,174,160,149,225,213,178,184,250,188,176
"980",260,138,236,333,295,237,222,183,250,228,175,212,261,246,177,262,273,208,260
"981",200,151,181,213,229,220,192,164,224,182,138,197,163,212,186,240,180,202,247
"982",207,157,201,319,270,190,236,179,258,205,158,191,233,199,201,196,281,232,229
"983",185,142,180,304,215,204,189,167,186,156,152,176,211,209,208,202,251,191,206
"984",192,140,176,214,241,207,201,175,237,183,176,193,147,217,176,216,201,208,260
"985",184,144,195,325,288,231,212,200,250,213,153,210,258,234,185,260,273,216,264
"986",199,141,231,327,279,218,254,195,277,211,182,179,254,226,195,237,280,204,275
"987",205,149,163,192,228,173,185,137,227,164,148,189,143,215,196,176,187,216,207
"988",219,148,214,330,290,236,216,196,275,230,158,225,246,218,199,285,289,219,258
"989",234,162,186,207,227,183,187,145,235,163,153,185,134,216,221,164,205,195,212
"990",204,141,169,227,233,193,196,127,192,159,126,187,153,227,210,188,220,219,214
"991",201,141,176,225,238,167,189,147,229,167,151,170,134,227,185,157,205,212,190
"992",240,155,202,307,289,220,224,173,257,192,165,219,227,215,188,195,262,193,212
"993",241,145,229,331,304,238,238,180,265,210,168,220,253,196,201,274,271,210,257
"994",206,143,183,220,242,207,217,173,251,187,161,198,142,230,200,230,192,200,266
"995",185,157,187,301,245,211,222,199,220,185,175,174,230,190,196,268,264,199,232
"996",176,130,170,294,220,181,193,161,203,160,164,158,227,203,181,173,244,186,184
"997",219,148,200,320,254,219,201,194,213,181,194,188,249,211,202,258,259,189,220
"998",198,138,215,322,279,208,216,169,252,215,176,188,235,201,197,173,275,231,211
"999",202,157,222,307,309,198,208,175,261,193,172,210,239,204,214,173,272,186,220
"1000",209,123,222,310,304,282,236,204,258,220,174,225,226,239,203,249,287,185,265
