"","v Afghanistan","v Australia","v Bangladesh","v Bermuda","v Canada","v England","v Hong Kong","v India","v Ireland","v Kenya","v Netherlands","v Pakistan","v Scotland","v South Africa","v Sri Lanka","v U.A.E.","v West Indies","v Zimbabwe"
"1",358,220,339,329,317,326,323,303,350,351,321,377,290,267,472,337,271,503
"2",318,208,347,285,279,226,307,266,298,332,320,357,292,304,345,296,292,391
"3",378,242,356,313,304,263,336,265,365,392,336,371,292,257,472,337,243,469
"4",383,207,368,303,262,290,291,257,334,331,303,327,246,284,346,314,232,407
"5",360,220,360,302,283,296,311,256,320,304,300,363,273,283,313,297,220,432
"6",300,207,340,328,347,269,306,299,337,350,320,338,316,262,478,324,311,424
"7",364,212,335,310,278,256,326,248,325,364,305,351,288,303,497,307,243,438
"8",361,239,368,322,299,307,347,313,357,387,323,344,267,265,520,335,236,457
"9",307,216,322,299,290,191,303,239,289,331,305,291,289,265,475,315,319,369
"10",315,212,354,323,277,293,307,279,340,326,324,293,329,251,493,339,365,440
"11",348,203,372,327,306,315,317,306,334,340,336,333,269,309,353,308,278,442
"12",316,214,364,325,345,239,331,308,360,350,332,395,303,316,460,336,357,441
"13",324,211,296,347,311,286,346,276,378,349,344,336,285,263,528,337,352,431
"14",290,196,352,327,307,265,323,288,337,325,319,297,274,267,496,336,339,426
"15",357,205,379,329,293,241,324,287,373,375,358,362,299,314,436,340,263,489
"16",375,232,348,318,303,298,322,264,324,341,339,301,287,255,483,332,259,470
"17",299,212,350,324,324,275,313,281,365,299,320,358,289,313,393,322,305,449
"18",363,227,364,352,298,277,366,305,361,369,343,405,307,322,464,330,274,466
"19",383,232,329,316,292,380,307,229,318,333,318,314,253,271,491,315,242,419
"20",289,187,394,324,298,216,333,296,377,368,330,359,313,325,518,333,310,439
"21",355,227,329,342,302,304,361,290,346,342,321,367,273,233,511,336,255,487
"22",377,226,345,303,283,226,329,266,338,347,309,382,263,300,404,310,251,436
"23",334,178,377,335,318,199,336,298,352,349,330,364,319,310,430,320,398,442
"24",300,194,362,326,337,222,351,320,349,340,341,327,304,337,485,336,339,449
"25",304,192,353,320,289,284,289,244,295,323,312,346,283,319,387,301,303,412
"26",302,218,338,336,325,262,341,279,381,317,326,350,304,257,512,319,323,434
"27",311,194,363,326,312,251,328,265,361,333,342,343,276,311,501,317,350,432
"28",352,204,392,326,308,303,315,268,334,365,310,327,275,297,342,331,248,458
"29",282,222,291,317,297,222,316,257,311,342,322,321,278,242,513,322,338,398
"30",313,193,320,320,306,180,308,248,318,359,309,385,329,300,448,326,350,393
"31",331,199,336,316,297,191,301,283,306,326,315,388,303,311,439,325,325,407
"32",388,194,381,327,282,305,331,316,370,334,349,396,314,348,333,314,279,464
"33",372,237,348,333,295,272,319,276,366,371,350,364,300,289,522,350,259,468
"34",294,207,321,350,295,252,319,278,380,343,316,345,299,254,551,316,311,440
"35",367,220,348,307,281,264,333,267,320,356,316,383,273,283,337,304,208,427
"36",303,201,324,307,322,205,337,281,323,331,324,383,292,313,488,307,306,421
"37",282,191,360,315,298,263,323,286,380,357,321,346,265,300,392,312,335,430
"38",297,224,318,321,293,190,322,254,306,325,323,341,298,264,535,314,324,383
"39",288,221,332,315,299,254,332,283,352,338,305,307,289,252,458,326,315,412
"40",316,203,354,330,303,188,312,243,331,358,319,396,293,337,473,328,344,438
"41",351,252,328,328,298,294,326,256,340,336,308,317,299,265,473,339,274,457
"42",358,235,349,324,284,307,320,313,376,349,330,362,280,320,342,327,251,473
"43",374,205,357,338,285,317,324,293,347,344,315,379,288,293,375,335,259,485
"44",298,198,370,313,301,300,343,310,377,351,326,368,296,315,356,313,306,432
"45",344,202,335,296,309,258,302,238,323,326,303,374,270,290,357,316,252,437
"46",375,224,343,337,314,252,363,310,346,383,359,380,350,316,523,341,272,472
"47",377,261,384,307,307,281,318,279,347,348,317,331,285,280,342,309,279,458
"48",382,217,372,348,286,282,334,303,372,322,343,399,335,316,436,340,231,489
"49",338,210,310,342,325,174,328,265,369,333,317,376,298,322,478,341,319,426
"50",392,231,346,349,336,241,351,284,385,361,340,412,294,340,486,345,256,475
"51",289,237,363,333,298,278,319,299,356,369,318,369,315,259,483,337,322,458
"52",370,230,294,317,271,233,326,263,316,349,316,355,279,255,449,303,226,431
"53",306,211,352,331,307,226,327,324,345,350,336,359,303,254,511,347,310,446
"54",355,237,378,330,299,303,324,268,382,352,305,343,263,283,332,311,264,467
"55",355,221,357,298,278,249,306,233,303,303,294,324,228,295,377,292,255,412
"56",296,210,341,340,298,239,328,265,378,345,346,309,311,257,495,327,330,437
"57",317,194,323,306,294,217,326,275,292,305,313,317,272,270,462,318,338,406
"58",376,234,364,338,305,248,316,280,369,358,336,362,303,285,395,330,252,461
"59",338,244,331,298,273,292,310,235,283,315,303,304,259,291,352,298,247,416
"60",373,220,330,339,284,223,327,258,316,328,336,398,290,287,484,320,251,430
"61",297,209,324,332,312,207,318,235,313,325,319,331,293,292,481,309,371,392
"62",308,172,347,307,301,236,327,253,302,314,310,344,285,312,417,311,330,405
"63",312,209,357,325,321,228,325,288,388,361,340,356,298,315,429,318,327,428
"64",306,191,377,321,311,228,347,278,366,371,335,354,295,298,458,325,305,436
"65",385,231,355,348,312,259,346,333,354,333,347,399,354,370,460,338,265,478
"66",363,245,324,318,288,246,301,254,317,347,313,368,269,245,439,318,231,420
"67",308,201,319,288,250,219,298,250,296,320,311,324,255,281,370,285,331,369
"68",301,190,362,329,298,290,328,272,336,366,333,332,289,302,403,321,331,435
"69",311,225,306,310,320,231,317,240,348,339,303,305,280,293,497,305,326,397
"70",293,216,347,336,310,268,321,274,363,365,348,320,300,265,538,335,317,439
"71",374,231,330,316,292,261,307,254,304,331,319,382,274,301,488,312,248,460
"72",309,204,340,306,313,224,320,213,322,339,315,330,276,292,470,326,313,385
"73",295,215,352,340,327,202,330,309,402,327,327,394,329,316,462,355,339,451
"74",311,220,306,305,314,214,310,232,317,345,294,349,300,246,514,310,321,404
"75",397,193,351,336,280,274,329,277,365,364,314,379,293,298,387,331,258,445
"76",280,206,341,274,262,253,290,215,301,317,280,315,269,281,371,289,323,393
"77",306,200,333,289,276,250,307,241,300,326,301,339,286,299,378,310,321,402
"78",296,200,283,313,286,216,311,248,328,338,306,343,286,241,477,313,323,399
"79",304,198,370,307,281,254,307,275,387,328,310,296,286,317,380,312,318,417
"80",284,179,359,323,314,271,320,296,351,366,334,356,320,298,356,313,318,435
"81",312,178,322,311,293,177,330,232,326,342,294,331,276,309,458,322,343,379
"82",278,213,348,289,302,232,314,257,316,313,323,357,276,315,370,324,331,391
"83",364,214,349,355,280,260,331,290,356,329,340,367,288,254,506,325,235,496
"84",354,214,390,335,322,265,333,302,342,395,335,420,303,304,438,331,295,491
"85",308,201,357,321,318,289,318,285,332,374,333,331,303,289,395,314,358,467
"86",368,223,386,334,309,306,332,293,367,350,336,371,293,291,376,333,269,472
"87",322,189,405,312,315,252,319,262,373,341,317,300,294,312,390,314,326,427
"88",373,213,346,334,281,200,322,239,320,333,313,363,254,331,449,316,263,442
"89",318,222,383,312,263,322,332,291,370,333,345,349,263,306,368,317,274,492
"90",310,203,332,331,309,219,344,295,363,366,314,338,338,289,456,342,329,446
"91",289,207,335,294,279,214,306,226,319,356,290,317,237,293,352,291,320,382
"92",381,224,350,342,302,284,339,276,369,351,328,381,316,272,460,333,245,474
"93",300,202,365,330,319,249,319,287,367,361,344,355,302,306,341,331,347,450
"94",397,221,384,351,297,251,344,300,369,355,336,413,325,303,439,327,293,489
"95",285,200,353,296,288,219,306,270,324,296,306,328,297,285,368,305,359,389
"96",322,204,363,346,309,222,338,297,400,359,353,410,347,325,469,356,328,462
"97",407,194,333,321,277,236,304,243,318,324,305,363,266,283,468,318,298,418
"98",381,206,374,339,322,240,339,311,359,363,348,386,291,309,460,328,274,473
"99",299,215,348,333,314,251,310,269,366,346,319,340,282,309,378,328,344,419
"100",346,240,318,290,267,258,292,229,321,332,319,313,257,250,483,316,254,440
"101",297,210,306,327,315,219,308,258,324,346,308,350,282,265,479,311,322,415
"102",348,216,341,311,273,254,312,219,310,330,306,306,246,275,484,311,261,418
"103",296,219,345,313,298,250,315,277,355,335,313,319,307,255,485,309,351,413
"104",363,230,347,319,318,235,317,248,371,391,336,350,312,341,460,319,286,473
"105",295,191,331,304,314,239,309,225,323,342,318,335,296,287,442,316,317,413
"106",302,191,332,313,302,197,299,232,319,347,324,346,281,314,488,294,353,420
"107",353,202,346,328,303,276,328,289,364,332,354,377,347,298,464,340,257,459
"108",288,225,335,328,321,261,335,287,369,334,324,365,287,253,539,345,334,446
"109",382,217,315,322,316,296,307,267,318,330,318,382,273,242,461,314,238,403
"110",380,237,309,329,271,253,302,240,325,337,316,371,265,238,491,334,242,444
"111",302,205,346,336,296,253,344,266,310,326,329,317,294,286,508,322,319,432
"112",378,212,343,335,315,257,332,258,375,345,330,374,272,290,471,323,244,467
"113",321,184,333,307,331,205,326,241,310,353,312,346,322,344,494,308,347,393
"114",362,234,329,318,287,215,304,246,290,345,311,363,282,314,462,335,276,424
"115",361,221,397,328,264,299,322,287,352,338,332,385,279,312,366,320,238,454
"116",371,217,352,337,313,301,338,298,349,345,339,346,296,265,497,326,217,482
"117",310,214,365,334,299,244,326,290,329,354,328,306,289,262,512,324,317,438
"118",307,178,338,309,294,241,308,259,320,324,293,368,266,289,351,304,287,393
"119",362,227,335,330,307,243,338,275,384,351,345,367,294,323,491,328,296,465
"120",352,242,318,321,271,265,324,257,327,319,323,367,290,243,448,320,219,422
"121",354,231,331,346,285,284,341,290,349,341,336,361,297,290,503,320,258,494
"122",320,190,319,288,297,247,312,231,285,321,309,301,265,250,499,307,370,392
"123",353,206,384,316,288,263,322,316,362,347,316,401,296,315,341,328,264,467
"124",347,244,352,342,306,297,350,298,372,355,317,362,294,240,524,323,238,469
"125",300,222,361,339,342,226,322,324,351,375,325,389,324,323,556,329,317,462
"126",317,223,311,313,283,238,307,265,322,330,295,357,291,268,456,309,321,423
"127",373,216,397,321,293,309,320,291,378,335,313,365,252,300,392,339,211,463
"128",344,229,350,299,248,263,284,251,305,294,307,346,265,300,308,299,243,402
"129",371,228,330,323,298,276,338,280,350,358,331,387,281,250,465,341,260,469
"130",369,220,321,326,289,318,353,287,390,348,334,369,305,274,528,331,230,475
"131",296,199,288,319,298,212,304,254,305,338,308,333,276,248,488,313,305,384
"132",397,250,363,292,295,263,322,238,310,345,314,384,239,307,368,317,271,441
"133",389,238,323,321,298,253,335,267,311,345,330,381,281,290,482,305,248,441
"134",354,218,327,303,247,269,318,232,311,338,315,317,255,250,492,288,245,427
"135",383,217,380,313,289,286,327,299,379,323,321,363,299,309,364,328,241,456
"136",290,197,339,325,304,257,327,298,340,340,326,353,305,267,493,329,326,433
"137",291,210,347,340,335,269,340,293,367,348,319,330,283,277,486,325,306,437
"138",308,205,321,294,310,200,303,232,340,357,310,341,276,305,472,299,337,387
"139",359,248,332,354,288,329,334,252,355,355,346,333,316,273,511,317,248,474
"140",357,219,387,325,294,285,342,288,342,370,321,327,286,313,384,326,238,454
"141",362,226,367,330,299,258,338,296,402,367,333,376,267,326,466,342,254,460
"142",318,235,296,327,307,228,306,234,333,347,324,342,286,242,539,304,338,380
"143",361,210,386,330,277,293,332,259,327,349,321,327,298,300,355,334,283,468
"144",281,191,322,318,271,249,301,246,311,309,296,344,285,301,401,296,314,397
"145",313,208,362,314,314,257,320,317,375,313,323,360,309,309,335,308,307,447
"146",371,235,305,321,263,271,316,248,318,337,314,362,299,285,454,312,271,417
"147",331,192,328,320,301,217,325,269,317,357,321,398,294,324,450,320,320,376
"148",364,206,340,287,265,293,295,255,307,312,287,340,277,281,334,309,265,414
"149",407,217,359,335,287,296,337,319,389,390,340,417,319,344,418,339,260,458
"150",361,211,391,319,303,295,330,294,343,365,335,387,281,316,368,314,258,480
"151",292,200,332,300,273,241,307,252,309,332,310,383,302,285,336,292,287,404
"152",315,197,338,334,327,249,319,291,386,362,342,382,321,312,497,322,341,445
"153",338,204,371,333,293,279,341,287,362,332,305,329,247,330,353,325,251,473
"154",350,242,313,323,282,264,304,241,302,318,317,330,257,244,430,324,228,436
"155",313,184,350,327,335,240,332,299,360,321,326,373,324,300,427,337,320,444
"156",313,197,319,331,302,162,302,269,319,360,312,392,299,304,462,311,326,389
"157",302,193,390,349,335,263,337,315,388,398,333,401,347,336,468,344,327,440
"158",281,183,368,324,303,260,312,287,349,334,309,334,272,311,341,308,317,430
"159",371,225,330,314,303,272,308,251,332,362,303,364,257,304,361,311,247,417
"160",354,206,379,333,303,290,333,301,349,364,335,361,253,323,379,326,252,457
"161",291,196,349,320,298,234,328,295,326,362,325,296,288,244,530,311,946,434
"162",292,202,353,293,288,231,303,238,297,329,271,302,271,275,367,303,408,379
"163",360,238,312,316,298,217,307,235,297,355,313,328,265,269,499,313,230,423
"164",296,205,343,335,354,209,324,306,407,349,318,374,306,320,516,342,333,440
"165",376,228,360,337,293,236,346,315,394,378,351,410,311,345,447,346,244,481
"166",305,190,363,325,305,209,337,285,363,331,331,372,334,317,489,345,312,442
"167",307,206,322,306,274,256,300,221,313,317,292,295,276,272,483,301,326,389
"168",367,250,310,319,321,271,323,253,328,319,300,387,293,262,446,303,243,417
"169",402,225,326,332,311,215,327,285,327,357,311,390,278,344,463,334,229,414
"170",296,211,334,293,321,259,296,230,308,323,296,319,279,287,357,280,308,366
"171",295,186,351,344,298,232,331,287,359,343,337,347,301,303,479,333,378,443
"172",377,225,325,319,306,256,332,228,313,339,313,322,276,275,468,316,262,412
"173",311,207,366,346,335,196,340,294,362,334,335,383,290,361,507,348,303,430
"174",380,211,367,327,266,292,322,308,371,341,333,374,288,330,320,325,230,485
"175",361,195,363,311,320,313,335,286,359,332,324,361,254,292,364,325,242,471
"176",303,188,324,311,300,181,323,282,329,327,311,380,317,282,464,318,325,401
"177",290,205,322,338,325,250,325,271,343,330,315,299,291,255,516,324,312,424
"178",315,227,345,323,331,221,348,297,334,368,303,337,298,271,512,331,312,457
"179",364,234,339,351,321,273,323,278,342,335,322,356,285,267,509,328,274,474
"180",306,228,319,311,308,229,316,260,333,323,297,327,270,260,528,338,309,393
"181",350,215,382,312,315,286,307,268,377,333,306,343,288,265,295,322,261,437
"182",296,211,363,317,307,230,339,289,358,326,317,358,314,311,387,324,323,435
"183",358,220,358,318,306,257,310,260,325,336,319,375,278,316,361,301,249,423
"184",385,245,319,308,270,203,309,215,343,354,307,338,259,271,452,316,259,418
"185",386,209,336,321,296,1354,326,249,312,367,316,421,270,280,416,322,248,429
"186",301,170,334,301,294,232,308,238,331,323,300,316,289,306,367,304,303,386
"187",372,238,314,327,290,260,325,250,301,330,321,367,265,272,489,320,267,432
"188",305,198,340,297,276,260,285,223,308,308,300,334,274,291,304,294,316,389
"189",366,204,389,318,333,274,338,286,350,352,327,353,259,280,493,348,275,453
"190",285,209,312,314,295,228,310,246,300,312,319,338,266,256,457,314,353,377
"191",363,228,348,330,269,283,319,249,337,327,320,376,280,261,451,327,228,414
"192",277,214,306,298,330,263,282,220,305,318,305,299,305,256,497,312,340,407
"193",354,210,311,315,283,245,309,237,333,330,333,341,282,300,437,320,257,430
"194",367,233,360,309,297,251,324,248,311,323,308,380,246,302,336,316,257,414
"195",355,222,339,293,280,293,311,228,298,322,324,335,264,323,329,311,231,420
"196",287,203,324,325,295,278,328,269,346,364,310,286,305,258,510,322,333,393
"197",360,230,306,330,281,235,330,284,328,357,309,379,269,251,488,312,228,434
"198",362,216,384,336,330,256,323,276,385,361,361,376,273,315,466,335,241,454
"199",294,238,364,340,329,241,341,277,369,323,338,354,313,282,515,325,338,419
"200",293,173,372,325,274,264,319,270,347,342,314,316,284,297,299,316,352,435
"201",322,191,325,301,311,239,305,238,303,335,307,357,275,304,489,296,326,422
"202",283,182,342,298,289,240,310,263,302,309,317,377,278,292,322,304,327,397
"203",368,214,354,302,271,261,321,230,336,326,320,373,268,301,388,327,235,392
"204",340,236,358,331,281,260,318,280,317,329,317,373,293,316,324,303,256,424
"205",376,225,359,336,285,286,331,276,357,350,332,349,273,276,452,329,238,490
"206",349,222,368,325,278,306,327,258,376,325,314,333,296,314,345,322,243,436
"207",367,219,365,329,281,302,319,310,363,315,325,364,309,284,391,327,196,474
"208",348,220,349,337,289,297,336,308,374,337,345,374,287,315,372,344,255,467
"209",297,204,325,312,339,191,302,227,318,337,311,327,286,318,483,295,332,381
"210",367,237,314,324,304,231,314,248,302,328,321,354,243,230,492,315,257,452
"211",325,196,355,329,305,235,315,275,362,308,326,348,304,250,495,330,338,452
"212",365,226,354,303,280,262,312,237,300,330,291,342,240,329,372,304,237,417
"213",307,220,297,308,279,226,316,277,309,345,310,353,283,256,453,314,314,380
"214",347,243,313,320,303,236,321,230,328,335,322,324,276,246,493,320,245,453
"215",317,190,348,331,335,246,343,279,341,361,318,365,297,311,488,319,349,405
"216",303,201,342,336,306,243,343,301,355,363,336,384,307,289,434,327,303,434
"217",301,187,350,333,322,244,333,307,340,362,329,359,319,326,467,326,358,445
"218",354,214,369,319,296,264,347,282,345,377,332,370,301,270,515,356,262,463
"219",379,194,338,319,313,221,308,237,327,337,316,379,298,305,460,323,244,420
"220",379,236,357,338,341,257,365,277,356,347,326,366,298,248,458,332,318,476
"221",309,189,337,289,287,226,314,267,328,326,325,358,289,303,333,299,431,386
"222",297,192,321,342,317,213,330,300,385,385,325,368,348,313,496,337,327,444
"223",317,188,316,304,303,229,303,257,319,352,303,343,272,268,494,322,309,407
"224",283,215,355,332,292,253,303,248,347,346,341,296,306,257,518,318,337,419
"225",305,202,365,337,306,265,329,291,359,341,316,343,281,278,391,331,333,437
"226",370,218,359,351,327,217,362,327,408,369,346,416,324,325,450,330,232,485
"227",380,216,335,325,323,198,324,283,321,339,323,405,289,317,449,323,237,422
"228",309,199,361,341,304,1357,322,258,361,342,335,305,298,288,509,311,310,455
"229",368,220,373,348,315,239,347,283,379,354,336,389,311,320,497,353,273,490
"230",383,210,333,344,304,264,327,280,355,358,350,400,309,317,481,335,284,472
"231",295,211,303,308,310,2198,327,265,307,347,310,332,289,242,456,325,300,405
"232",353,241,353,327,300,278,319,303,337,385,369,357,292,253,501,325,291,467
"233",313,196,348,330,317,259,326,314,345,343,336,364,307,251,500,340,330,422
"234",378,228,347,301,314,267,355,243,380,367,323,342,284,297,447,311,275,467
"235",313,208,309,345,288,201,332,276,321,334,323,403,312,292,474,323,315,404
"236",314,208,299,326,310,201,317,232,307,319,316,299,300,264,525,325,309,372
"237",292,214,298,315,283,232,323,256,305,307,312,355,301,232,467,316,322,376
"238",394,239,309,312,279,243,333,247,322,321,319,349,277,228,436,308,266,423
"239",343,231,320,326,271,256,306,267,328,328,322,361,257,241,438,321,235,409
"240",288,191,351,332,295,236,336,313,349,331,326,362,309,288,354,317,338,435
"241",354,236,338,328,272,300,308,297,349,355,324,341,292,239,458,314,277,428
"242",287,235,293,301,299,222,314,237,290,314,309,360,297,254,537,306,331,399
"243",299,209,335,324,307,437,316,328,363,339,335,348,311,265,477,346,342,456
"244",380,228,312,304,281,256,321,292,302,350,316,376,263,246,435,309,241,423
"245",359,220,341,333,285,211,325,250,311,339,329,398,286,299,472,304,249,417
"246",360,230,306,312,278,245,317,249,349,350,336,376,279,264,479,329,228,421
"247",291,193,367,298,319,285,315,276,358,329,302,303,262,289,376,318,327,435
"248",295,183,365,332,304,238,307,290,348,339,330,353,300,321,353,314,321,428
"249",367,237,308,299,285,277,302,199,297,355,312,336,279,277,478,306,264,433
"250",378,228,359,332,306,226,322,249,341,299,324,352,268,302,485,300,234,427
"251",352,256,300,324,293,251,332,240,327,324,337,371,278,263,510,313,268,426
"252",306,190,319,335,336,256,336,308,323,368,318,344,299,277,540,339,323,421
"253",378,243,358,343,312,229,338,284,375,355,347,396,308,330,515,338,268,481
"254",364,222,357,317,264,293,307,232,325,310,299,365,266,304,345,307,233,435
"255",339,191,354,341,331,215,326,278,372,353,323,346,292,324,481,319,351,430
"256",368,245,391,326,282,295,318,269,347,343,304,341,303,302,347,325,257,453
"257",326,199,353,319,290,236,326,272,372,346,343,342,303,314,445,323,343,442
"258",302,200,331,331,315,200,333,248,324,334,329,374,279,317,490,318,312,428
"259",305,188,325,326,296,192,311,292,310,324,342,382,307,310,460,314,307,407
"260",349,210,387,331,285,340,331,275,342,313,306,341,278,290,371,326,257,444
"261",294,222,318,324,338,242,334,279,353,343,341,316,288,268,514,326,346,424
"262",295,209,340,297,270,219,282,259,307,320,312,333,284,308,379,327,316,403
"263",378,226,354,320,285,206,323,250,322,348,321,375,294,299,476,317,248,423
"264",285,196,371,318,302,275,307,248,350,389,315,305,281,303,358,328,347,417
"265",379,225,389,312,292,274,329,275,376,352,345,355,283,288,471,325,217,471
"266",377,222,333,341,264,243,323,249,319,316,312,367,252,319,466,315,278,414
"267",360,203,343,334,297,321,327,281,360,361,328,396,302,251,472,318,254,458
"268",309,201,368,330,342,679,338,296,374,389,345,391,322,324,447,331,321,433
"269",349,216,377,296,300,252,309,254,327,300,312,395,276,281,323,288,223,425
"270",370,209,349,317,280,233,331,260,321,338,318,390,290,304,486,327,244,441
"271",329,199,349,339,317,203,337,280,360,370,343,381,323,305,446,332,328,441
"272",286,205,297,301,302,210,300,239,284,297,316,312,279,239,427,290,337,374
"273",296,213,347,313,301,241,327,296,367,375,326,359,282,305,364,322,365,453
"274",381,231,345,312,291,213,310,235,328,321,322,348,284,312,452,325,237,426
"275",297,185,325,317,295,266,363,288,357,331,322,350,291,257,473,312,311,432
"276",382,240,320,314,274,286,325,277,310,339,322,384,289,254,461,319,227,419
"277",347,214,344,328,278,269,307,285,332,311,314,377,278,255,345,318,289,408
"278",287,203,374,323,327,251,306,289,347,357,324,362,279,312,381,299,334,438
"279",344,220,360,341,309,294,339,271,364,380,322,379,313,258,494,344,248,475
"280",303,195,306,302,292,217,309,260,308,327,320,358,281,234,469,307,308,388
"281",358,239,317,310,281,241,303,244,310,329,313,368,289,244,455,308,250,426
"282",348,245,341,338,317,267,332,316,390,383,350,387,306,286,477,340,249,440
"283",297,178,330,302,267,238,298,248,301,304,299,335,273,280,340,298,322,390
"284",309,207,353,339,292,288,344,299,375,368,333,372,287,300,476,328,312,449
"285",313,220,357,323,312,229,322,252,365,336,346,319,302,294,471,320,329,438
"286",284,186,308,295,290,211,305,252,284,295,315,328,293,234,472,305,337,434
"287",302,210,341,341,334,245,331,287,353,350,328,365,302,250,474,323,320,440
"288",274,213,356,327,329,268,323,278,316,355,321,312,275,230,499,318,332,439
"289",382,224,373,333,297,322,325,319,348,328,344,377,295,310,340,325,224,466
"290",408,210,349,313,295,262,297,256,311,365,294,384,281,304,366,318,231,408
"291",385,244,327,302,298,251,312,211,313,345,328,335,281,233,492,315,232,426
"292",375,218,342,324,283,614,312,275,338,324,330,404,316,316,448,312,261,426
"293",350,228,346,352,317,271,329,293,369,354,331,350,305,294,511,342,257,477
"294",369,225,352,305,268,285,297,252,318,324,299,361,267,310,349,310,230,436
"295",312,194,313,310,299,193,307,247,306,330,332,383,292,310,450,301,320,400
"296",358,213,376,322,278,322,322,286,370,315,318,354,309,300,321,310,239,448
"297",317,223,331,317,321,265,319,289,333,368,325,343,288,277,544,337,341,438
"298",353,223,317,316,287,259,308,266,343,357,322,385,295,284,419,324,244,404
"299",293,217,360,340,331,284,347,296,375,335,344,394,316,315,506,351,323,439
"300",284,184,323,288,305,244,302,254,320,349,306,339,268,309,375,311,314,394
"301",359,223,353,322,284,293,326,254,356,404,326,335,260,255,501,334,391,457
"302",297,171,367,334,306,250,314,302,363,321,336,375,294,297,371,310,328,434
"303",308,212,332,304,292,211,330,243,324,320,323,348,273,247,486,321,306,419
"304",363,206,382,336,292,262,328,288,349,341,324,380,306,303,361,330,234,474
"305",316,220,285,310,285,204,315,241,321,329,323,358,302,258,508,323,308,394
"306",399,233,329,317,264,203,318,294,355,360,309,397,346,275,427,319,254,448
"307",376,216,358,362,331,255,340,271,364,352,350,388,308,306,432,335,250,466
"308",316,203,373,340,309,218,333,272,366,345,323,342,297,291,484,345,319,423
"309",388,224,380,334,291,257,329,295,376,415,333,384,278,335,453,360,238,456
"310",345,216,360,322,291,289,314,251,318,337,324,314,287,270,508,324,247,464
"311",290,218,331,333,307,234,337,295,355,322,337,352,319,267,530,329,305,445
"312",351,217,360,313,265,336,319,275,360,394,318,370,258,287,361,340,237,470
"313",300,198,327,307,293,235,301,271,318,346,293,356,266,311,323,306,317,388
"314",388,211,318,325,305,238,322,262,344,351,314,405,277,301,487,329,252,436
"315",370,222,341,311,284,265,309,221,360,313,307,368,259,328,468,317,264,435
"316",366,231,338,339,295,279,341,286,340,358,338,305,316,270,473,336,244,478
"317",317,210,342,354,319,194,320,305,381,368,337,408,319,318,458,330,321,473
"318",296,192,348,311,325,224,321,269,389,347,333,339,275,301,476,297,350,429
"319",370,238,375,331,296,259,322,298,399,330,333,354,303,327,358,308,253,460
"320",357,262,337,344,309,316,339,288,372,354,358,376,289,275,499,339,235,475
"321",288,196,333,315,314,263,307,281,322,350,322,293,303,238,487,317,369,408
"322",350,255,366,311,295,261,324,275,360,360,333,353,320,287,491,340,225,456
"323",391,266,352,332,310,243,343,291,350,359,349,367,323,277,461,339,279,475
"324",310,203,329,310,291,214,334,261,325,335,325,392,276,305,486,310,325,407
"325",305,211,326,306,286,262,320,237,299,305,302,334,289,247,456,288,301,409
"326",300,214,338,321,314,217,333,298,348,370,337,362,310,294,475,323,326,444
"327",286,180,330,303,271,254,284,268,313,320,317,307,267,287,381,304,312,397
"328",352,221,329,308,310,248,308,223,316,348,289,339,247,292,342,313,228,427
"329",407,204,370,344,307,236,353,320,379,330,331,396,298,319,412,343,241,466
"330",382,240,357,336,293,290,317,285,342,338,329,376,302,263,454,337,244,475
"331",283,204,371,312,303,274,312,298,362,335,311,357,315,305,331,319,348,432
"332",335,231,356,330,313,268,338,303,368,360,324,374,286,249,455,356,256,476
"333",323,185,329,307,310,170,329,228,323,322,318,353,275,319,488,328,333,380
"334",381,218,350,338,309,323,348,284,365,381,336,386,313,303,451,332,254,482
"335",368,200,388,332,299,260,319,287,365,361,334,366,272,310,450,336,229,440
"336",360,204,368,351,366,251,372,311,387,371,333,409,328,314,437,346,209,477
"337",310,183,359,342,305,206,345,291,364,332,349,373,305,324,517,341,352,450
"338",355,217,352,309,289,266,280,228,295,316,312,319,256,298,351,295,260,412
"339",297,193,357,338,322,221,335,311,371,355,327,392,320,320,456,364,339,430
"340",304,205,356,335,319,249,332,309,374,345,316,367,306,316,397,341,362,434
"341",368,251,348,327,291,226,326,285,306,345,325,376,279,256,468,317,250,448
"342",353,234,352,312,259,269,320,242,301,323,283,347,271,288,300,300,456,401
"343",392,219,339,326,303,219,328,257,321,324,323,412,258,293,433,340,231,402
"344",292,203,379,337,339,276,317,282,352,371,313,362,314,303,390,324,333,424
"345",318,208,344,320,308,281,326,290,324,324,335,339,320,248,500,316,327,435
"346",382,226,350,321,275,318,345,270,360,360,319,332,297,259,508,319,269,468
"347",394,215,373,334,304,265,337,303,369,360,342,404,318,292,439,350,259,480
"348",369,214,355,333,280,238,315,232,327,347,335,388,267,324,478,323,261,433
"349",368,218,365,301,266,268,316,261,327,304,303,350,259,298,374,310,259,438
"350",361,220,370,334,290,236,351,292,387,359,341,405,282,334,490,335,243,475
"351",296,209,306,334,306,233,330,322,351,335,320,349,310,245,470,343,306,447
"352",384,215,334,346,285,228,319,245,343,354,326,402,280,311,478,341,273,424
"353",369,236,348,321,266,253,305,236,304,302,295,324,252,288,354,313,269,427
"354",288,191,362,317,328,282,320,259,352,322,307,334,305,312,363,314,320,419
"355",377,237,357,322,288,254,347,288,373,357,345,347,316,327,463,330,262,449
"356",398,211,354,319,305,268,346,280,381,338,345,380,281,316,476,326,257,444
"357",369,188,316,322,306,212,329,264,306,361,330,399,280,294,435,321,580,442
"358",388,231,359,349,298,271,344,304,375,343,332,385,304,300,522,350,244,458
"359",376,227,376,319,263,283,301,255,346,324,327,293,277,263,471,311,286,470
"360",367,220,369,350,279,288,347,264,358,334,308,308,286,262,499,317,221,446
"361",303,176,371,304,292,249,307,244,345,336,303,309,268,306,357,312,331,443
"362",272,181,372,328,309,264,326,267,373,333,324,312,319,310,373,307,332,429
"363",378,208,339,328,291,235,323,266,311,339,341,431,288,282,452,312,254,446
"364",313,201,291,308,288,252,305,228,310,317,302,312,291,281,490,314,302,386
"365",302,202,333,314,288,218,296,250,305,325,298,295,300,265,424,311,313,397
"366",321,229,345,335,314,263,336,300,330,353,321,358,295,261,516,344,355,441
"367",310,194,354,329,308,184,334,289,351,353,348,361,307,339,491,339,361,460
"368",306,211,333,342,304,228,323,285,361,350,339,332,314,304,505,332,337,458
"369",386,224,355,337,297,298,347,278,346,377,335,366,297,285,502,332,264,461
"370",300,176,371,329,293,290,329,298,352,302,328,335,304,287,384,313,337,415
"371",294,199,317,314,296,222,322,264,312,321,327,336,283,237,471,319,317,404
"372",370,247,309,323,299,270,308,256,304,326,296,340,258,253,513,300,279,424
"373",277,189,326,294,289,238,307,236,289,329,299,336,254,285,328,292,393,392
"374",374,251,307,312,271,252,309,253,320,353,313,370,275,263,448,323,250,432
"375",298,194,370,319,326,230,315,252,370,358,321,325,321,316,470,316,329,401
"376",377,229,369,334,295,264,359,305,364,348,332,423,331,320,425,331,236,455
"377",324,190,350,307,316,292,325,283,363,330,331,348,283,294,405,328,374,434
"378",338,214,332,315,294,283,312,219,285,308,300,315,263,303,347,304,266,427
"379",373,251,293,327,280,243,321,275,296,345,325,368,279,280,483,322,271,428
"380",392,225,325,325,325,200,311,246,341,328,310,400,275,308,483,345,258,418
"381",375,225,369,298,284,255,298,216,324,321,310,369,242,293,351,299,254,429
"382",349,225,381,309,275,228,305,249,309,357,304,389,283,277,318,310,265,421
"383",330,186,377,312,290,271,333,296,367,336,332,358,325,301,344,302,327,425
"384",303,200,349,316,309,258,331,294,355,346,311,317,300,260,535,327,305,437
"385",288,197,369,319,319,259,325,301,359,348,336,339,285,308,358,320,305,450
"386",355,230,303,322,295,247,327,212,306,357,319,307,283,262,512,320,259,404
"387",306,193,356,332,304,206,339,277,346,344,324,336,304,318,478,326,355,431
"388",291,182,332,303,296,249,298,221,311,300,300,314,268,272,348,290,333,397
"389",376,202,351,340,285,301,319,274,345,367,321,329,255,253,524,325,304,450
"390",294,210,315,325,286,238,314,255,326,343,304,350,285,319,390,309,315,423
"391",342,213,392,328,313,267,345,316,343,340,340,373,303,303,436,328,250,473
"392",312,194,364,347,318,223,343,303,390,341,323,369,309,336,503,353,315,455
"393",370,216,368,303,247,259,304,241,317,335,276,354,271,269,331,304,230,426
"394",367,204,362,341,290,276,333,284,358,337,321,348,275,289,441,337,257,471
"395",374,262,313,299,262,258,309,236,302,339,314,343,267,258,489,319,249,417
"396",305,234,315,314,307,178,331,248,309,363,314,373,297,312,472,303,323,410
"397",368,231,296,327,278,253,325,270,320,366,311,349,269,278,519,343,232,406
"398",298,209,305,303,330,215,309,268,294,323,310,349,289,242,442,304,306,395
"399",279,187,392,336,297,282,309,302,354,333,294,316,322,302,312,317,307,411
"400",291,205,340,319,307,203,308,279,324,353,332,366,287,301,459,333,378,401
"401",370,213,352,348,312,229,351,327,387,379,327,408,291,308,428,350,266,462
"402",376,217,352,325,282,233,305,244,306,366,315,407,293,316,430,321,245,442
"403",316,192,321,327,314,177,301,278,342,342,299,373,294,320,474,298,322,422
"404",274,198,349,290,265,246,299,210,319,307,292,301,261,296,334,300,318,383
"405",297,207,360,331,302,204,317,289,349,329,351,341,288,305,481,333,344,420
"406",380,209,363,321,270,303,303,261,339,342,305,374,268,283,313,307,244,408
"407",308,219,322,300,268,239,306,220,309,317,302,327,276,267,500,297,319,392
"408",352,206,367,337,282,286,340,278,338,337,330,350,277,308,478,360,254,474
"409",365,198,334,304,255,247,305,265,327,331,304,364,271,291,343,301,250,412
"410",337,217,308,327,313,249,311,261,296,344,312,340,299,267,530,305,339,395
"411",365,234,315,309,289,267,319,245,314,307,315,371,273,241,466,300,224,399
"412",293,215,317,293,305,235,315,248,340,301,310,322,288,240,516,314,327,398
"413",360,206,385,323,323,297,318,297,358,351,324,387,265,354,340,335,207,466
"414",322,196,346,330,315,243,319,301,354,391,336,354,342,265,508,317,333,465
"415",299,199,333,342,313,261,330,295,356,321,331,335,294,262,538,341,331,440
"416",281,208,356,295,289,258,291,235,326,309,292,314,264,290,378,289,359,394
"417",380,233,316,331,277,272,326,258,333,336,327,379,258,254,511,334,215,428
"418",368,220,371,320,311,291,340,295,387,361,335,368,267,306,370,328,229,473
"419",386,243,339,321,307,291,339,302,374,345,338,374,293,278,513,341,282,451
"420",373,223,346,316,251,277,303,235,298,318,309,309,259,297,351,308,227,402
"421",385,233,376,333,305,297,357,285,358,332,328,373,300,288,355,332,246,459
"422",337,208,347,331,309,243,354,283,378,364,344,377,268,330,453,317,326,457
"423",303,197,327,316,319,231,342,288,364,347,342,330,307,291,547,324,341,427
"424",298,211,318,329,266,234,301,235,295,340,315,291,283,274,494,310,317,372
"425",354,216,395,324,292,305,317,305,357,346,324,382,297,284,354,333,230,452
"426",343,219,385,314,304,290,337,277,365,366,347,346,306,318,357,333,264,473
"427",355,242,337,326,315,278,341,287,380,362,334,335,330,247,503,334,249,471
"428",365,243,370,291,260,237,299,244,317,344,309,377,241,306,358,305,222,428
"429",297,178,342,321,316,226,318,303,374,378,330,364,301,301,473,331,317,440
"430",377,238,329,314,276,288,328,227,324,307,319,362,235,234,497,318,254,428
"431",304,187,346,323,317,223,326,323,348,314,342,393,318,311,452,346,317,461
"432",363,217,358,327,294,336,300,294,376,367,328,363,284,300,371,311,232,463
"433",380,226,347,333,300,280,338,291,360,360,332,367,276,261,496,339,287,473
"434",345,235,345,325,262,259,315,271,305,345,321,377,296,314,372,306,239,437
"435",359,230,337,344,308,314,327,258,345,360,314,336,295,246,444,311,278,463
"436",371,204,342,322,317,227,326,233,302,346,319,369,278,346,463,333,271,408
"437",310,220,316,326,330,226,324,254,322,334,302,335,306,260,516,314,307,404
"438",305,225,295,327,287,232,312,224,287,319,301,282,280,245,496,315,1065,374
"439",303,176,339,287,282,248,302,261,331,288,307,379,286,290,337,307,333,381
"440",301,212,357,330,328,183,327,297,360,354,349,373,311,311,493,355,307,440
"441",306,213,296,312,325,204,300,244,295,325,313,321,263,277,498,315,335,387
"442",365,224,320,333,276,223,308,273,319,368,314,393,269,285,429,324,263,424
"443",300,219,344,321,329,1029,332,287,356,322,318,339,323,253,460,320,304,440
"444",308,198,358,321,321,211,332,294,366,357,345,386,322,312,433,352,354,444
"445",360,226,349,288,286,271,316,230,300,325,291,325,286,277,311,303,256,408
"446",358,217,337,340,306,278,339,283,338,350,343,395,303,247,475,338,242,496
"447",362,215,330,303,330,286,307,234,306,307,307,354,284,309,363,304,268,427
"448",369,243,315,318,312,255,313,263,328,336,311,363,266,235,467,297,266,428
"449",293,186,370,332,310,289,307,277,366,329,318,356,312,292,373,317,315,443
"450",313,232,362,343,322,208,352,326,390,359,337,383,294,352,527,325,339,442
"451",320,214,315,318,284,203,300,275,314,351,311,343,274,280,510,320,318,389
"452",371,222,323,326,306,260,325,302,365,401,355,393,308,360,489,326,259,473
"453",318,209,309,315,299,245,298,245,280,327,305,338,286,267,519,319,338,395
"454",376,213,368,334,298,265,327,277,365,361,325,353,298,324,461,350,288,461
"455",316,209,328,304,314,220,303,242,323,296,301,350,290,250,481,315,309,382
"456",283,195,362,312,312,256,322,264,364,309,324,327,302,303,503,339,316,480
"457",369,217,360,349,311,306,336,266,366,356,331,329,290,263,476,335,248,447
"458",301,204,344,306,279,228,281,249,308,289,297,320,293,285,333,291,339,386
"459",278,194,330,291,268,239,307,273,342,312,299,329,262,301,382,302,318,400
"460",325,204,342,326,307,169,335,258,326,341,340,363,325,308,461,317,308,404
"461",351,213,397,318,285,271,345,292,367,373,333,366,299,313,475,325,272,494
"462",295,196,338,307,299,255,307,259,305,317,298,340,258,314,416,297,310,400
"463",309,195,351,317,310,252,319,277,358,328,312,332,308,296,421,314,321,420
"464",304,185,370,333,320,200,336,288,375,341,330,418,320,311,464,327,327,436
"465",354,224,353,315,274,259,315,271,333,330,322,385,266,291,316,311,237,423
"466",382,196,337,311,267,258,318,273,304,352,334,404,284,304,429,320,251,423
"467",362,223,386,327,247,317,314,268,357,341,340,314,271,301,353,339,269,464
"468",311,190,322,322,328,292,340,300,358,325,318,348,320,286,468,323,325,456
"469",371,225,301,303,278,249,330,225,321,337,306,332,284,258,499,310,243,431
"470",301,201,333,294,311,253,299,276,311,325,300,351,267,286,371,292,331,370
"471",268,214,352,340,309,250,321,304,342,343,344,355,304,263,492,324,362,433
"472",333,227,380,330,309,324,333,299,354,325,299,373,310,303,307,340,277,458
"473",295,196,333,310,273,241,297,257,313,349,305,318,244,271,372,313,383,367
"474",362,211,327,293,274,261,312,237,298,323,286,307,226,290,363,312,244,416
"475",277,196,358,306,273,246,319,261,344,383,336,322,284,278,362,327,325,420
"476",293,175,361,316,305,227,322,291,343,325,329,340,283,288,380,308,316,430
"477",323,209,298,301,287,222,315,243,310,345,327,337,281,276,511,333,326,396
"478",274,202,374,313,321,269,321,285,353,341,336,306,296,316,366,323,365,444
"479",364,213,323,319,275,269,311,275,313,357,306,393,268,294,370,315,229,428
"480",309,187,337,314,334,207,310,257,329,320,316,346,308,291,486,292,335,385
"481",367,216,379,347,311,292,309,299,370,338,317,381,279,308,311,316,224,459
"482",310,200,338,327,344,286,311,275,349,347,333,305,304,268,495,340,365,432
"483",346,198,367,324,308,285,317,286,335,369,320,390,299,293,316,325,267,461
"484",322,181,337,306,301,240,304,257,333,318,305,334,277,279,377,296,316,408
"485",365,234,371,292,274,275,322,243,317,309,307,328,268,308,339,303,1101,421
"486",354,202,383,324,290,265,321,300,362,340,326,379,305,294,434,312,274,444
"487",360,202,336,324,302,301,335,319,408,350,347,367,333,256,465,328,229,458
"488",374,241,329,322,284,297,333,296,394,346,331,339,299,239,503,332,233,445
"489",311,193,324,342,311,613,313,287,347,344,334,365,312,289,467,335,306,452
"490",303,199,351,291,283,232,306,246,319,329,301,356,280,284,348,299,324,396
"491",298,190,344,302,274,237,299,237,305,315,301,351,288,285,323,295,329,384
"492",316,221,363,307,308,258,326,280,360,331,309,305,287,311,348,324,298,406
"493",380,235,361,336,316,231,337,255,365,332,336,361,301,296,496,337,297,487
"494",384,203,361,337,296,288,326,298,344,347,335,400,284,296,446,345,226,449
"495",375,233,345,341,298,295,342,288,336,364,321,355,273,287,497,334,243,495
"496",358,226,352,337,292,304,331,312,346,336,317,367,317,268,464,342,258,466
"497",306,221,329,339,294,249,349,283,363,371,314,366,304,265,482,329,346,440
"498",304,227,355,324,292,217,328,273,351,350,335,341,312,306,478,326,310,435
"499",296,211,309,319,309,246,292,201,309,301,298,269,279,255,515,303,345,405
"500",304,183,342,334,348,231,328,277,357,377,328,354,316,319,497,335,327,419
"501",365,227,368,343,299,305,344,300,365,349,319,368,310,309,357,330,241,476
"502",350,236,313,307,272,261,304,253,289,305,323,366,289,260,470,303,252,450
"503",364,254,319,320,295,251,326,244,322,351,321,361,284,212,442,324,241,432
"504",346,205,317,289,263,274,305,241,315,310,302,310,265,266,322,297,270,431
"505",342,222,378,335,288,302,340,308,370,365,326,379,298,318,389,315,233,463
"506",355,218,357,338,291,319,330,304,362,310,320,381,296,298,313,335,239,475
"507",388,198,323,323,282,196,314,280,320,324,321,416,277,286,423,324,250,423
"508",312,196,304,312,288,162,332,260,331,333,316,363,281,298,515,332,321,405
"509",293,209,320,309,286,213,316,263,351,322,296,350,289,242,485,300,321,382
"510",276,210,356,322,288,254,327,301,352,346,327,345,288,304,385,314,314,445
"511",315,206,321,309,320,192,325,252,327,349,312,349,298,285,540,325,345,406
"512",334,230,324,313,300,186,331,244,324,321,334,385,296,311,493,328,349,410
"513",368,224,345,316,274,228,316,261,328,351,309,396,279,295,451,333,272,432
"514",298,189,369,330,310,263,317,251,346,371,319,297,266,315,368,304,359,434
"515",320,233,315,320,320,232,302,205,331,328,306,299,262,256,494,327,346,405
"516",283,189,328,312,289,197,298,259,311,321,300,356,273,328,387,304,313,388
"517",385,204,354,341,339,317,347,284,347,350,336,373,296,306,475,348,264,452
"518",375,228,322,309,304,275,322,238,337,331,299,324,272,313,476,322,227,393
"519",306,219,340,328,320,231,321,263,364,382,327,295,306,248,488,328,354,438
"520",313,195,405,332,294,216,340,284,367,380,321,360,316,313,476,339,485,434
"521",369,233,335,327,312,207,320,247,332,376,324,353,293,294,471,319,230,427
"522",300,188,334,301,295,225,311,247,300,322,287,351,277,264,329,299,332,398
"523",313,204,319,314,303,177,319,269,306,345,310,382,293,307,452,315,318,395
"524",349,196,341,325,274,246,300,254,361,310,292,362,282,297,321,298,232,425
"525",284,185,358,319,288,280,311,276,354,339,332,310,292,319,364,321,346,411
"526",322,215,316,320,298,196,302,257,307,322,312,350,307,252,479,308,318,388
"527",302,200,292,306,320,225,294,260,342,341,320,327,278,229,467,305,315,391
"528",282,196,332,327,301,251,320,269,319,376,337,322,276,256,510,337,326,431
"529",328,204,360,337,310,243,333,302,382,377,340,393,287,315,486,341,342,484
"530",295,204,307,320,294,247,306,245,324,340,290,335,298,245,502,306,333,388
"531",310,166,373,309,302,262,320,303,355,326,305,358,320,301,337,305,301,420
"532",301,232,330,338,308,243,349,277,337,359,327,325,312,260,502,334,309,417
"533",377,236,325,306,318,251,321,263,311,333,320,389,286,275,436,336,209,401
"534",346,228,357,309,269,251,318,242,318,325,317,357,272,303,379,319,227,434
"535",311,189,325,314,300,193,308,239,309,326,306,339,290,310,461,316,336,375
"536",279,193,329,324,307,253,338,298,339,368,329,338,345,242,456,312,338,435
"537",378,219,384,322,265,307,295,268,362,337,309,323,270,304,368,315,265,446
"538",300,200,337,327,290,278,337,312,327,355,315,266,300,270,509,315,331,429
"539",321,187,323,326,306,205,306,254,305,307,329,363,286,301,500,330,320,441
"540",271,214,327,296,285,230,287,206,306,297,300,288,262,246,497,306,352,380
"541",362,246,324,301,251,261,309,227,287,317,320,320,270,229,482,322,259,424
"542",382,237,305,309,268,268,311,256,323,317,300,356,285,251,502,320,223,415
"543",306,213,315,319,329,232,344,285,348,356,321,332,318,280,537,337,312,469
"544",321,235,291,303,305,223,310,250,333,333,313,333,291,257,513,312,337,439
"545",319,191,326,319,283,240,312,264,323,332,310,355,305,298,448,319,331,422
"546",293,188,361,311,285,225,297,274,301,325,311,349,279,280,352,301,325,381
"547",364,232,340,318,279,273,320,291,368,364,332,352,292,277,496,342,291,462
"548",289,194,344,304,285,234,300,271,335,299,295,334,268,310,326,300,299,378
"549",299,198,358,322,311,292,325,286,336,345,320,329,268,299,402,329,297,434
"550",372,234,317,311,276,274,308,275,314,339,326,360,279,240,471,315,235,419
"551",284,191,368,319,293,234,316,302,381,333,321,349,286,297,329,317,338,425
"552",304,213,356,310,304,254,313,308,374,324,328,328,294,295,388,319,325,439
"553",387,225,336,322,320,223,333,247,310,327,325,381,259,345,464,321,245,444
"554",301,178,338,313,352,208,325,267,377,353,343,336,317,283,463,315,339,425
"555",394,235,346,323,284,296,338,294,342,359,325,355,273,260,499,340,261,465
"556",377,246,320,313,275,246,318,268,341,352,325,362,291,248,449,343,258,421
"557",387,212,339,339,261,265,332,287,364,336,315,327,287,239,505,323,262,453
"558",288,219,375,319,310,240,334,286,356,343,329,283,287,316,371,317,340,418
"559",366,220,333,302,277,255,307,269,328,343,320,386,259,306,327,307,229,421
"560",357,212,359,303,282,278,320,278,316,317,296,376,255,275,316,308,258,415
"561",332,229,380,325,290,285,295,291,348,394,315,312,256,312,353,303,234,466
"562",283,192,347,317,306,252,329,271,360,321,326,304,281,297,382,305,311,418
"563",324,209,342,352,306,239,333,282,367,371,328,325,310,267,484,331,318,437
"564",358,226,337,301,271,269,305,232,336,314,322,346,259,308,366,298,261,443
"565",303,177,361,358,305,202,319,276,379,366,348,337,306,329,459,330,346,443
"566",291,201,350,300,292,240,302,219,298,300,310,309,257,281,363,311,322,385
"567",351,221,339,341,303,423,334,277,338,354,316,380,293,247,489,330,266,492
"568",371,200,362,347,326,267,341,279,360,357,343,374,302,304,469,326,251,485
"569",307,193,354,341,321,258,333,312,371,360,322,363,312,250,486,335,294,420
"570",372,208,343,307,305,236,321,211,332,351,345,345,286,291,449,331,273,423
"571",346,220,380,290,260,266,306,263,317,292,305,346,259,269,315,283,237,419
"572",350,252,315,311,285,271,304,240,316,280,322,367,265,268,471,322,251,444
"573",362,234,316,332,309,277,314,303,406,365,332,354,315,255,467,326,224,446
"574",312,216,350,331,337,250,313,280,328,354,317,359,284,298,397,324,321,441
"575",295,211,361,303,317,237,322,301,376,343,343,359,288,300,380,325,337,450
"576",295,218,333,329,324,256,322,258,348,369,314,298,287,236,503,320,351,413
"577",371,222,357,321,307,258,322,266,379,345,339,382,287,289,440,331,247,444
"578",370,257,321,321,264,254,316,252,313,357,312,315,248,261,478,295,280,418
"579",375,200,376,346,345,237,343,306,399,359,345,423,274,324,453,348,235,466
"580",363,216,343,345,294,301,329,270,343,346,349,356,300,325,469,338,251,460
"581",312,199,372,334,330,201,333,280,365,344,330,345,283,328,482,334,358,420
"582",336,204,351,341,321,224,352,327,365,345,354,373,291,313,507,342,315,423
"583",286,183,359,326,283,214,327,295,355,322,328,364,324,306,448,326,315,394
"584",316,214,365,338,301,214,334,292,359,333,340,385,312,310,482,333,325,436
"585",300,193,337,313,305,258,327,276,346,328,328,307,306,277,462,316,334,432
"586",348,200,397,327,284,310,330,302,331,348,326,348,278,281,313,318,247,448
"587",353,238,323,303,276,247,312,245,310,313,313,337,267,249,464,327,267,416
"588",303,196,324,311,318,200,316,255,352,362,330,381,303,299,499,316,302,406
"589",372,227,361,359,317,239,349,275,371,374,331,407,298,303,517,335,264,475
"590",315,203,360,333,301,222,323,313,382,372,340,364,311,291,495,355,321,444
"591",290,210,327,314,302,237,330,226,330,333,311,362,293,306,478,317,357,412
"592",357,233,315,327,288,255,308,276,294,334,314,377,267,241,483,329,231,425
"593",303,200,342,318,292,275,329,319,365,330,324,356,326,316,330,307,317,420
"594",367,215,322,323,307,296,343,269,367,342,350,358,304,276,515,333,267,460
"595",311,233,347,330,307,258,329,290,374,373,322,352,288,258,474,310,365,441
"596",296,189,320,314,306,166,326,245,307,331,309,370,291,296,489,322,362,416
"597",365,197,337,344,333,234,340,302,405,348,335,414,306,334,450,363,241,456
"598",302,211,339,319,298,183,323,274,350,347,307,381,320,298,483,315,338,418
"599",309,206,346,310,288,242,312,241,315,314,301,335,277,292,364,313,296,398
"600",309,191,314,303,256,239,332,231,322,315,304,312,288,297,364,300,844,400
"601",403,247,346,352,330,292,325,292,365,371,347,352,291,294,493,330,213,448
"602",324,231,332,334,311,227,325,286,384,363,337,325,302,266,503,329,372,456
"603",346,203,331,324,291,285,340,315,386,356,331,384,317,224,473,349,276,444
"604",319,210,353,363,331,223,340,283,357,362,345,373,313,297,485,331,317,472
"605",309,224,306,313,324,219,318,256,303,325,308,329,295,257,486,315,331,397
"606",304,207,353,342,314,260,332,261,351,337,329,334,294,260,512,342,348,442
"607",370,259,377,336,278,247,321,252,362,316,338,309,286,251,504,322,251,476
"608",393,233,361,341,283,887,344,272,375,365,350,411,316,340,512,337,233,457
"609",358,244,347,332,293,217,330,241,340,323,318,372,263,273,462,315,285,418
"610",319,209,344,315,288,167,316,214,319,359,303,328,275,293,474,319,323,394
"611",284,208,286,320,310,218,316,242,309,354,329,333,292,231,492,323,357,402
"612",278,187,357,316,286,277,327,280,364,338,319,336,293,281,396,309,342,445
"613",318,222,287,311,294,215,313,240,315,319,311,355,284,282,508,323,318,406
"614",287,197,301,299,287,235,302,257,331,348,296,324,285,224,444,294,310,402
"615",353,202,391,325,277,267,316,308,367,348,326,340,278,302,314,328,238,436
"616",332,215,299,327,293,218,317,258,322,333,323,347,295,251,516,315,325,411
"617",351,228,362,319,291,294,317,279,366,372,311,349,301,236,451,322,235,439
"618",381,238,355,308,266,286,310,232,291,312,306,360,273,315,378,325,222,431
"619",310,188,302,314,280,196,298,230,282,324,305,313,286,244,432,306,315,378
"620",284,195,368,338,319,251,339,314,375,402,306,359,300,317,347,318,302,465
"621",295,217,358,317,307,234,314,271,332,340,315,341,293,307,386,301,335,442
"622",379,211,363,349,301,308,322,319,359,351,325,386,295,254,453,330,247,463
"623",357,236,389,343,294,282,326,305,378,331,321,397,275,313,336,344,216,448
"624",288,200,330,297,275,259,296,216,299,337,302,297,272,304,336,298,313,381
"625",370,246,375,332,296,247,326,246,374,327,344,362,312,339,485,321,253,476
"626",294,192,356,314,323,270,328,282,375,351,324,355,312,305,437,325,320,437
"627",367,190,379,330,288,293,330,291,369,336,318,382,284,292,337,316,234,461
"628",309,202,350,317,318,258,354,286,344,374,329,355,329,257,465,326,317,421
"629",299,189,310,300,293,248,268,218,310,320,288,299,248,290,366,307,318,390
"630",368,206,328,303,263,279,317,267,343,303,311,358,293,299,341,304,241,410
"631",352,214,324,351,272,261,322,247,336,332,306,357,248,264,512,339,224,439
"632",363,227,389,327,283,289,325,291,350,358,347,351,295,301,358,339,276,496
"633",402,243,376,335,310,268,321,262,349,320,331,369,282,246,522,325,245,484
"634",372,206,353,336,311,280,357,317,353,343,326,390,311,331,448,350,233,467
"635",313,207,348,341,335,287,322,292,344,329,351,324,277,244,537,332,326,423
"636",357,220,391,312,282,308,331,255,369,339,317,341,297,294,335,319,233,464
"637",284,187,380,312,304,285,339,246,340,337,305,316,290,324,356,334,326,448
"638",298,208,359,320,295,270,336,301,354,356,315,359,311,300,377,320,304,436
"639",278,173,337,319,286,230,292,261,288,323,291,360,299,273,343,298,328,393
"640",373,198,356,338,278,302,336,304,374,358,340,389,297,312,386,332,331,486
"641",360,210,358,326,285,308,325,303,362,336,320,361,276,298,353,332,273,466
"642",373,237,348,320,317,241,335,243,310,336,333,402,281,315,484,329,253,447
"643",298,173,362,323,297,282,324,298,378,351,311,350,276,312,392,316,329,429
"644",357,235,339,322,277,214,318,245,320,344,325,404,279,308,423,323,237,411
"645",296,202,329,312,285,232,294,248,336,318,302,346,281,284,370,315,321,383
"646",386,217,371,340,305,231,340,310,337,360,352,410,321,330,436,338,246,454
"647",369,223,379,339,355,253,339,292,369,327,344,428,335,316,413,364,251,460
"648",346,194,325,320,287,255,322,297,341,348,335,331,313,257,521,316,304,437
"649",356,201,370,322,305,261,348,299,342,362,326,432,319,286,400,337,272,469
"650",370,233,370,350,271,306,328,287,380,353,342,375,268,334,371,331,219,476
"651",352,203,362,328,313,279,319,275,360,355,327,386,301,292,364,330,227,468
"652",317,210,308,321,317,283,348,287,352,366,350,337,326,298,517,354,305,443
"653",311,191,353,331,331,208,330,304,376,355,332,374,316,327,506,343,338,461
"654",349,198,347,296,259,276,313,255,322,342,285,338,266,304,325,308,264,404
"655",369,218,349,340,322,275,343,291,351,374,319,347,306,287,477,326,296,457
"656",310,200,363,330,307,260,328,307,362,326,308,336,288,295,376,314,319,416
"657",354,235,362,334,305,257,339,300,344,363,341,379,295,262,476,343,230,446
"658",390,196,369,329,341,244,336,317,389,387,322,415,315,289,422,324,250,475
"659",370,231,359,329,269,312,323,275,351,343,312,339,280,292,299,325,253,435
"660",373,212,340,295,260,265,307,258,320,339,305,363,267,303,316,308,246,425
"661",359,223,338,315,263,1333,323,260,297,363,337,359,281,255,453,325,229,425
"662",331,231,385,325,309,302,311,265,382,335,325,333,302,321,372,324,406,468
"663",382,234,379,356,317,281,341,279,383,359,334,404,293,313,482,331,258,485
"664",357,204,367,315,293,311,329,305,370,328,319,340,277,301,322,311,242,445
"665",352,198,360,348,275,322,322,317,369,369,312,380,290,275,329,328,253,465
"666",343,200,402,337,277,294,327,284,374,342,327,325,257,305,336,320,246,459
"667",389,219,314,316,259,272,318,214,333,328,304,345,269,243,464,301,236,407
"668",379,211,366,326,331,271,341,299,390,341,340,381,335,316,437,339,248,492
"669",376,233,355,325,305,258,313,243,329,369,325,375,284,295,479,325,238,440
"670",357,215,323,320,291,227,317,266,299,317,327,349,264,226,440,310,243,416
"671",366,209,358,313,253,261,299,261,305,327,320,378,273,266,353,302,247,421
"672",357,200,365,344,312,286,322,302,363,347,323,365,288,304,370,331,262,472
"673",361,224,357,337,306,305,321,286,365,321,330,345,299,313,377,334,230,470
"674",353,205,361,341,303,332,313,266,373,319,328,337,244,296,339,325,255,448
"675",285,203,387,339,315,265,334,292,357,330,330,346,301,313,401,343,339,433
"676",355,247,349,312,251,266,324,273,333,342,307,383,277,290,315,315,221,428
"677",284,202,303,298,264,237,299,234,311,337,298,314,286,243,436,315,281,386
"678",274,205,386,306,320,237,318,308,327,320,321,356,291,277,361,313,309,418
"679",352,209,370,372,297,256,357,311,395,354,365,393,295,328,480,334,255,470
"680",330,211,343,333,274,276,322,290,369,340,315,346,292,260,432,316,250,452
"681",292,199,336,312,290,197,319,265,347,359,326,367,301,310,439,308,306,397
"682",303,219,366,286,279,236,302,231,311,329,299,291,274,289,351,276,332,397
"683",356,196,351,331,304,261,331,314,391,375,322,424,337,317,426,298,239,471
"684",317,202,357,336,328,220,345,307,350,392,325,390,329,311,515,361,340,460
"685",373,215,355,311,244,264,321,271,305,314,300,362,247,295,333,292,260,440
"686",311,199,384,326,315,249,317,288,347,345,324,384,288,300,333,349,320,422
"687",313,225,345,335,327,215,331,293,362,328,326,338,301,305,482,331,319,441
"688",297,180,335,315,310,193,301,256,294,348,313,347,309,299,422,316,304,387
"689",292,203,317,330,294,276,342,300,360,335,328,331,318,250,509,324,318,425
"690",280,201,337,327,310,265,326,283,345,337,315,310,315,266,467,305,334,419
"691",302,200,339,330,330,271,324,304,412,357,324,351,295,250,489,326,326,425
"692",319,204,312,336,316,218,317,288,348,347,322,361,305,333,503,324,315,429
"693",363,214,347,315,309,223,305,246,333,334,305,340,277,324,456,326,276,417
"694",360,233,363,344,281,260,323,284,344,364,346,359,306,325,474,338,251,455
"695",365,228,347,320,292,228,317,243,305,317,310,379,270,309,489,329,298,438
"696",295,199,334,324,296,243,298,271,311,313,315,355,302,303,409,299,293,401
"697",346,236,384,306,247,291,314,265,361,359,325,332,263,275,336,317,262,476
"698",294,207,346,304,330,230,323,267,324,345,314,358,288,318,379,311,312,399
"699",292,180,363,332,341,222,350,289,388,372,317,372,328,301,471,333,325,445
"700",362,206,389,333,268,264,321,283,384,304,337,360,270,298,334,331,251,474
"701",355,215,384,341,315,245,327,283,386,336,320,342,303,342,479,347,236,469
"702",302,187,357,316,305,250,313,283,338,327,325,349,287,292,381,321,341,439
"703",301,199,304,301,290,254,299,272,310,360,329,321,275,251,487,307,309,402
"704",355,241,315,334,289,262,323,245,330,332,334,367,270,271,504,312,226,432
"705",282,187,362,333,299,259,336,284,382,350,333,347,282,328,513,322,330,472
"706",342,205,388,311,256,311,315,278,389,351,315,352,286,280,337,326,245,456
"707",312,201,321,313,296,253,302,244,304,318,313,338,274,298,392,305,323,392
"708",392,228,360,334,335,265,341,277,367,351,328,376,286,287,465,339,275,458
"709",354,206,356,314,269,283,293,242,318,293,299,311,267,294,319,307,262,418
"710",394,226,319,325,313,255,328,287,292,335,326,407,294,318,494,313,270,425
"711",290,207,371,327,341,261,312,333,365,330,326,364,301,307,357,324,320,434
"712",350,211,380,328,313,287,340,304,396,311,315,402,282,317,332,343,228,465
"713",357,226,374,361,285,287,346,290,343,359,345,392,313,291,478,346,233,481
"714",374,200,328,345,291,239,336,247,305,313,322,398,296,314,427,320,254,450
"715",368,204,382,303,296,301,320,261,368,356,326,337,277,299,366,308,268,489
"716",338,206,363,298,267,284,309,266,364,338,321,338,267,319,352,320,274,449
"717",306,221,326,306,282,232,300,213,291,296,311,265,264,237,497,298,325,399
"718",357,217,375,360,317,256,337,278,363,360,335,389,316,328,476,340,233,495
"719",309,188,369,311,280,245,322,284,352,312,323,361,286,330,350,317,313,433
"720",385,205,340,328,291,231,316,282,320,352,318,417,300,302,412,312,257,410
"721",357,198,359,331,297,256,352,242,363,358,349,348,296,320,481,337,281,459
"722",324,213,385,338,316,229,335,274,337,363,333,346,314,298,545,326,349,437
"723",370,251,325,326,299,211,339,243,337,315,350,389,295,293,462,321,223,440
"724",344,209,344,316,332,238,323,293,353,362,324,338,275,260,485,342,303,437
"725",269,196,362,296,297,276,306,265,341,332,297,284,273,301,399,308,360,418
"726",280,196,382,322,307,250,317,232,372,328,310,328,282,308,368,317,308,427
"727",312,205,295,309,301,210,313,258,326,354,314,331,263,251,534,308,315,413
"728",382,236,332,335,278,225,320,237,334,322,320,415,266,291,401,312,257,439
"729",358,229,388,309,287,249,293,224,318,328,314,377,265,292,355,298,273,414
"730",363,198,368,338,274,316,308,299,387,349,323,380,261,298,334,335,248,455
"731",362,237,317,314,287,294,362,303,351,352,332,392,307,260,478,325,234,466
"732",297,199,315,296,267,218,319,236,301,348,319,307,271,260,489,306,318,388
"733",296,181,328,305,305,2903,294,263,318,340,308,343,266,313,417,304,321,388
"734",315,183,317,314,305,183,306,255,295,330,317,330,291,312,456,313,334,386
"735",329,227,346,301,256,288,311,243,310,321,312,314,272,273,360,306,228,421
"736",301,219,298,313,292,219,299,255,305,314,308,343,324,273,485,309,338,394
"737",283,206,334,305,297,229,311,250,318,336,302,288,286,267,478,294,335,415
"738",303,175,342,329,297,221,325,295,365,347,316,397,328,301,445,336,319,399
"739",299,183,326,329,291,202,301,255,325,317,301,350,296,307,433,315,337,404
"740",348,213,342,301,282,275,315,228,311,306,302,335,264,293,325,297,256,432
"741",367,224,312,321,287,284,314,249,322,358,308,372,270,246,446,303,232,435
"742",343,213,322,304,276,240,313,232,307,342,309,343,269,288,438,297,255,424
"743",334,193,365,352,317,222,336,328,337,317,353,403,308,327,441,360,337,458
"744",389,206,377,329,302,325,340,289,370,366,332,383,299,299,371,333,263,469
"745",382,224,309,315,299,206,330,244,324,337,327,413,269,308,467,335,336,427
"746",323,175,321,322,320,191,316,258,322,304,330,363,309,296,435,305,331,398
"747",345,221,328,299,277,293,308,256,325,325,302,397,289,272,311,302,229,410
"748",316,206,321,316,306,208,330,256,334,350,313,386,297,281,482,326,343,414
"749",358,245,312,304,276,287,315,214,350,322,289,312,267,244,469,305,251,421
"750",297,221,357,330,323,257,317,307,371,366,336,359,321,302,456,324,374,461
"751",365,218,322,304,279,255,310,212,301,296,306,302,251,233,486,318,251,424
"752",373,227,314,304,279,240,318,274,330,336,314,367,289,243,442,314,213,415
"753",274,197,375,315,305,286,309,293,363,348,310,354,278,298,339,332,353,429
"754",364,215,320,304,254,253,309,265,313,325,298,320,286,246,470,313,240,419
"755",306,217,358,299,306,214,318,257,315,318,308,335,304,291,454,311,373,384
"756",358,219,356,334,304,313,336,296,366,360,311,378,272,321,350,324,240,476
"757",313,208,326,313,276,210,314,261,310,325,324,370,282,289,477,320,338,428
"758",290,204,333,298,268,240,305,289,323,318,286,378,295,289,351,301,291,393
"759",301,183,324,309,307,205,313,266,293,339,303,411,322,302,444,324,314,405
"760",286,200,336,325,287,212,317,254,315,340,327,322,280,294,484,324,312,391
"761",308,188,324,311,305,205,318,284,321,346,306,385,321,305,462,316,324,414
"762",374,218,332,311,283,215,344,256,309,343,314,370,275,326,483,324,274,449
"763",379,222,344,315,300,266,332,230,320,312,320,378,236,324,347,308,273,438
"764",302,181,320,300,284,244,302,251,319,331,292,317,289,278,322,308,312,392
"765",310,188,320,330,285,172,314,286,317,355,317,401,291,327,433,335,322,415
"766",295,218,314,300,294,208,292,213,286,289,295,292,274,244,484,312,316,392
"767",303,217,303,313,291,234,312,248,324,345,316,337,305,265,491,331,318,368
"768",285,215,348,334,307,239,316,299,343,325,322,335,299,292,534,327,348,420
"769",295,224,302,305,293,238,330,259,327,345,329,329,289,255,530,320,302,390
"770",313,190,340,316,296,192,316,260,331,326,312,337,296,292,419,307,316,376
"771",358,226,352,314,272,274,305,262,355,328,311,380,260,251,459,308,244,399
"772",285,211,335,293,302,237,296,226,267,309,294,291,286,251,512,303,362,383
"773",318,199,326,302,289,200,310,212,320,309,303,310,269,291,461,345,328,385
"774",296,196,370,311,287,254,330,279,339,331,305,334,295,301,389,302,341,420
"775",421,236,318,344,346,279,352,306,377,366,361,377,299,288,508,344,228,479
"776",293,204,307,317,304,225,307,256,334,328,322,344,302,263,464,317,304,406
"777",353,221,372,315,284,274,326,266,345,371,323,344,279,317,480,318,265,494
"778",318,219,311,322,318,250,310,237,332,343,303,312,293,246,497,310,311,369
"779",404,227,378,347,279,243,319,311,355,376,350,424,324,344,415,356,253,460
"780",353,212,332,307,240,273,325,247,314,328,304,312,245,349,362,307,1114,416
"781",302,186,359,329,300,302,301,271,338,344,329,298,300,289,377,333,356,431
"782",300,162,362,328,305,201,342,336,383,364,335,403,313,310,505,337,347,436
"783",287,178,370,301,344,270,319,318,375,363,318,360,303,275,359,338,345,431
"784",368,229,347,349,311,249,326,304,364,352,347,396,295,312,480,336,243,484
"785",337,205,358,317,283,277,312,274,359,354,330,333,286,329,357,315,228,460
"786",301,179,313,315,271,227,310,232,321,328,307,350,285,307,433,307,323,390
"787",301,200,326,316,324,411,338,308,348,328,335,369,323,237,506,327,321,443
"788",387,223,354,311,293,272,317,260,342,312,294,350,284,316,370,298,246,429
"789",379,215,320,337,295,212,330,260,343,388,310,413,314,303,443,305,253,410
"790",390,211,349,342,313,220,344,305,373,347,340,409,292,326,435,343,247,474
"791",314,208,351,342,321,253,332,305,363,361,325,359,323,281,476,324,296,434
"792",351,235,349,297,277,263,307,230,342,308,304,340,269,284,303,288,249,413
"793",338,214,368,327,272,294,326,286,350,342,302,331,274,320,351,323,250,446
"794",294,194,324,340,297,227,321,296,328,321,324,340,314,257,481,328,328,454
"795",319,194,342,319,309,205,313,260,318,374,325,383,299,312,451,324,312,405
"796",308,210,369,326,296,247,333,268,392,342,311,339,282,307,383,327,314,451
"797",379,225,335,337,299,271,327,297,363,363,334,369,320,287,495,340,245,467
"798",313,177,351,329,323,250,322,291,339,352,338,376,305,312,452,338,348,431
"799",305,212,305,314,289,246,319,227,282,335,313,295,262,252,482,299,334,388
"800",303,199,340,336,336,227,346,305,359,353,322,363,321,317,465,339,332,446
"801",357,247,304,308,299,272,304,237,311,330,313,330,277,243,474,326,250,433
"802",370,236,347,328,295,288,328,257,361,359,323,327,271,256,493,323,242,476
"803",310,225,355,328,320,238,317,296,382,346,351,378,324,322,532,345,329,445
"804",314,186,347,329,343,229,324,269,394,370,330,348,300,314,425,337,322,429
"805",364,223,387,330,321,278,334,296,369,347,338,374,304,324,354,328,191,442
"806",292,233,347,336,317,253,317,251,355,347,341,315,298,266,514,331,335,412
"807",364,231,342,321,275,246,322,256,300,335,316,289,258,259,486,321,221,430
"808",365,233,300,299,258,270,314,216,288,334,314,315,261,236,492,301,294,448
"809",307,216,323,320,308,223,327,280,373,352,344,314,298,246,519,329,341,453
"810",343,227,348,304,280,298,303,267,322,353,301,372,275,292,283,307,233,436
"811",305,203,342,292,300,263,308,263,324,334,291,358,276,273,350,296,289,388
"812",379,205,379,335,324,245,327,266,360,363,317,373,296,323,424,339,244,444
"813",351,220,379,333,321,256,329,283,357,338,335,362,277,287,465,332,284,479
"814",350,211,380,326,287,275,326,271,351,317,311,353,295,315,353,309,256,440
"815",295,195,316,323,286,235,327,285,359,314,319,298,336,267,461,318,311,417
"816",280,184,344,295,283,221,287,219,272,322,282,302,259,279,363,290,343,400
"817",369,219,311,324,290,277,316,251,338,340,320,371,286,260,452,312,296,421
"818",405,218,320,328,269,219,325,261,345,331,329,364,257,301,461,323,249,437
"819",340,217,338,306,294,248,316,243,277,326,319,324,282,261,439,309,239,394
"820",286,209,377,343,301,258,308,314,363,329,306,358,295,313,373,307,315,448
"821",369,225,368,314,265,297,325,274,377,351,317,333,305,261,438,318,231,450
"822",266,215,384,342,324,255,327,281,356,330,316,368,286,315,399,335,344,450
"823",294,232,373,332,304,265,315,263,338,313,319,299,322,279,390,307,326,411
"824",286,166,319,317,302,251,304,277,315,326,307,332,252,289,329,298,295,378
"825",357,246,349,310,320,309,325,261,347,350,326,342,306,260,498,325,250,466
"826",350,212,373,320,286,287,314,301,366,360,324,397,310,316,340,331,268,452
"827",292,198,343,295,292,234,297,232,316,316,286,313,272,292,343,308,306,383
"828",376,210,375,356,321,265,359,292,385,355,321,409,288,316,469,348,240,454
"829",376,226,335,334,280,277,342,306,337,351,332,355,278,259,507,331,240,446
"830",317,219,316,309,301,205,310,273,329,315,313,342,326,260,463,326,292,390
"831",303,212,359,315,312,237,328,303,370,374,336,374,335,298,500,316,325,447
"832",381,227,384,350,295,268,343,284,362,343,339,333,303,296,498,318,280,455
"833",291,200,371,337,316,241,323,279,376,344,307,356,295,305,402,313,331,437
"834",315,237,326,298,304,256,302,234,317,317,312,342,288,250,528,308,313,401
"835",312,188,328,317,273,255,300,248,363,328,325,340,284,314,496,317,320,399
"836",356,240,319,302,315,266,297,244,298,371,311,332,291,285,484,331,279,433
"837",354,216,366,328,316,301,327,303,371,378,344,395,284,314,314,323,231,462
"838",294,215,383,337,329,248,319,290,344,341,321,347,279,297,376,320,338,455
"839",377,196,341,334,300,245,315,248,318,341,316,355,258,290,456,316,248,437
"840",302,198,344,312,313,253,299,331,352,331,338,361,304,282,358,327,319,413
"841",356,222,348,314,284,293,322,257,326,359,321,349,270,295,367,321,225,426
"842",352,212,310,315,285,279,312,264,324,309,312,363,275,219,451,306,235,417
"843",290,180,377,329,312,272,319,302,382,345,318,371,286,289,339,314,304,425
"844",306,199,371,327,293,284,318,292,366,335,320,351,291,281,346,319,312,433
"845",287,180,362,343,332,193,333,331,353,369,331,397,317,325,431,335,317,459
"846",282,201,352,295,289,257,297,234,303,294,312,313,264,318,360,321,301,388
"847",343,219,331,305,267,260,331,250,332,327,327,378,255,310,354,311,239,421
"848",287,218,337,296,287,223,295,228,299,317,309,328,282,312,387,298,340,382
"849",325,222,298,303,300,203,293,273,323,314,317,348,299,268,472,325,330,387
"850",356,210,324,299,276,252,315,243,311,334,319,341,282,252,441,319,247,408
"851",309,213,327,329,332,233,342,288,365,342,322,344,325,262,519,355,340,465
"852",360,214,366,317,276,284,328,289,355,361,314,397,309,269,313,317,228,463
"853",303,190,350,314,308,276,332,291,352,340,335,362,300,288,346,317,333,417
"854",313,198,343,297,288,218,303,260,318,328,317,353,263,297,408,296,319,395
"855",309,196,301,318,310,255,344,315,345,339,335,352,335,268,462,338,296,450
"856",353,231,369,326,302,299,323,303,365,344,329,371,286,313,366,340,262,441
"857",297,205,332,319,291,222,298,268,317,323,309,348,265,329,384,301,307,390
"858",371,220,359,328,297,281,334,303,381,333,323,369,305,296,360,343,241,476
"859",390,234,345,314,280,199,316,240,324,333,327,346,268,303,494,322,277,424
"860",311,211,325,333,317,181,324,262,351,325,329,393,315,304,452,329,290,411
"861",363,240,334,282,284,313,300,215,313,302,301,349,240,299,342,300,256,407
"862",343,222,352,330,284,584,336,270,358,361,342,322,268,235,484,335,248,455
"863",350,219,337,278,252,277,317,284,324,320,289,369,284,276,344,309,634,411
"864",279,177,364,330,324,249,322,281,343,384,332,344,308,291,496,338,340,413
"865",392,202,338,293,277,210,319,231,309,323,315,374,270,293,460,325,249,410
"866",291,208,320,320,310,250,333,286,353,368,325,356,327,260,492,327,307,444
"867",273,196,382,311,305,288,299,250,362,329,311,314,278,288,382,300,354,421
"868",323,180,324,312,298,216,320,239,308,326,318,376,294,266,490,328,321,398
"869",377,213,344,304,284,253,331,273,351,367,319,411,262,280,433,329,263,441
"870",287,204,372,317,301,267,296,278,328,348,311,305,316,293,345,318,323,429
"871",364,223,359,328,287,300,321,224,311,346,305,371,266,307,346,322,306,428
"872",312,179,323,311,277,249,292,251,320,319,297,348,286,281,344,311,319,386
"873",364,227,323,313,305,255,307,276,323,318,316,355,271,299,318,303,229,408
"874",362,225,386,320,278,300,328,286,354,342,338,357,302,307,387,334,241,472
"875",296,220,297,319,284,211,316,271,317,329,330,345,274,278,539,325,329,391
"876",304,205,343,332,316,257,321,304,369,348,328,348,349,272,463,312,300,425
"877",374,232,334,327,295,305,343,295,358,332,325,331,271,277,503,341,254,498
"878",366,247,298,301,306,276,320,250,301,323,327,343,296,228,522,301,229,421
"879",317,215,361,340,298,248,343,288,361,359,328,397,288,296,463,320,306,452
"880",363,221,324,332,289,259,309,245,291,338,311,340,269,298,448,322,251,409
"881",299,195,323,325,284,345,317,305,344,356,342,330,283,243,466,319,323,429
"882",323,171,355,348,309,1672,363,312,347,372,346,368,294,330,525,355,346,420
"883",313,228,322,315,325,237,306,251,332,307,312,384,311,241,468,312,324,405
"884",372,214,330,320,308,217,322,259,310,358,322,407,284,320,418,332,246,445
"885",364,221,353,300,253,247,308,240,321,333,299,371,283,311,322,317,245,427
"886",352,224,324,344,293,270,339,291,357,352,315,377,341,242,444,341,259,472
"887",357,226,382,333,318,921,331,288,384,325,351,391,296,343,472,340,247,466
"888",292,182,358,346,335,239,326,297,349,354,328,374,322,303,341,332,315,414
"889",274,196,370,320,304,292,311,277,386,345,322,363,281,284,308,326,324,424
"890",362,232,365,321,284,285,308,282,353,365,368,385,307,331,357,354,268,473
"891",296,207,307,322,285,212,305,251,316,353,311,328,285,256,497,308,314,435
"892",366,228,354,331,305,264,324,309,354,362,330,397,291,264,474,328,228,455
"893",338,206,342,300,302,258,308,220,320,301,310,335,245,295,362,304,223,393
"894",311,203,309,297,285,223,313,207,301,308,288,283,275,258,491,295,356,421
"895",363,234,359,329,285,268,322,271,331,348,328,339,332,258,463,326,282,468
"896",290,188,348,294,265,241,297,215,317,307,296,303,244,293,355,304,336,363
"897",282,211,384,319,316,254,338,286,371,343,315,334,288,348,391,313,329,439
"898",302,193,314,314,296,205,305,259,301,338,307,315,274,334,447,337,336,387
"899",321,237,323,326,301,171,328,255,290,331,306,358,291,316,510,308,332,398
"900",371,202,344,342,292,242,338,281,370,378,330,358,305,360,481,332,246,471
"901",301,217,335,291,295,223,315,228,296,357,304,363,251,291,383,299,313,401
"902",308,190,325,323,290,252,311,267,346,337,325,320,319,233,454,354,359,434
"903",372,204,353,323,319,267,364,289,359,364,337,395,323,313,427,325,245,468
"904",342,196,353,306,262,272,314,233,303,327,287,334,262,299,354,308,241,408
"905",374,213,372,314,304,230,324,260,368,329,337,361,295,336,451,337,246,481
"906",371,231,335,314,286,213,303,238,342,331,317,340,292,288,464,323,246,426
"907",299,208,335,323,303,218,321,290,350,354,316,358,307,268,532,333,340,444
"908",370,215,361,340,273,296,306,259,331,315,332,333,264,316,373,338,260,445
"909",304,201,301,303,290,218,306,256,315,338,311,320,294,234,523,329,313,392
"910",391,229,327,329,316,262,297,244,330,354,339,401,271,317,470,326,251,435
"911",394,209,353,324,272,295,332,269,353,354,327,361,302,288,459,333,255,467
"912",356,213,342,313,282,289,295,246,309,323,310,324,263,286,377,306,222,414
"913",288,196,313,307,292,251,317,247,316,304,302,337,262,284,373,286,342,380
"914",301,199,348,317,295,251,320,284,377,325,321,314,304,257,463,331,324,431
"915",316,201,308,294,280,214,309,264,324,305,287,339,281,231,495,318,326,397
"916",333,227,340,297,281,233,314,236,329,337,304,349,285,318,458,325,279,422
"917",287,209,363,315,277,256,303,281,335,308,309,320,280,298,349,319,296,419
"918",300,188,300,322,321,192,328,254,311,345,327,371,304,301,547,309,326,410
"919",292,194,313,320,330,261,335,289,351,335,330,339,288,264,524,322,307,442
"920",304,218,352,329,298,288,320,268,354,374,310,338,292,303,368,303,320,444
"921",392,226,381,346,333,271,347,294,362,376,338,439,345,305,453,350,273,466
"922",390,228,319,348,291,220,315,238,302,346,330,408,301,315,464,343,252,429
"923",370,225,339,300,285,226,316,243,325,339,313,338,298,295,449,335,279,413
"924",309,197,339,308,288,241,301,226,297,330,297,326,272,312,379,301,336,388
"925",358,223,362,344,271,308,359,309,366,357,341,364,306,260,458,331,235,465
"926",306,201,339,303,277,230,300,253,334,318,301,348,255,278,333,286,313,397
"927",355,222,352,327,261,307,323,267,340,324,308,340,250,309,345,310,233,453
"928",371,228,306,320,291,293,325,268,312,328,326,361,254,266,498,316,253,404
"929",306,189,326,300,283,235,307,244,334,328,302,332,246,304,377,316,303,407
"930",364,201,354,340,306,262,347,294,380,354,340,404,299,279,423,343,251,489
"931",372,220,353,340,303,277,332,295,374,353,336,365,310,326,448,337,242,485
"932",310,182,314,317,301,170,311,226,314,317,327,340,259,319,473,300,333,392
"933",369,248,334,338,301,278,340,284,370,366,335,359,331,268,487,317,270,497
"934",367,202,348,335,314,251,326,283,385,379,335,384,286,319,474,329,282,474
"935",369,221,351,321,295,302,318,298,353,370,326,322,277,229,438,315,244,450
"936",396,228,354,321,308,288,348,278,357,347,333,369,290,250,434,344,225,464
"937",308,220,354,335,326,252,338,282,397,358,326,367,301,276,509,324,369,438
"938",356,193,381,317,299,253,336,272,349,365,336,375,315,299,418,339,255,437
"939",378,223,332,339,325,243,301,256,316,360,304,361,262,295,472,310,241,429
"940",344,237,292,316,290,240,313,224,318,323,315,352,281,228,487,316,249,416
"941",382,238,381,356,336,264,321,295,361,345,340,417,297,372,487,353,284,484
"942",323,202,340,294,300,235,301,246,316,327,298,323,259,294,357,310,332,394
"943",385,221,363,354,298,251,338,309,345,371,337,393,277,341,492,343,267,462
"944",264,216,337,304,272,239,298,228,288,309,301,309,283,299,341,284,338,384
"945",318,180,356,334,320,258,330,308,382,367,340,376,309,330,460,326,331,445
"946",289,210,308,304,286,200,305,247,281,324,326,321,274,263,502,310,333,409
"947",391,209,374,333,320,287,337,295,373,366,338,369,282,324,369,317,227,469
"948",289,221,322,294,319,253,319,255,320,346,309,340,271,290,393,289,335,404
"949",275,178,359,330,288,279,326,318,379,346,339,374,290,312,372,325,313,435
"950",295,199,353,286,270,258,290,247,301,356,295,319,271,275,328,301,313,388
"951",368,205,372,336,322,274,340,308,376,338,322,375,300,273,331,338,275,450
"952",321,208,337,307,276,266,305,242,318,325,308,303,258,273,347,281,330,369
"953",292,194,325,321,328,190,324,260,341,349,310,380,289,310,477,314,362,412
"954",353,217,311,324,262,267,292,256,314,327,328,369,289,256,462,320,255,423
"955",374,238,343,318,303,280,316,247,326,364,293,371,271,323,359,334,1112,418
"956",291,227,338,321,289,266,302,241,352,325,328,280,280,270,522,330,346,431
"957",298,197,355,344,309,237,341,292,370,360,347,387,303,314,516,322,338,444
"958",289,205,302,323,280,241,300,224,283,333,299,303,255,245,509,304,342,405
"959",342,215,328,312,297,221,323,226,327,335,311,358,269,300,452,327,257,425
"960",372,212,348,306,284,284,305,246,329,340,307,367,255,299,316,320,267,407
"961",285,187,340,324,336,205,326,257,351,340,349,329,297,310,481,316,335,442
"962",311,222,330,355,335,214,337,272,341,358,345,376,297,323,493,330,315,445
"963",375,221,327,315,289,227,323,269,304,339,319,382,275,289,461,323,234,435
"964",297,203,358,312,267,242,295,242,316,322,291,296,262,290,392,302,342,395
"965",329,191,368,345,354,261,328,292,382,336,350,393,327,308,468,339,342,443
"966",379,197,317,321,283,228,304,304,335,362,313,384,303,270,453,323,243,426
"967",366,223,341,323,304,298,334,241,344,341,336,310,282,256,510,322,296,464
"968",364,213,384,311,299,261,336,258,374,364,315,344,332,300,495,331,272,496
"969",363,209,378,318,280,296,328,285,353,341,311,360,240,312,385,332,251,468
"970",297,204,335,328,329,278,316,306,333,337,313,355,304,284,323,291,311,426
"971",381,239,336,311,293,245,332,248,345,351,318,396,298,285,470,324,269,424
"972",369,212,331,307,282,215,305,259,316,340,312,373,286,303,422,300,234,415
"973",310,204,321,320,297,205,335,265,362,341,314,373,295,290,508,314,352,398
"974",302,195,326,328,288,187,320,265,293,328,313,383,290,285,438,318,345,402
"975",290,227,327,329,327,257,330,271,361,362,343,331,299,285,521,332,326,444
"976",349,220,361,333,299,297,310,265,383,361,319,314,277,251,479,322,235,437
"977",366,270,331,300,277,270,327,220,307,347,321,301,297,268,492,317,260,441
"978",380,246,316,310,272,265,325,244,289,344,321,367,310,261,519,308,222,415
"979",309,221,300,311,282,1565,297,231,316,352,307,317,283,246,522,310,311,382
"980",345,213,348,322,308,285,298,240,342,344,315,317,262,328,350,329,255,457
"981",359,209,370,326,291,235,345,243,380,362,331,363,311,319,445,319,276,478
"982",330,222,319,329,312,255,340,290,318,346,333,355,317,270,522,342,323,493
"983",362,222,308,304,317,256,302,240,305,336,310,350,257,264,452,305,275,422
"984",321,206,298,319,296,670,323,252,318,345,326,363,295,307,490,311,316,410
"985",373,237,331,317,278,244,307,237,335,329,316,347,268,282,509,336,251,444
"986",305,212,322,333,314,219,324,250,313,336,317,372,299,293,486,320,359,409
"987",374,220,358,302,269,256,301,241,330,326,310,347,255,285,381,315,251,427
"988",305,188,311,296,292,232,309,257,318,329,315,336,296,256,475,302,314,422
"989",293,207,339,293,300,212,310,245,301,316,307,295,276,280,359,301,312,391
"990",408,216,322,323,280,228,327,263,349,335,325,377,272,322,452,329,338,447
"991",368,211,346,301,282,276,300,236,309,319,291,340,274,279,298,303,223,396
"992",349,256,368,326,275,301,323,257,341,356,326,309,291,276,498,297,246,445
"993",387,233,306,320,285,246,305,228,311,335,301,373,266,258,485,325,262,437
"994",361,212,361,290,275,276,290,252,305,331,296,354,263,297,317,310,220,412
"995",294,180,335,307,280,241,287,271,320,340,323,366,258,296,338,311,864,392
"996",297,200,329,322,290,263,320,281,320,323,311,303,293,264,472,327,324,449
"997",308,186,321,328,300,186,328,267,334,333,323,367,297,288,419,317,303,405
"998",375,199,370,328,287,258,327,283,357,359,331,361,277,302,371,330,243,483
"999",305,218,365,320,360,222,330,298,380,364,339,382,301,288,491,323,336,475
"1000",289,193,319,307,298,254,311,258,306,320,302,361,276,276,339,301,328,411
