"","v Afghanistan","v Australia","v Bangladesh","v Bermuda","v Canada","v England","v Hong Kong","v India","v Ireland","v Kenya","v Netherlands","v New Zealand","v Scotland","v South Africa","v Sri Lanka","v U.A.E.","v West Indies","v Zimbabwe"
"1",252,318,282,378,358,301,339,334,435,360,374,300,351,378,414,386,381,737
"2",310,349,394,376,360,415,325,354,329,365,362,297,353,470,394,397,319,543
"3",244,322,355,384,356,398,314,313,393,369,383,329,359,404,470,402,323,747
"4",295,327,396,410,387,441,313,381,388,399,407,307,388,486,405,427,359,818
"5",314,342,377,408,418,378,361,368,385,383,400,318,399,497,389,428,331,795
"6",295,362,337,360,348,314,349,382,393,344,361,313,342,474,401,387,352,536
"7",302,300,370,346,349,395,391,370,376,343,375,307,337,464,427,386,288,483
"8",332,337,389,409,411,444,402,351,398,403,415,340,413,498,449,431,380,795
"9",286,382,367,384,378,397,344,303,356,382,373,317,364,500,425,415,329,536
"10",332,320,416,407,379,412,412,370,381,376,384,299,360,482,426,400,355,590
"11",279,330,377,363,338,356,344,301,384,331,364,273,321,397,413,384,339,521
"12",298,317,345,394,372,371,360,337,443,376,397,322,365,398,460,388,335,748
"13",300,326,396,400,377,381,378,361,448,389,402,300,375,394,467,417,370,809
"14",344,342,394,419,411,429,379,356,393,402,391,326,405,495,436,437,336,796
"15",271,323,337,414,373,429,352,418,402,371,393,322,386,461,427,407,291,741
"16",246,331,283,363,365,358,292,397,333,371,363,331,364,460,439,399,347,718
"17",342,346,383,417,424,399,356,351,382,407,390,329,392,525,433,428,356,813
"18",317,399,396,395,371,400,397,346,396,353,398,296,376,503,402,433,363,564
"19",283,323,365,389,384,409,318,316,329,385,375,295,373,488,423,428,333,739
"20",278,317,321,394,382,391,368,405,370,385,405,311,370,483,403,428,396,760
"21",325,350,387,373,389,366,379,331,355,366,396,304,360,473,415,421,326,519
"22",282,351,310,374,328,308,333,359,326,353,349,311,330,466,405,379,376,498
"23",288,324,374,422,419,432,349,372,393,404,415,318,442,498,445,467,325,809
"24",242,323,342,372,357,394,327,338,350,373,366,328,362,479,407,381,244,674
"25",342,338,376,415,405,439,369,350,392,393,418,331,430,505,434,422,330,814
"26",264,330,297,391,384,340,354,396,362,364,386,327,346,474,405,389,360,704
"27",234,301,259,357,333,303,332,368,362,328,368,297,308,425,374,359,286,672
"28",245,315,279,360,335,319,371,386,381,351,367,325,321,420,409,392,256,666
"29",314,352,354,390,390,345,369,335,403,387,379,321,374,432,472,400,339,715
"30",337,356,403,400,358,405,398,333,425,381,409,315,354,488,414,424,368,594
"31",287,315,335,383,384,381,367,368,376,346,368,286,360,468,389,387,266,657
"32",307,343,344,389,391,361,374,332,424,366,383,329,376,437,456,394,296,716
"33",300,303,333,360,376,406,345,373,376,374,398,309,363,475,412,407,271,668
"34",258,291,312,352,350,372,341,338,434,340,372,335,342,385,466,396,241,693
"35",249,307,333,376,344,394,330,353,417,349,366,324,364,471,399,395,258,719
"36",299,314,394,424,383,446,335,352,370,395,384,319,402,477,418,430,353,810
"37",268,325,350,364,380,357,360,355,374,378,372,308,342,490,410,415,241,659
"38",295,335,370,395,369,380,352,330,473,385,399,316,377,403,419,415,394,820
"39",285,307,336,373,382,356,362,364,363,382,379,314,345,466,385,398,247,669
"40",308,320,329,374,394,383,374,380,379,376,376,320,365,466,437,412,252,695
"41",270,309,361,401,368,427,419,389,399,365,393,330,371,463,419,411,296,731
"42",305,338,375,359,348,387,318,317,343,365,380,295,338,481,409,401,318,540
"43",323,373,392,386,377,384,384,354,408,380,378,332,369,505,418,397,349,555
"44",223,314,280,360,319,331,312,392,347,332,355,324,336,451,360,377,271,649
"45",302,313,369,391,386,393,340,335,347,385,400,346,395,513,445,424,319,754
"46",244,281,326,367,339,354,337,340,418,345,357,329,350,374,468,395,287,690
"47",335,383,386,375,362,389,391,363,354,363,394,298,355,490,415,404,380,560
"48",298,323,319,365,359,374,360,330,357,374,371,295,361,481,399,388,258,666
"49",313,328,340,386,365,398,348,371,411,363,396,303,356,481,403,388,268,697
"50",354,339,383,379,387,402,362,371,360,370,386,297,378,523,404,397,325,536
"51",243,280,314,360,337,358,309,324,443,350,368,328,323,400,431,396,286,675
"52",247,339,267,368,354,338,299,381,337,361,367,342,357,451,422,388,326,719
"53",316,352,361,368,367,368,362,297,417,353,373,327,361,391,479,397,356,516
"54",244,336,307,372,335,347,280,397,379,372,378,341,354,483,416,406,390,746
"55",242,315,324,375,361,382,311,364,354,346,374,321,331,468,405,387,254,652
"56",252,333,330,371,369,384,301,309,390,363,383,309,364,407,466,408,282,728
"57",245,283,323,358,337,353,360,338,410,348,355,307,331,378,417,384,275,661
"58",256,286,339,354,342,363,345,305,414,342,363,300,334,357,415,391,273,658
"59",289,323,381,417,388,449,329,361,390,410,400,335,390,477,457,438,335,821
"60",271,313,339,379,385,366,342,322,377,363,391,315,360,400,454,404,304,723
"61",354,355,401,388,404,408,369,367,384,380,414,312,393,473,411,418,377,602
"62",336,340,372,419,414,390,374,347,436,407,417,319,411,518,408,450,351,830
"63",343,371,395,391,394,398,389,342,379,374,410,307,362,503,418,422,371,573
"64",298,320,372,336,354,390,376,359,373,342,378,299,355,436,425,384,283,478
"65",277,350,359,387,390,408,284,336,344,388,395,293,381,491,422,437,319,737
"66",350,374,397,398,382,434,396,350,387,380,410,302,374,481,431,410,355,614
"67",267,313,327,379,384,365,367,302,391,366,374,294,364,451,443,413,336,721
"68",281,310,372,393,373,411,348,367,418,370,374,309,347,488,389,411,329,726
"69",344,363,392,371,371,382,382,354,347,360,378,284,357,467,421,403,324,512
"70",257,332,319,372,335,292,327,334,404,339,394,357,336,386,421,372,364,742
"71",237,332,301,395,374,368,306,390,354,389,385,315,363,467,399,416,352,723
"72",308,324,385,404,406,390,336,345,356,399,389,321,403,497,427,424,313,762
"73",232,288,259,338,334,320,336,391,349,331,351,306,310,427,346,382,271,655
"74",284,336,312,376,389,361,367,412,377,391,417,333,379,478,392,454,363,768
"75",256,314,349,383,360,385,285,315,392,367,384,324,378,394,475,412,331,749
"76",352,374,382,409,386,400,382,340,369,363,385,308,361,504,393,407,357,583
"77",248,301,288,353,370,317,346,424,355,332,360,303,346,453,395,372,320,661
"78",250,320,293,371,347,314,336,370,396,355,392,348,341,378,445,408,359,727
"79",250,296,276,335,326,336,354,374,366,335,370,309,334,428,382,379,294,650
"80",243,329,350,368,348,341,287,315,386,365,377,335,357,404,429,416,328,722
"81",258,323,304,376,358,363,302,378,340,371,370,360,364,453,445,383,330,730
"82",279,349,365,368,338,384,401,352,364,339,348,323,362,459,427,382,275,472
"83",227,305,275,350,346,330,359,388,372,356,358,327,337,446,399,386,286,638
"84",267,298,331,357,369,340,329,324,363,348,368,283,352,471,382,387,240,679
"85",300,318,339,368,391,383,345,307,399,364,382,308,374,423,468,425,333,733
"86",337,347,367,429,431,418,426,358,372,398,409,321,414,517,431,449,358,790
"87",267,321,377,407,367,428,391,380,395,381,372,300,348,443,391,389,325,749
"88",303,352,320,378,372,350,355,395,377,388,380,328,356,486,405,390,355,739
"89",286,349,323,407,393,360,347,390,380,379,412,354,383,463,424,426,374,789
"90",273,336,331,398,371,339,381,416,356,365,379,311,346,473,366,423,384,747
"91",339,388,413,402,382,388,379,323,370,355,403,316,357,512,429,419,373,597
"92",234,321,294,374,374,370,291,379,349,358,351,323,356,476,420,402,342,734
"93",268,321,340,377,359,381,326,318,391,379,381,332,368,397,452,402,333,764
"94",299,385,386,382,348,390,309,327,336,370,370,317,361,481,441,390,321,551
"95",289,350,345,368,353,387,371,326,373,336,365,291,331,461,460,376,280,491
"96",265,319,350,397,354,368,354,384,385,359,412,294,378,466,375,395,289,710
"97",287,331,346,405,367,377,381,309,430,380,398,338,371,433,459,424,355,779
"98",290,317,382,408,394,421,352,349,348,392,394,333,393,494,438,421,285,747
"99",352,359,406,392,395,403,427,376,383,391,402,336,357,483,433,430,361,586
"100",315,309,352,380,378,373,353,343,367,355,378,314,352,483,409,407,256,673
"101",266,327,305,374,347,353,313,382,342,377,376,322,376,465,444,405,340,738
"102",240,300,327,362,338,356,347,325,456,344,373,302,354,391,408,378,276,694
"103",275,331,358,394,390,415,376,338,412,370,384,315,354,485,391,417,298,730
"104",301,347,358,377,364,439,392,383,400,360,385,313,347,461,402,451,321,749
"105",306,357,379,373,379,421,310,335,332,370,376,292,365,461,417,374,317,536
"106",314,332,360,337,329,398,367,362,387,335,370,284,334,434,411,379,289,461
"107",330,333,392,418,396,410,369,370,376,415,391,315,378,500,396,414,365,787
"108",339,358,390,405,409,393,363,343,372,363,392,316,378,499,390,413,378,782
"109",285,339,389,391,382,404,285,342,357,378,400,314,376,482,401,426,337,796
"110",287,316,382,389,383,407,349,409,407,377,394,302,361,477,396,401,302,710
"111",254,317,326,370,338,353,353,319,400,345,355,308,332,410,435,402,269,668
"112",303,330,346,360,352,369,382,368,365,339,341,305,325,450,411,413,273,466
"113",290,316,356,388,390,391,345,310,407,370,402,322,370,439,452,418,330,749
"114",258,308,350,375,349,370,303,308,390,369,370,320,344,412,457,385,317,741
"115",310,336,386,390,364,378,333,354,346,355,393,338,372,479,492,402,335,552
"116",295,325,360,396,391,425,341,321,341,406,399,349,406,491,450,454,323,746
"117",276,362,368,379,388,412,315,347,343,388,381,334,382,521,450,410,312,726
"118",238,326,338,385,355,404,298,309,378,370,386,343,377,443,492,408,308,713
"119",289,353,324,337,331,292,347,348,330,344,353,310,307,470,408,366,358,482
"120",247,305,349,378,367,385,289,308,392,372,386,340,369,373,456,402,297,768
"121",245,302,301,360,341,342,277,384,324,368,368,326,357,477,407,395,324,730
"122",249,313,286,368,328,302,324,352,378,357,369,328,338,371,427,405,361,717
"123",313,362,405,391,366,429,315,340,338,376,379,329,369,480,453,426,326,561
"124",295,385,314,376,340,316,371,369,346,348,348,344,327,478,429,399,353,511
"125",299,319,368,378,334,396,406,347,379,332,358,260,338,453,416,379,284,477
"126",279,343,324,404,376,355,378,418,364,353,387,338,388,465,376,413,376,750
"127",309,341,388,423,406,455,393,343,416,430,420,336,395,501,411,435,347,819
"128",303,308,352,399,383,405,367,349,444,378,414,341,368,407,475,432,368,814
"129",275,333,324,388,375,363,355,394,388,373,405,325,355,471,442,417,385,783
"130",343,351,371,371,408,423,359,366,346,386,372,309,361,498,440,392,333,527
"131",253,296,325,367,342,397,357,343,429,349,371,332,336,385,471,400,257,702
"132",335,372,380,379,372,375,389,320,389,379,386,305,383,498,414,404,343,556
"133",302,346,365,395,396,408,312,329,348,410,393,345,386,504,470,400,301,744
"134",288,332,298,401,380,359,355,373,360,378,385,333,363,468,436,419,360,737
"135",252,306,293,376,348,362,286,375,361,380,381,362,372,448,444,424,355,748
"136",322,335,395,405,421,428,388,381,400,409,420,336,419,501,438,432,341,805
"137",279,344,361,410,375,371,352,308,419,384,403,304,370,432,448,428,349,754
"138",315,359,404,424,412,424,406,369,370,403,406,301,387,483,410,430,337,796
"139",302,290,321,378,396,386,380,364,370,380,404,321,364,465,446,393,268,696
"140",315,331,388,404,401,397,402,363,381,400,392,314,394,501,405,431,329,788
"141",239,320,298,382,362,354,305,360,341,374,395,373,378,453,477,405,358,742
"142",285,348,297,397,376,353,342,402,359,365,386,328,359,474,445,398,357,708
"143",328,350,397,413,414,415,409,376,398,388,427,341,411,499,410,445,327,802
"144",298,362,330,354,357,339,339,375,346,342,374,316,330,449,406,380,374,512
"145",292,347,354,383,371,345,352,289,427,376,391,328,369,411,460,394,348,738
"146",256,295,315,365,340,401,400,324,410,346,366,324,343,384,472,371,257,677
"147",267,319,357,389,364,411,413,355,406,363,392,305,348,477,398,435,321,739
"148",323,329,381,413,423,445,381,385,375,397,410,303,417,487,427,445,363,791
"149",335,394,401,402,379,412,421,348,387,393,395,300,381,511,427,428,364,568
"150",283,317,367,395,359,411,363,369,409,347,393,314,369,462,408,414,298,738
"151",281,347,297,358,323,368,346,336,419,331,361,308,340,390,455,397,267,653
"152",232,331,285,372,350,289,340,342,385,343,356,344,348,413,445,403,355,715
"153",228,298,286,347,353,343,338,416,358,315,347,293,339,422,369,386,294,655
"154",278,351,381,403,395,405,339,352,379,385,416,330,401,505,425,405,294,772
"155",271,324,331,370,363,344,359,411,375,379,381,316,340,494,390,399,385,761
"156",266,335,308,394,400,355,365,390,367,358,403,316,354,474,384,440,394,766
"157",271,312,361,399,398,417,362,389,400,385,405,300,393,447,425,410,285,728
"158",293,372,351,399,396,392,286,307,350,396,387,325,400,503,453,409,311,734
"159",304,353,387,403,389,431,315,333,381,401,409,343,431,478,460,440,329,801
"160",274,341,355,388,363,406,404,351,419,368,390,312,350,512,430,414,302,704
"161",249,336,299,367,349,319,295,397,352,363,370,342,379,466,421,398,338,735
"162",291,314,402,408,383,439,371,394,396,407,409,305,401,491,427,437,361,809
"163",275,321,358,388,375,428,378,376,395,376,396,329,357,453,436,427,302,727
"164",311,347,378,357,349,349,359,302,441,361,370,324,356,410,427,364,358,539
"165",284,336,291,394,392,348,352,387,361,379,382,352,383,474,433,419,351,710
"166",206,286,262,335,323,281,334,389,362,322,346,302,302,441,395,361,284,663
"167",341,374,374,390,411,362,367,343,352,386,379,310,374,526,425,421,327,526
"168",307,311,385,388,356,412,386,372,425,383,392,295,340,469,394,419,292,758
"169",354,343,392,382,379,428,365,345,382,367,387,297,359,488,387,439,394,601
"170",303,302,357,389,375,383,366,366,363,364,376,304,361,458,419,398,259,665
"171",282,361,385,373,352,406,328,327,337,367,374,295,370,483,418,380,312,532
"172",285,337,397,410,381,434,337,362,366,391,405,326,415,475,434,425,321,808
"173",302,337,392,398,354,403,344,377,398,404,410,323,380,474,411,421,338,829
"174",289,346,410,398,344,385,303,336,354,356,372,310,376,490,425,407,322,546
"175",271,359,367,396,378,366,339,336,410,371,388,325,391,429,429,414,346,775
"176",296,339,392,398,393,411,321,357,389,402,411,322,406,515,424,438,372,786
"177",289,306,351,396,368,383,365,360,431,379,362,315,364,473,388,376,322,751
"178",276,313,365,386,391,410,348,372,350,365,400,326,397,491,442,432,294,759
"179",278,315,387,399,386,390,358,341,426,379,411,301,361,424,440,417,381,796
"180",358,391,393,388,374,380,364,338,379,389,387,311,381,479,417,406,333,549
"181",245,308,355,388,332,386,303,358,402,358,373,314,356,476,382,396,316,700
"182",225,313,317,350,336,386,317,324,347,348,370,298,352,469,394,376,243,669
"183",304,372,321,352,348,326,352,379,335,361,376,313,352,476,426,373,355,509
"184",304,377,377,405,341,379,342,305,379,367,365,313,376,475,434,413,303,572
"185",297,323,384,391,381,392,329,362,373,389,389,307,393,497,382,431,337,809
"186",237,291,250,357,320,296,334,391,366,337,342,308,315,427,367,387,322,623
"187",337,358,401,420,420,428,371,367,416,414,433,307,392,513,413,442,357,803
"188",253,279,318,378,346,376,369,319,429,348,362,309,352,369,456,371,260,662
"189",253,277,317,353,341,362,351,305,429,337,348,325,352,379,428,382,285,685
"190",295,323,353,378,389,377,361,298,391,374,402,309,361,410,481,438,338,739
"191",346,365,395,383,388,418,421,345,379,387,414,321,359,486,407,430,368,576
"192",236,334,358,356,356,390,319,330,368,362,383,315,363,472,435,399,256,672
"193",252,262,340,365,336,391,351,347,419,330,355,299,334,379,420,380,279,657
"194",242,324,321,377,357,340,312,375,352,377,403,334,381,461,437,404,343,736
"195",252,295,343,367,373,387,377,362,369,351,393,314,356,466,391,399,248,660
"196",302,376,352,358,371,360,348,326,397,350,363,300,349,414,489,399,340,520
"197",231,289,257,347,340,288,337,373,363,318,361,309,314,441,372,359,298,661
"198",259,302,361,379,340,375,342,370,407,381,359,306,349,457,385,382,247,704
"199",279,344,303,383,380,336,340,373,352,379,391,311,345,515,414,387,333,694
"200",290,314,356,409,388,382,357,322,425,373,401,317,364,442,447,406,323,732
"201",280,308,347,392,376,386,351,322,400,382,393,305,382,428,460,408,319,761
"202",243,302,282,364,354,341,346,393,371,341,364,327,369,438,401,373,300,658
"203",320,345,376,369,363,369,396,331,353,351,375,271,368,502,431,399,327,517
"204",261,287,345,349,344,353,352,349,417,340,372,287,319,355,431,358,289,674
"205",290,317,345,386,370,343,380,354,411,380,391,310,359,487,391,394,277,681
"206",282,304,366,370,376,400,370,386,390,375,380,310,344,445,414,424,286,710
"207",350,368,379,390,362,406,367,351,385,372,382,315,363,502,420,415,348,566
"208",245,290,314,358,338,346,354,330,444,357,363,317,328,363,430,373,285,674
"209",298,323,377,377,380,383,380,338,416,377,410,321,360,412,440,429,365,783
"210",337,354,381,386,402,364,379,355,354,375,366,310,357,502,416,403,325,527
"211",283,363,404,411,396,445,392,347,371,413,406,325,410,499,426,421,365,830
"212",277,322,308,391,394,345,345,370,343,376,377,335,371,482,413,415,337,701
"213",257,310,294,376,365,346,342,379,330,364,404,344,352,462,436,388,371,735
"214",331,340,391,440,404,432,353,388,378,411,400,328,440,496,468,437,368,807
"215",294,319,350,373,327,396,365,369,358,354,368,276,314,455,421,389,256,499
"216",341,343,421,414,374,405,364,383,371,399,379,302,372,473,405,419,375,569
"217",268,303,282,355,329,325,371,360,396,352,361,307,349,393,442,372,357,708
"218",231,302,307,367,350,354,305,368,338,375,391,306,360,451,409,382,344,717
"219",296,319,362,379,349,354,371,308,391,344,376,301,336,408,472,396,365,547
"220",246,315,294,369,367,370,290,371,338,369,390,337,390,451,446,398,327,733
"221",248,296,259,346,335,324,374,403,399,337,366,318,342,444,393,396,293,641
"222",317,324,348,377,343,398,375,294,388,351,379,311,335,403,480,418,333,553
"223",291,377,373,378,362,377,312,337,337,388,374,305,359,489,428,433,323,523
"224",283,310,384,394,370,359,400,340,420,371,386,313,369,416,418,428,351,783
"225",240,345,299,365,361,328,268,361,343,352,363,298,363,451,372,401,319,715
"226",336,358,394,402,379,403,404,352,381,389,388,346,367,478,443,405,348,589
"227",343,317,388,416,383,408,373,365,419,399,410,316,394,510,388,435,372,817
"228",270,338,284,374,331,332,277,387,352,385,396,321,367,474,410,392,354,730
"229",276,326,391,404,384,434,312,377,378,406,424,337,415,498,417,439,350,811
"230",348,349,423,409,385,413,411,341,392,381,402,299,369,477,428,414,376,589
"231",296,337,355,365,352,374,327,306,383,343,377,331,351,416,451,404,341,539
"232",277,301,366,374,367,394,394,400,429,364,380,319,352,467,389,399,270,746
"233",267,324,400,400,389,457,322,357,355,392,407,304,386,487,425,426,336,822
"234",340,326,384,412,392,393,368,374,383,378,400,315,394,519,420,411,331,778
"235",350,362,415,390,389,416,416,351,403,393,395,321,387,491,402,441,371,612
"236",325,367,372,368,380,370,408,337,340,361,367,297,374,494,400,413,312,517
"237",336,362,441,392,386,454,416,352,382,378,395,305,361,482,429,419,358,601
"238",288,306,337,374,383,360,364,302,381,367,365,311,356,407,436,401,324,721
"239",241,312,334,365,329,401,330,347,368,364,377,341,357,446,438,391,236,686
"240",303,335,329,396,374,353,374,399,409,380,404,311,352,480,378,400,418,791
"241",297,336,362,368,365,375,359,350,363,335,346,289,352,474,409,406,258,451
"242",311,354,385,364,362,415,328,336,343,352,359,321,372,466,449,393,314,548
"243",340,360,390,393,379,412,415,368,393,379,410,307,374,494,435,417,374,597
"244",334,394,382,375,392,378,388,335,397,379,413,290,420,491,425,400,319,557
"245",297,352,370,409,425,396,368,340,381,407,408,320,401,516,424,447,340,803
"246",285,352,296,394,380,310,352,383,377,374,377,316,360,489,401,410,336,713
"247",366,365,417,406,390,429,385,367,387,383,419,319,377,482,437,448,353,611
"248",253,334,330,377,327,390,309,382,358,358,353,326,355,497,427,396,247,667
"249",285,331,303,362,321,333,366,389,364,350,377,309,332,471,381,384,361,537
"250",250,288,321,386,327,351,350,336,460,357,369,298,322,381,426,359,273,697
"251",277,308,355,367,380,400,314,325,338,397,389,314,393,486,427,426,317,747
"252",288,342,299,392,380,337,344,366,341,355,382,317,377,472,402,411,349,690
"253",320,394,394,400,374,398,400,354,384,386,384,321,352,521,418,415,363,579
"254",260,288,318,370,356,365,358,323,428,353,359,311,336,378,473,400,267,670
"255",276,351,314,404,354,359,385,403,384,381,389,320,353,484,365,409,387,778
"256",238,307,347,368,351,416,325,332,357,361,353,329,360,472,418,394,273,689
"257",252,306,328,371,353,401,300,380,369,375,357,327,357,473,393,390,249,705
"258",292,362,404,399,351,384,328,324,379,361,383,301,372,493,403,386,327,566
"259",291,335,368,399,385,393,365,345,458,376,415,311,368,417,416,425,354,813
"260",301,314,390,399,371,398,380,337,425,373,420,330,377,402,501,434,369,783
"261",326,362,382,435,411,401,391,347,408,407,432,304,384,496,409,426,371,819
"262",308,343,383,376,338,393,295,330,340,362,387,288,360,465,428,388,308,561
"263",308,361,363,370,347,343,370,320,437,364,383,316,359,390,441,385,369,552
"264",336,358,408,386,384,396,382,325,364,378,383,316,370,496,442,423,328,531
"265",278,363,388,408,387,403,327,357,375,394,406,326,397,509,422,426,331,781
"266",301,332,368,401,411,382,292,340,341,395,395,323,407,516,456,432,295,759
"267",289,313,367,400,395,382,391,358,428,381,412,334,385,407,461,436,347,785
"268",283,362,360,354,353,356,338,301,379,356,363,280,333,423,438,380,332,537
"269",274,338,381,403,384,431,320,343,382,405,406,305,398,474,410,448,337,814
"270",294,331,367,359,330,365,379,349,399,339,365,273,354,452,400,377,273,492
"271",240,290,272,351,352,322,364,409,375,337,376,289,327,447,391,380,314,639
"272",268,352,317,370,361,328,403,390,359,360,386,311,352,458,379,416,358,791
"273",329,329,403,427,420,430,375,365,376,393,433,286,399,502,416,443,346,790
"274",292,401,308,370,341,324,335,369,354,345,370,312,326,473,429,388,378,518
"275",252,313,351,385,367,390,295,309,397,384,395,373,373,387,476,405,349,749
"276",305,345,383,396,359,438,337,317,356,365,381,320,374,479,468,400,324,548
"277",287,323,360,394,391,402,307,328,344,378,387,322,376,510,418,389,294,731
"278",321,350,405,429,400,416,387,347,434,412,405,315,392,507,422,436,359,798
"279",303,318,334,391,410,367,355,340,407,369,399,325,378,400,502,415,321,728
"280",292,330,371,382,376,433,402,381,410,362,392,327,373,454,410,414,292,750
"281",251,306,277,374,332,293,334,375,430,358,363,326,333,396,439,375,363,728
"282",293,333,354,401,396,446,312,349,359,397,393,346,406,488,451,433,312,755
"283",278,312,355,367,371,341,389,306,378,361,378,346,357,406,429,392,344,720
"284",236,298,345,369,338,358,294,339,350,348,386,317,356,454,405,379,241,678
"285",292,336,365,415,381,434,288,352,356,402,398,353,397,482,450,451,336,773
"286",355,389,390,417,378,406,405,345,429,388,408,301,379,486,401,420,366,617
"287",290,333,329,393,393,397,361,335,405,376,391,336,378,413,492,415,317,743
"288",249,297,341,381,343,404,306,356,363,362,378,321,351,464,415,412,268,697
"289",236,300,279,354,340,319,351,401,379,329,347,329,340,460,390,383,296,646
"290",287,325,301,394,379,368,366,392,384,366,396,354,368,478,434,403,383,793
"291",275,339,371,398,365,385,324,359,354,382,390,306,394,487,420,438,346,803
"292",236,309,280,350,320,331,343,368,360,335,362,307,328,431,390,395,285,646
"293",295,383,385,369,374,399,328,326,388,361,380,306,367,481,412,411,321,558
"294",354,384,405,386,365,406,381,383,411,377,412,300,352,486,390,423,367,643
"295",246,299,334,366,348,421,328,350,356,366,371,347,374,448,464,400,274,702
"296",302,307,354,396,403,391,367,330,397,379,390,326,383,434,454,409,357,731
"297",293,367,379,375,359,381,314,319,351,370,375,293,361,456,419,391,332,538
"298",324,337,395,403,394,406,378,376,369,401,402,321,394,507,403,436,338,801
"299",294,342,387,397,365,388,387,320,468,372,402,336,388,430,424,415,361,833
"300",341,356,403,390,370,402,391,335,348,367,376,297,380,492,421,418,336,542
"301",261,327,309,381,355,370,308,365,355,378,389,329,391,469,431,397,334,720
"302",305,325,359,377,358,374,333,301,393,349,375,316,326,413,459,404,355,546
"303",294,350,363,385,382,380,291,327,328,389,386,310,395,487,413,419,298,719
"304",328,339,404,384,366,404,389,388,386,363,403,312,385,462,402,412,363,567
"305",256,325,303,364,356,364,291,397,347,359,386,341,400,469,418,413,338,750
"306",276,340,343,391,356,360,345,420,433,359,391,337,386,467,397,422,403,778
"307",282,344,342,404,353,347,347,367,409,393,410,325,380,464,393,426,386,773
"308",325,335,305,379,376,378,389,433,400,381,407,327,363,474,419,423,385,777
"309",262,323,328,395,378,334,343,387,333,345,384,311,386,467,403,395,357,709
"310",309,315,360,387,399,376,343,330,394,389,404,347,371,419,460,430,337,731
"311",244,303,279,356,351,345,332,351,384,341,367,319,328,384,433,379,349,727
"312",237,277,317,347,359,369,357,352,440,342,364,295,333,364,440,400,306,688
"313",248,340,300,376,358,384,300,388,356,358,379,328,355,447,425,393,328,745
"314",355,376,413,396,376,425,396,377,392,373,394,310,396,497,439,414,357,605
"315",321,355,388,400,371,395,386,337,347,376,377,317,366,500,427,421,327,536
"316",275,308,363,390,400,375,356,309,403,369,378,311,370,407,459,426,323,722
"317",279,346,302,381,389,332,352,391,360,365,386,316,368,492,416,410,352,700
"318",275,331,346,342,338,364,379,329,363,333,357,291,320,488,419,406,273,490
"319",236,320,300,362,371,363,275,404,344,375,371,316,350,445,410,400,364,731
"320",252,277,322,375,346,367,375,331,419,351,380,318,347,360,447,391,280,666
"321",235,303,338,355,336,396,299,331,355,356,366,319,361,453,383,397,254,689
"322",248,310,275,358,330,281,335,386,365,320,352,314,337,427,391,348,303,648
"323",307,344,363,364,351,352,346,296,415,350,370,301,358,402,433,393,354,562
"324",291,334,380,400,373,407,350,308,443,370,391,286,356,399,450,443,362,819
"325",285,324,296,366,377,354,345,363,358,341,387,315,361,466,399,390,339,705
"326",247,290,341,365,353,392,343,356,367,368,369,314,347,460,418,400,248,710
"327",223,325,293,354,366,352,300,390,332,366,386,346,347,509,405,419,320,695
"328",232,295,295,356,333,317,360,393,370,341,347,296,306,417,384,386,304,625
"329",235,302,292,355,328,344,359,369,395,341,374,350,302,448,365,376,290,652
"330",247,307,319,375,358,426,321,334,360,372,362,327,371,449,446,423,254,705
"331",274,311,283,344,330,290,373,393,384,348,357,318,332,473,400,387,295,623
"332",305,334,390,361,328,378,382,372,412,348,364,286,327,454,408,364,285,506
"333",281,367,296,356,339,325,343,401,343,349,355,276,363,448,394,389,367,498
"334",285,355,279,389,376,333,362,372,394,367,394,350,364,477,392,414,333,721
"335",298,354,305,385,377,340,338,397,412,383,371,324,374,478,393,386,324,732
"336",327,362,372,418,398,415,386,345,370,378,406,306,400,474,408,437,350,799
"337",313,326,352,390,385,374,339,324,445,392,385,317,388,420,456,389,319,765
"338",279,310,360,392,382,423,389,330,427,368,391,326,384,400,439,425,374,775
"339",331,335,355,390,326,370,375,304,430,357,370,321,340,408,448,389,353,535
"340",273,316,380,408,380,420,316,350,353,385,409,285,411,472,414,430,376,803
"341",242,265,326,368,347,375,358,352,417,344,363,308,327,372,449,396,276,680
"342",316,396,395,393,392,381,378,329,355,371,372,302,383,529,438,415,317,549
"343",294,341,323,402,368,367,369,422,414,375,405,339,364,469,387,432,394,787
"344",297,300,371,392,388,391,369,381,408,370,368,298,364,457,365,422,281,740
"345",281,299,340,363,372,376,359,374,381,363,386,297,359,467,416,420,285,685
"346",339,396,407,407,378,409,387,331,377,359,398,297,365,501,420,417,354,592
"347",246,315,287,357,357,329,355,365,403,348,369,326,327,396,424,407,415,708
"348",234,330,269,365,338,306,365,349,392,342,363,332,334,402,443,391,375,699
"349",242,306,329,378,359,408,313,336,361,351,380,334,379,458,441,388,237,681
"350",346,358,383,419,410,423,358,368,382,401,399,322,377,486,455,421,367,797
"351",295,327,366,361,333,340,371,308,406,337,363,272,313,404,453,381,346,501
"352",279,323,359,379,373,359,374,370,368,345,376,304,339,483,398,397,262,667
"353",239,309,287,376,353,318,320,356,404,361,365,328,346,399,453,375,366,694
"354",275,343,357,381,347,393,365,335,438,370,407,315,349,494,387,408,290,770
"355",293,346,390,406,377,442,340,348,371,406,428,339,403,493,474,435,345,797
"356",244,283,318,359,336,321,332,311,408,324,341,302,336,363,419,381,295,680
"357",254,299,277,345,349,338,369,371,366,348,368,345,360,427,410,415,295,657
"358",327,331,380,413,412,434,390,356,383,403,398,295,400,487,412,419,338,792
"359",245,296,276,357,305,305,335,407,388,342,357,346,346,433,396,382,305,676
"360",271,361,309,361,334,299,347,359,335,355,361,305,333,485,400,389,363,501
"361",245,294,335,369,349,394,351,332,403,344,363,308,319,378,435,383,287,659
"362",320,354,379,381,359,445,310,327,348,367,384,303,377,469,478,407,329,544
"363",286,317,336,392,402,378,353,417,374,378,373,332,380,474,385,430,375,745
"364",299,346,394,400,395,425,344,331,396,386,431,322,389,476,427,416,299,765
"365",306,315,361,384,380,391,369,330,465,374,406,322,379,416,421,418,368,823
"366",287,324,389,417,390,455,323,350,373,417,397,328,388,486,409,408,319,796
"367",270,318,368,381,391,378,288,328,349,376,392,304,387,489,418,424,308,740
"368",259,326,280,381,363,329,355,347,410,345,373,335,328,367,484,414,360,715
"369",295,316,335,393,389,385,351,320,426,398,389,357,366,406,466,426,316,727
"370",300,333,373,372,351,373,382,313,438,348,364,315,342,407,473,386,339,564
"371",346,357,394,384,390,401,385,322,337,367,391,306,367,488,438,429,316,521
"372",310,323,365,388,393,405,390,399,403,379,382,306,345,473,387,411,291,754
"373",277,338,282,397,382,335,360,364,350,358,386,341,375,478,444,414,310,717
"374",308,333,369,399,346,399,370,384,439,375,385,304,353,464,388,395,303,752
"375",298,375,366,387,341,379,335,325,343,366,377,296,360,490,433,410,309,545
"376",335,354,379,408,407,389,386,355,384,378,407,307,398,499,399,423,335,793
"377",287,325,345,347,309,345,347,346,361,335,341,293,308,459,395,353,276,477
"378",293,348,370,402,364,398,377,339,438,383,410,337,367,420,420,412,387,832
"379",288,294,376,394,384,375,365,341,443,385,396,326,376,412,441,407,362,805
"380",237,303,283,322,347,342,355,418,375,340,352,305,317,427,372,366,280,649
"381",341,364,388,399,381,401,407,346,377,359,380,298,358,476,383,400,348,580
"382",297,358,373,360,350,373,382,315,406,352,371,311,344,387,472,380,333,530
"383",263,327,290,387,360,340,302,369,333,373,354,318,360,446,429,393,349,726
"384",326,366,332,373,327,323,359,369,378,356,379,322,333,468,397,387,374,548
"385",268,329,368,377,381,380,392,363,407,384,385,322,348,484,418,431,279,715
"386",226,295,333,358,335,393,296,349,357,354,365,318,345,450,399,388,254,664
"387",328,385,377,388,383,376,374,314,349,383,379,304,371,511,431,410,329,527
"388",320,346,384,385,396,380,370,300,337,363,380,281,353,478,418,428,337,514
"389",266,302,324,378,365,427,331,350,368,363,379,320,374,448,439,400,266,701
"390",267,315,357,382,360,402,378,377,394,358,390,296,358,490,406,405,279,719
"391",278,335,298,403,368,329,349,417,389,369,378,330,362,479,400,395,359,713
"392",232,300,281,360,350,335,333,433,378,343,374,329,325,436,413,391,266,667
"393",276,333,320,383,379,330,360,422,372,373,404,319,366,485,409,417,390,743
"394",319,336,384,366,322,374,363,300,441,355,366,293,347,394,449,407,346,569
"395",306,325,384,408,392,406,389,360,423,380,405,320,374,397,427,441,350,795
"396",331,343,417,401,384,422,399,384,382,378,406,295,353,467,410,419,356,573
"397",300,305,372,380,354,402,347,376,379,379,386,270,345,456,395,432,323,765
"398",270,306,361,377,363,374,383,363,391,362,395,309,354,472,367,408,301,697
"399",221,323,288,360,338,307,345,369,412,359,386,336,327,451,380,379,312,661
"400",357,336,388,401,370,383,371,342,419,373,387,291,384,483,434,409,353,561
"401",283,326,404,385,373,433,341,365,401,401,409,323,402,479,403,407,356,841
"402",352,342,396,386,389,402,375,355,361,368,394,293,372,492,434,408,346,537
"403",290,328,352,412,397,417,311,360,349,391,389,304,393,487,445,433,335,751
"404",344,386,379,388,401,372,357,344,351,386,381,303,372,489,445,407,325,518
"405",348,360,383,427,398,420,430,329,386,410,423,342,408,512,438,429,366,803
"406",229,305,276,368,361,318,364,347,380,355,383,344,341,378,479,399,369,713
"407",294,343,408,395,374,451,354,346,403,391,403,320,406,501,421,401,358,826
"408",316,371,382,388,382,369,376,335,338,364,399,303,392,509,437,415,320,523
"409",249,290,348,368,348,404,335,366,347,362,391,299,365,450,428,388,246,694
"410",341,356,443,384,399,411,396,373,390,403,405,324,355,492,404,403,377,584
"411",281,318,298,386,384,314,361,346,396,365,373,321,374,489,393,429,364,719
"412",273,342,349,371,343,369,371,329,370,328,351,284,327,464,407,405,285,463
"413",292,366,374,367,343,388,328,318,375,386,375,309,358,494,421,382,322,601
"414",284,354,393,402,376,422,321,378,379,402,413,301,400,485,422,425,335,773
"415",234,311,302,376,356,351,285,378,323,365,388,332,351,456,422,408,373,738
"416",259,307,275,356,350,314,353,361,390,352,367,349,354,379,473,396,351,722
"417",299,328,357,376,377,401,381,369,391,374,387,306,357,456,425,389,302,734
"418",320,367,411,379,376,385,384,334,344,378,382,283,363,487,428,393,344,535
"419",304,314,397,389,355,381,379,393,430,370,387,338,353,462,398,397,293,756
"420",245,299,323,383,331,363,348,327,416,339,366,312,319,381,422,378,283,658
"421",253,307,347,383,350,416,282,295,385,360,373,311,356,418,450,390,335,732
"422",218,278,281,349,334,343,344,397,360,336,354,299,321,438,370,391,304,647
"423",280,307,359,395,387,413,406,365,395,365,394,326,364,478,401,400,297,749
"424",291,335,368,358,337,363,379,304,405,358,348,344,343,415,459,395,346,539
"425",294,386,394,397,382,441,296,366,381,398,406,325,382,517,435,425,360,798
"426",240,308,355,373,344,388,331,350,391,358,360,335,374,444,403,380,264,716
"427",218,305,348,363,354,370,320,376,345,363,367,295,347,465,392,396,256,694
"428",297,310,372,382,351,379,335,325,389,350,380,322,350,407,474,397,355,531
"429",310,339,384,413,406,447,385,358,391,412,417,313,409,520,434,425,356,781
"430",239,291,257,358,334,282,319,338,404,347,355,357,315,399,415,369,373,714
"431",256,309,296,389,359,360,297,369,369,382,389,344,373,452,429,407,345,737
"432",225,323,280,359,356,351,280,374,326,357,337,321,361,473,412,383,344,709
"433",287,338,326,365,364,324,342,369,381,355,370,308,375,471,389,386,364,535
"434",233,321,350,371,326,406,293,358,354,359,347,297,345,469,400,380,238,682
"435",297,379,363,369,359,368,349,302,397,347,372,299,342,425,461,408,318,537
"436",318,356,382,401,393,397,396,318,361,395,389,319,373,490,454,415,337,529
"437",245,312,275,375,352,340,349,347,402,359,368,345,331,368,471,396,365,732
"438",225,295,261,351,355,350,359,400,376,347,347,319,353,439,402,390,278,658
"439",330,318,394,422,422,430,412,392,382,407,420,340,421,515,454,432,346,793
"440",348,367,390,394,361,423,407,337,371,376,402,310,355,495,416,415,353,587
"441",293,309,369,373,364,368,393,359,392,361,396,316,362,456,400,404,306,729
"442",293,317,287,364,376,319,396,385,333,370,362,312,353,483,363,398,356,706
"443",279,332,325,414,356,351,361,411,386,371,403,327,378,458,407,432,349,773
"444",244,290,318,359,342,367,376,334,419,345,354,334,335,367,473,377,276,678
"445",293,367,319,380,335,317,354,349,346,338,368,304,345,476,394,400,356,494
"446",326,364,395,414,389,409,385,346,384,402,413,312,399,527,420,437,356,755
"447",233,328,346,367,352,377,273,292,363,358,369,316,367,410,458,403,309,738
"448",298,343,362,370,356,391,364,319,429,357,371,305,365,401,447,408,363,527
"449",282,351,298,383,375,341,367,364,354,353,382,333,381,464,415,412,367,719
"450",306,297,350,391,376,380,331,320,407,372,388,303,369,397,472,401,340,748
"451",272,359,343,392,377,359,357,393,372,377,397,349,353,458,402,415,350,771
"452",289,349,352,369,368,377,372,293,390,360,369,297,318,426,455,400,338,505
"453",314,374,331,379,337,323,377,377,408,355,388,311,325,472,391,374,379,538
"454",281,323,348,387,380,369,351,301,409,370,389,338,376,411,469,407,339,732
"455",293,347,312,360,334,316,372,364,380,351,379,309,350,462,380,386,356,539
"456",274,340,343,403,373,391,394,380,400,373,401,305,353,501,397,406,296,710
"457",255,271,331,364,358,390,360,345,424,353,358,353,338,367,453,381,253,705
"458",283,336,330,393,389,320,357,372,406,386,373,337,361,489,393,391,347,731
"459",297,319,358,360,359,362,372,326,373,352,365,299,351,410,477,375,350,539
"460",350,406,390,394,380,387,400,364,360,367,386,297,377,516,431,426,371,575
"461",239,289,249,383,339,328,359,399,359,349,357,330,359,458,386,352,300,639
"462",350,367,406,400,380,371,360,331,383,356,377,292,388,485,421,432,333,555
"463",290,338,386,369,359,392,330,336,327,367,382,319,347,472,418,398,326,548
"464",243,287,321,364,332,358,360,318,444,344,362,311,340,385,426,381,268,713
"465",248,314,334,366,356,361,349,348,411,343,364,328,355,409,414,368,273,671
"466",298,329,357,358,328,361,379,328,415,340,359,285,333,451,382,378,294,490
"467",256,315,330,363,319,380,347,367,389,374,388,313,354,466,436,396,275,728
"468",274,348,328,387,371,358,347,385,373,367,398,334,401,492,406,434,385,765
"469",286,343,353,374,361,342,387,317,379,358,367,287,345,482,417,383,260,457
"470",285,337,339,400,383,392,370,323,431,378,383,341,388,410,498,414,328,729
"471",313,379,378,390,401,390,379,335,332,374,394,303,360,520,444,413,316,528
"472",289,361,354,361,337,353,394,335,372,347,379,285,339,478,405,390,248,475
"473",289,333,336,370,354,326,332,371,378,362,381,322,361,470,386,382,330,734
"474",318,364,401,394,374,419,398,363,377,391,381,329,352,477,425,413,365,599
"475",286,314,357,394,380,430,374,369,405,366,382,303,373,471,437,413,293,739
"476",310,329,366,394,411,420,366,363,373,411,423,310,394,486,395,440,325,801
"477",282,379,328,358,339,318,344,350,362,326,373,322,330,496,409,412,363,504
"478",259,310,276,396,356,326,331,354,412,361,373,312,363,389,468,385,366,714
"479",250,304,352,372,365,403,332,300,371,381,370,318,361,387,476,393,359,749
"480",282,293,364,378,377,404,348,335,377,371,383,313,385,467,429,396,246,664
"481",298,328,354,336,311,371,362,321,358,347,347,291,308,474,446,377,256,456
"482",313,381,306,382,344,308,375,377,338,353,370,303,329,493,431,383,353,516
"483",289,325,317,392,341,346,369,402,413,382,406,352,385,476,399,409,375,808
"484",280,347,388,364,360,408,307,343,337,372,389,319,368,466,418,402,323,555
"485",220,305,286,360,344,292,336,357,384,332,357,322,319,379,432,381,341,712
"486",251,309,326,389,338,402,342,356,381,368,383,333,357,450,436,405,298,694
"487",216,285,321,362,354,382,362,326,421,333,363,307,323,371,441,386,293,652
"488",297,326,356,360,323,334,371,309,388,340,346,305,336,393,441,387,348,518
"489",319,378,396,399,376,434,381,337,401,388,404,313,367,486,393,417,368,635
"490",238,331,289,377,343,329,349,357,431,365,375,344,353,397,435,390,364,714
"491",340,354,396,454,399,427,402,368,387,410,424,329,406,502,451,437,329,805
"492",267,315,282,375,348,293,348,371,426,365,371,328,344,367,418,382,362,744
"493",306,327,340,369,355,335,380,379,354,340,371,301,363,456,403,398,362,531
"494",285,329,362,382,379,378,396,311,417,361,386,311,378,420,416,416,365,777
"495",295,336,355,356,347,340,353,311,392,357,366,305,324,404,443,381,355,519
"496",227,298,329,354,357,354,315,322,399,352,351,304,315,377,428,373,282,669
"497",296,327,372,392,377,355,341,317,433,399,393,344,384,427,448,424,341,742
"498",338,372,382,381,398,390,393,342,362,372,390,316,364,485,458,410,316,551
"499",308,340,320,387,351,349,365,383,365,361,362,333,326,458,420,418,379,499
"500",239,314,360,374,374,406,316,293,387,371,382,316,369,429,461,411,300,737
"501",299,365,369,389,372,406,327,336,361,367,395,336,349,476,467,398,322,543
"502",232,272,336,365,349,365,371,361,416,335,361,293,315,371,418,386,311,656
"503",278,375,366,373,360,405,321,326,317,383,372,320,365,493,424,413,318,534
"504",241,314,303,369,342,327,292,369,316,341,370,328,344,460,401,396,324,721
"505",276,310,371,391,380,439,375,402,403,379,388,318,365,464,421,421,289,731
"506",290,340,410,397,363,426,349,352,429,404,406,320,401,475,415,434,375,841
"507",287,309,339,387,382,405,376,330,373,366,383,320,365,472,416,398,261,702
"508",294,338,310,378,350,332,385,400,358,367,376,338,360,456,415,407,345,710
"509",284,322,367,404,384,393,367,354,430,384,406,333,367,407,475,423,349,797
"510",292,307,350,400,398,373,344,299,401,387,395,321,366,425,450,409,345,743
"511",227,330,296,357,364,359,266,391,338,375,382,323,368,460,405,382,356,750
"512",244,296,337,385,348,403,309,367,365,376,357,314,374,446,399,384,247,686
"513",288,352,314,366,340,319,348,375,367,351,388,298,323,491,414,378,351,500
"514",295,353,353,362,340,387,375,331,370,348,354,299,336,493,416,392,278,456
"515",281,352,368,393,410,414,328,320,343,398,407,310,383,505,435,420,299,723
"516",236,291,291,359,344,333,347,412,369,350,350,330,321,446,370,378,321,654
"517",289,321,336,388,375,378,360,341,447,390,394,326,390,426,467,397,349,752
"518",283,328,290,370,392,334,354,393,357,391,385,316,360,491,419,400,356,715
"519",324,353,385,392,391,393,402,323,353,381,398,320,366,522,434,412,335,536
"520",287,307,370,351,341,391,350,366,369,352,372,294,318,448,409,385,280,453
"521",251,313,345,374,354,418,312,350,366,368,371,332,360,460,452,404,240,684
"522",286,356,324,347,340,337,349,365,342,361,357,303,332,453,388,372,356,517
"523",320,333,398,411,438,414,374,370,377,388,397,306,375,494,415,439,348,789
"524",290,318,335,367,359,376,391,351,414,366,397,308,356,484,397,375,264,678
"525",299,392,379,385,357,403,320,307,340,380,347,311,359,509,438,414,315,520
"526",279,291,354,374,386,383,363,361,375,367,374,288,344,454,396,399,254,678
"527",287,358,357,388,392,412,299,335,329,391,382,309,374,500,421,407,295,743
"528",293,328,366,394,412,432,330,350,347,393,403,344,409,504,456,418,298,754
"529",332,341,387,388,374,391,383,325,352,366,385,325,366,503,415,398,340,534
"530",290,345,395,420,386,453,307,353,388,378,395,321,377,508,410,412,334,819
"531",244,320,291,386,362,355,274,386,350,375,378,339,366,476,417,369,341,743
"532",318,339,392,375,353,405,331,328,350,375,392,315,360,489,457,416,326,542
"533",256,284,320,372,342,365,370,351,414,347,355,316,335,387,459,375,265,665
"534",295,362,387,380,351,399,344,342,367,385,380,318,379,491,424,381,318,594
"535",284,402,388,397,361,375,324,330,334,366,395,302,356,496,435,407,304,528
"536",294,355,383,373,338,402,347,320,368,381,378,322,387,479,436,395,310,582
"537",294,324,307,392,385,369,328,424,377,383,404,328,387,452,395,426,376,769
"538",242,303,339,373,340,409,353,364,361,351,376,285,361,430,406,386,256,654
"539",245,353,289,383,328,334,314,338,385,379,399,325,370,478,402,393,346,762
"540",359,335,404,421,405,426,403,343,429,436,420,301,388,534,413,425,359,824
"541",244,290,320,366,327,379,353,323,467,350,364,307,333,386,411,374,262,691
"542",279,329,300,384,391,344,341,401,342,361,372,304,351,452,414,402,333,706
"543",293,335,338,388,393,372,327,301,413,390,386,304,382,441,464,413,330,714
"544",281,333,374,408,362,384,375,316,467,372,407,331,377,408,408,424,345,815
"545",280,314,348,377,384,373,357,359,366,364,381,303,350,481,408,398,266,670
"546",297,364,385,409,394,424,315,369,364,390,409,332,405,515,405,439,325,819
"547",299,341,389,374,350,428,329,341,348,368,372,322,351,488,452,403,317,560
"548",277,315,392,376,368,401,402,375,391,355,374,289,352,466,429,409,273,725
"549",281,314,365,378,395,425,377,374,396,381,393,332,344,491,386,415,322,703
"550",287,332,349,374,377,381,393,341,382,382,384,318,369,472,431,395,277,689
"551",324,341,383,423,409,396,415,361,380,399,428,321,410,513,432,455,353,778
"552",335,328,394,407,436,458,444,367,375,401,409,314,407,520,403,425,370,779
"553",243,302,297,373,354,314,363,369,413,336,385,316,321,373,448,400,398,698
"554",233,380,299,362,359,319,296,342,335,381,376,340,349,481,411,416,329,730
"555",243,307,291,374,349,336,331,380,413,347,373,339,366,389,443,400,400,732
"556",300,329,368,405,371,408,388,333,453,373,392,308,360,386,417,422,370,811
"557",281,350,375,388,359,438,323,356,363,389,382,301,376,480,410,422,338,783
"558",277,347,315,388,356,343,352,380,422,369,381,338,348,487,392,419,373,801
"559",255,302,279,364,346,321,337,413,367,369,368,308,336,443,397,386,260,648
"560",320,330,382,404,415,395,376,362,372,387,419,313,399,507,422,425,345,798
"561",254,275,323,356,329,379,348,320,424,342,361,299,334,365,436,379,317,670
"562",246,324,295,368,345,347,313,381,367,367,385,341,367,461,408,391,342,729
"563",235,318,284,373,369,351,298,385,329,369,365,317,354,453,412,400,338,742
"564",243,315,281,361,352,323,386,421,370,353,368,324,325,450,413,388,308,671
"565",328,355,411,389,369,409,408,369,364,380,383,302,376,482,419,420,364,602
"566",301,353,369,367,350,341,360,309,382,344,366,306,347,424,481,387,342,532
"567",279,319,376,408,382,387,373,341,428,369,400,290,362,407,461,419,376,805
"568",228,337,273,365,355,315,321,356,378,343,366,342,326,415,445,389,354,696
"569",285,343,367,404,379,392,295,331,376,400,376,324,401,495,422,429,306,771
"570",327,328,364,402,385,411,350,346,445,398,399,327,379,407,439,432,343,794
"571",296,331,334,393,393,376,335,339,402,380,407,336,397,408,491,422,315,741
"572",319,358,399,417,395,423,366,344,409,400,407,326,404,497,406,450,341,817
"573",288,318,338,389,369,377,397,347,375,375,362,313,358,489,426,395,293,654
"574",250,322,343,368,347,373,273,319,356,363,364,335,357,423,459,390,330,755
"575",303,358,383,376,348,422,303,326,352,361,390,329,363,480,463,396,334,559
"576",227,317,294,365,336,336,296,363,341,341,378,337,366,461,426,394,332,718
"577",279,291,362,374,374,384,388,358,380,361,372,316,373,477,395,405,252,669
"578",295,309,342,387,374,399,339,315,387,359,389,313,396,416,452,389,327,734
"579",292,370,368,374,340,400,319,326,331,369,349,291,342,487,402,404,299,552
"580",280,330,378,403,416,400,318,330,350,392,396,319,399,509,453,408,297,726
"581",247,289,346,360,342,395,306,370,349,364,365,315,349,451,409,391,250,679
"582",296,360,297,373,349,346,375,387,360,339,352,327,341,443,433,398,367,498
"583",246,300,346,376,352,389,300,358,373,373,370,312,354,460,410,381,240,661
"584",299,318,348,376,345,373,386,352,391,343,356,310,343,457,426,375,248,458
"585",262,305,336,380,372,353,341,298,407,362,380,313,369,422,438,408,288,723
"586",277,315,371,374,349,380,366,398,395,366,372,296,346,462,401,404,289,707
"587",259,338,320,382,368,327,361,398,400,361,379,324,352,465,371,417,381,763
"588",263,310,341,376,369,385,351,351,369,364,373,284,350,469,417,393,266,692
"589",289,320,356,394,392,412,374,319,412,383,381,331,361,400,463,421,365,780
"590",282,325,302,382,387,340,335,369,360,380,378,318,375,476,393,414,343,731
"591",295,320,308,382,377,353,354,393,358,367,372,333,375,476,397,417,350,735
"592",314,345,385,385,376,400,347,356,348,372,369,303,355,496,434,399,343,545
"593",283,339,312,369,328,330,337,373,367,344,370,293,330,448,403,382,373,532
"594",278,363,302,353,325,311,362,368,340,333,354,287,352,464,428,370,362,511
"595",253,317,279,373,355,312,323,331,374,361,366,326,336,369,411,384,344,698
"596",254,290,256,357,338,330,346,403,368,341,356,311,320,441,379,379,285,651
"597",298,360,318,370,353,338,369,350,358,338,371,308,312,455,394,385,358,532
"598",237,293,350,353,325,396,294,333,347,355,356,290,347,469,377,373,245,686
"599",278,343,343,346,324,369,405,344,354,326,347,255,334,455,397,374,277,467
"600",303,350,376,367,353,378,355,311,394,348,355,303,349,395,448,383,341,520
"601",283,352,382,422,409,430,346,354,383,404,405,334,402,510,409,408,354,806
"602",241,321,289,365,311,302,348,408,430,335,346,335,320,436,383,361,363,678
"603",255,291,324,355,373,365,357,324,426,347,370,334,344,375,471,392,261,673
"604",271,291,355,381,375,397,379,389,371,359,384,298,359,478,395,375,310,723
"605",302,343,344,376,337,358,347,300,389,353,375,292,359,398,445,396,347,535
"606",288,335,322,393,379,379,359,414,376,382,413,317,358,442,399,407,390,755
"607",304,337,384,413,377,368,391,343,449,380,404,340,370,421,426,422,364,800
"608",271,294,333,374,375,363,352,299,379,375,385,326,371,417,436,396,333,729
"609",269,328,353,390,364,395,356,359,386,381,386,308,357,480,402,412,286,728
"610",300,346,298,373,362,316,330,381,383,374,394,324,348,477,397,395,367,729
"611",277,300,350,357,351,422,377,359,388,358,351,324,356,473,356,436,298,742
"612",236,307,329,357,352,386,355,318,425,344,366,330,331,389,441,400,274,645
"613",290,354,317,366,338,302,342,368,336,337,361,300,333,458,403,386,366,517
"614",270,333,324,358,344,345,354,403,349,344,369,315,362,460,410,376,361,523
"615",272,295,346,379,377,381,365,368,378,376,393,326,349,482,429,415,232,676
"616",340,371,419,412,352,410,386,330,435,376,398,287,368,487,424,409,364,636
"617",341,364,418,402,359,411,384,329,410,375,392,292,376,503,404,405,356,613
"618",315,374,361,366,346,374,356,304,415,343,370,317,352,416,440,391,350,527
"619",288,309,348,393,389,380,376,357,382,356,387,317,368,473,430,405,260,685
"620",332,347,377,417,390,408,380,356,419,413,425,335,396,516,391,434,378,810
"621",261,324,305,370,350,304,309,335,417,359,368,353,349,398,431,383,369,743
"622",257,325,267,348,350,313,346,385,356,348,363,315,366,449,367,405,287,652
"623",302,338,307,356,335,322,343,391,357,339,350,303,343,446,420,394,376,497
"624",234,304,263,359,329,330,345,395,367,343,341,300,344,457,409,377,300,645
"625",284,338,295,381,370,392,357,390,390,388,414,334,372,475,422,439,402,792
"626",328,342,375,366,342,345,342,289,424,362,367,289,343,395,427,387,352,540
"627",281,310,307,386,387,326,340,416,369,380,408,301,374,460,385,396,387,753
"628",331,341,394,403,419,425,386,351,395,400,403,327,426,509,453,473,388,785
"629",266,301,364,409,360,392,353,315,412,356,390,340,350,406,435,411,347,769
"630",351,380,403,389,378,418,404,352,371,383,416,331,362,493,453,427,361,624
"631",246,318,351,374,367,397,286,285,391,373,400,327,366,404,468,400,323,744
"632",294,309,378,399,378,412,395,347,432,380,415,321,375,409,469,421,364,805
"633",327,344,420,391,360,443,415,337,393,371,408,310,380,477,389,427,350,618
"634",343,351,373,381,384,371,378,337,347,358,401,285,355,485,424,409,313,530
"635",249,305,279,374,334,329,352,343,384,342,345,340,340,382,411,394,343,707
"636",284,347,362,345,329,371,378,345,367,342,359,297,332,468,403,387,301,461
"637",292,341,370,396,417,402,336,341,344,397,404,314,397,508,443,417,304,746
"638",310,345,362,382,364,387,369,309,412,367,381,314,340,396,448,393,327,549
"639",314,329,356,406,391,428,314,342,358,411,400,334,396,484,451,442,300,755
"640",251,313,353,378,356,373,323,320,448,367,390,344,356,384,455,390,316,773
"641",324,364,418,396,369,403,338,361,379,361,390,304,371,494,421,417,361,595
"642",298,337,401,403,422,441,327,355,390,396,411,356,394,483,446,433,343,796
"643",272,293,362,381,373,405,395,372,383,366,389,301,362,482,409,429,297,735
"644",324,327,374,376,350,361,380,300,425,364,367,315,349,396,450,412,351,582
"645",294,323,374,384,362,408,394,393,408,381,379,341,390,482,398,387,299,751
"646",253,321,326,352,378,340,356,327,368,350,362,304,332,471,389,384,260,668
"647",336,369,425,387,375,441,385,360,386,377,390,297,357,482,423,427,362,591
"648",258,296,358,382,366,364,289,307,376,381,383,333,360,411,466,390,331,750
"649",233,315,298,376,357,319,282,394,354,349,352,322,349,454,402,390,338,735
"650",275,382,323,362,327,310,354,373,350,345,379,298,340,485,419,393,375,509
"651",235,295,292,356,361,273,324,323,393,327,370,304,333,383,425,386,372,712
"652",241,351,277,363,356,314,344,340,396,350,353,314,336,400,469,398,348,710
"653",294,320,394,405,384,450,351,341,356,397,402,315,406,483,402,428,347,800
"654",278,333,341,388,386,385,339,316,397,371,376,313,371,402,467,420,321,730
"655",298,356,372,395,396,388,317,347,354,392,383,312,410,502,446,426,296,742
"656",309,369,368,379,339,364,360,305,423,361,371,305,328,401,452,388,355,561
"657",257,328,357,380,363,369,335,319,413,368,376,309,358,388,435,419,361,776
"658",255,297,283,362,342,316,314,366,397,329,366,324,352,370,445,381,367,712
"659",239,294,353,366,336,371,296,345,378,368,401,323,350,474,401,402,272,707
"660",243,311,292,385,377,332,342,404,377,328,368,315,304,444,386,376,295,660
"661",306,355,346,366,353,350,362,310,402,355,366,280,330,404,468,400,346,506
"662",295,320,317,407,389,347,381,413,384,372,407,352,377,472,445,405,376,761
"663",229,290,348,356,340,408,323,349,363,360,363,311,341,445,405,384,282,699
"664",290,350,357,366,337,386,396,320,404,354,370,308,332,392,443,380,333,528
"665",296,366,400,367,368,429,330,323,352,369,369,331,366,486,447,388,307,540
"666",316,365,371,410,421,386,364,347,395,410,429,333,396,522,417,445,346,773
"667",268,321,337,368,362,340,354,360,371,358,371,284,351,483,401,395,256,657
"668",305,318,349,353,352,391,370,361,378,333,356,297,331,465,398,379,285,478
"669",235,337,281,378,344,309,344,358,417,333,369,325,337,406,464,388,360,716
"670",302,353,394,379,352,376,350,331,388,381,387,320,370,483,420,395,319,593
"671",304,345,373,361,343,381,364,299,394,355,373,316,340,402,454,400,347,530
"672",255,336,355,382,389,355,372,387,393,393,403,328,357,489,401,424,358,737
"673",343,356,420,403,376,400,385,364,392,348,374,280,371,483,394,405,370,591
"674",269,354,367,365,336,379,364,358,359,339,377,286,341,471,404,384,281,470
"675",248,298,330,370,363,387,323,383,370,361,367,305,351,444,421,393,253,685
"676",331,359,379,390,382,394,374,329,365,381,395,316,374,505,432,389,342,527
"677",239,271,341,363,328,351,355,320,409,332,367,287,345,357,427,379,295,658
"678",299,339,363,398,364,375,333,343,489,393,400,321,381,428,419,412,370,808
"679",281,294,348,393,386,411,357,374,381,363,360,312,390,481,413,408,269,672
"680",273,335,371,409,388,433,341,360,402,413,410,331,390,478,453,433,343,830
"681",240,315,304,390,339,351,292,396,353,372,383,331,354,469,413,401,352,733
"682",295,304,339,369,368,362,358,359,413,366,370,296,376,467,407,380,256,690
"683",285,340,378,367,371,404,305,335,360,359,396,287,362,470,419,405,322,534
"684",266,332,346,376,361,415,334,308,387,364,392,340,393,414,470,400,325,743
"685",232,348,267,373,336,306,342,320,402,344,362,337,328,392,436,399,345,702
"686",251,288,384,358,353,399,347,346,389,363,376,322,365,442,410,370,256,684
"687",230,347,293,367,349,342,300,377,332,346,369,329,351,483,427,389,359,710
"688",341,328,370,411,438,440,398,338,392,409,425,321,393,500,431,460,319,797
"689",301,347,309,379,350,349,357,371,362,355,363,333,355,458,426,406,374,502
"690",347,362,389,387,359,369,383,305,398,381,377,315,376,505,431,410,320,549
"691",270,334,386,367,331,405,370,336,411,329,364,315,344,457,395,375,279,489
"692",241,294,315,360,345,337,341,327,405,340,351,311,315,378,430,379,292,656
"693",247,355,296,378,375,368,285,388,340,376,374,350,362,488,422,413,323,704
"694",253,321,297,373,372,299,323,380,356,356,365,326,349,465,401,401,330,685
"695",238,323,294,366,347,351,277,392,335,364,384,319,351,452,405,382,323,736
"696",232,277,335,365,327,371,283,384,378,359,337,313,354,457,393,386,241,666
"697",295,373,398,382,376,385,367,363,354,351,380,318,370,492,411,387,346,589
"698",302,328,366,356,352,376,411,342,361,330,369,283,344,463,413,392,275,490
"699",293,303,377,404,363,438,379,413,389,371,401,300,355,462,465,420,312,770
"700",263,294,338,360,345,371,366,340,420,349,369,312,343,400,434,404,277,664
"701",234,295,275,340,326,303,337,323,392,343,372,335,331,386,443,378,377,702
"702",288,305,368,400,382,464,412,387,403,383,410,308,359,453,425,420,288,732
"703",327,383,382,413,402,435,395,361,393,400,422,344,392,510,431,445,328,793
"704",301,328,366,380,384,411,333,326,335,389,405,306,378,488,428,444,299,748
"705",279,322,336,378,386,361,326,386,376,390,398,327,377,464,435,442,373,787
"706",248,342,338,377,364,384,281,311,390,377,380,332,351,429,472,410,347,738
"707",268,318,372,378,386,351,341,304,382,371,379,306,372,404,462,400,316,724
"708",269,280,323,366,345,369,365,320,455,339,374,304,340,374,446,372,257,711
"709",338,381,400,415,382,410,385,347,381,366,387,323,378,491,416,419,362,603
"710",285,368,397,364,359,394,345,326,334,352,386,321,355,487,436,390,313,549
"711",241,293,331,372,329,380,333,303,436,352,361,314,323,390,419,381,308,697
"712",327,366,411,394,382,426,401,362,377,395,403,299,365,503,401,426,339,584
"713",337,340,388,423,364,431,382,357,391,376,381,308,361,469,424,417,364,575
"714",307,351,323,357,333,322,343,372,346,350,366,317,340,456,394,373,376,499
"715",286,360,396,414,378,452,339,362,391,401,429,356,397,497,412,414,325,826
"716",311,347,390,385,351,400,332,345,366,375,385,303,371,492,433,403,314,546
"717",314,355,314,368,337,321,373,374,380,354,376,310,343,463,431,388,375,566
"718",323,390,372,378,377,385,379,344,357,371,370,310,361,511,442,411,313,523
"719",289,349,320,358,313,308,350,363,344,335,370,301,327,472,397,379,352,490
"720",302,364,371,369,369,352,350,298,397,338,358,323,327,421,459,405,348,534
"721",244,305,271,366,342,323,325,354,387,340,370,299,358,379,414,394,390,705
"722",285,315,353,396,350,397,412,372,396,352,385,305,329,451,377,395,309,720
"723",249,330,286,390,350,358,335,364,346,362,380,326,389,468,451,401,372,723
"724",296,328,377,400,390,419,341,332,379,397,387,343,410,515,415,407,303,773
"725",339,366,414,406,356,415,408,354,409,366,395,313,384,494,402,437,378,617
"726",333,368,394,427,428,420,388,341,384,404,409,340,393,528,419,430,322,783
"727",324,324,378,381,369,414,320,329,337,372,376,321,388,469,469,411,326,549
"728",303,330,375,405,395,418,396,365,365,404,400,338,407,491,414,450,332,794
"729",298,329,314,372,350,341,366,397,337,356,383,310,339,473,421,395,372,517
"730",322,378,379,399,409,375,391,370,395,392,420,318,408,516,413,419,318,773
"731",292,346,356,408,384,387,385,339,421,388,407,324,359,429,452,415,343,793
"732",243,302,277,366,346,318,341,367,359,336,361,298,358,452,395,389,278,661
"733",254,292,329,373,353,381,359,348,436,346,358,331,371,370,476,385,256,684
"734",247,298,328,356,346,352,358,318,417,340,377,297,331,404,451,394,266,661
"735",318,342,379,417,384,381,359,332,369,384,415,311,373,513,396,443,339,799
"736",286,312,356,410,420,417,363,334,357,397,400,317,399,474,485,424,276,751
"737",300,346,361,401,386,408,396,352,425,383,394,347,379,410,449,434,360,782
"738",297,305,359,384,397,382,343,340,399,382,389,300,384,429,426,432,331,749
"739",302,326,378,393,389,397,391,350,443,382,413,354,370,409,486,437,346,786
"740",317,376,381,391,377,390,367,307,350,383,386,309,361,507,418,411,332,538
"741",283,336,334,346,360,334,371,319,386,344,354,285,329,392,459,392,329,518
"742",293,334,366,396,390,395,286,340,345,394,386,315,393,485,429,420,281,756
"743",302,353,401,391,401,420,339,354,385,395,427,287,400,495,432,430,342,769
"744",342,342,393,420,409,429,403,375,376,410,419,302,404,486,427,434,363,788
"745",280,327,348,404,384,386,335,333,350,402,398,321,376,494,408,394,311,734
"746",292,321,368,383,363,389,400,297,430,367,389,303,373,408,440,406,356,789
"747",342,376,372,405,407,409,378,352,389,410,403,319,382,538,414,430,341,785
"748",234,302,322,379,341,351,307,379,329,361,371,331,375,464,424,424,355,728
"749",252,318,289,361,336,312,365,375,403,343,350,338,339,461,354,373,293,668
"750",307,374,311,376,347,340,344,356,394,341,359,317,361,457,392,375,388,531
"751",307,351,391,364,355,402,342,344,367,374,397,294,344,482,430,384,307,565
"752",286,335,382,363,357,412,340,331,363,376,376,317,362,472,406,392,335,555
"753",254,341,275,368,337,289,370,381,432,360,359,333,351,383,428,412,362,725
"754",287,344,308,392,365,363,359,415,414,378,402,352,390,470,400,400,393,814
"755",236,345,323,386,367,327,296,373,326,372,378,328,392,494,410,409,325,713
"756",286,310,345,384,395,378,353,288,397,370,381,303,374,402,444,402,319,742
"757",370,355,389,373,375,385,371,349,391,378,377,315,366,486,417,418,313,576
"758",284,326,300,379,391,344,348,412,355,378,380,324,381,473,411,426,333,712
"759",303,342,391,389,366,421,348,330,339,382,378,323,376,465,464,408,308,550
"760",279,330,386,387,375,409,325,351,372,397,395,302,388,490,413,445,334,793
"761",250,292,328,369,346,375,344,342,424,350,363,325,335,371,460,402,256,674
"762",343,381,415,380,357,393,388,351,428,371,417,298,377,488,413,419,373,649
"763",240,325,341,365,356,387,340,345,358,364,377,300,342,470,419,403,251,687
"764",226,303,307,342,339,333,362,377,372,320,351,316,300,409,362,376,316,642
"765",294,335,300,381,408,365,350,370,348,371,377,340,360,454,449,413,330,714
"766",306,362,384,379,380,402,312,328,331,377,390,312,370,501,431,396,339,554
"767",308,342,383,367,363,407,336,310,342,363,386,305,355,480,423,405,329,556
"768",345,371,388,391,359,375,366,338,364,387,398,284,381,486,419,419,352,598
"769",329,384,397,386,365,389,426,359,370,373,380,300,371,515,434,405,354,586
"770",290,358,301,374,367,330,343,410,387,371,381,341,387,477,388,407,338,729
"771",272,308,341,386,384,364,334,309,391,376,373,316,358,421,448,412,329,719
"772",348,360,443,413,374,419,413,363,378,378,418,342,388,490,424,441,384,608
"773",261,301,325,347,332,352,329,314,447,354,354,320,337,379,427,402,286,692
"774",291,319,369,403,401,435,293,345,357,400,394,318,407,495,434,400,312,734
"775",305,320,388,428,391,410,343,360,370,381,403,330,415,492,442,439,385,793
"776",359,373,423,391,381,415,404,374,396,382,407,320,384,471,444,453,347,604
"777",293,331,387,397,389,429,306,356,363,417,402,346,402,479,427,443,361,801
"778",310,353,353,358,351,335,376,313,428,360,376,292,332,410,435,382,361,553
"779",366,353,393,387,360,397,398,370,366,372,384,274,344,485,395,424,388,623
"780",289,310,342,391,406,394,365,357,384,372,385,337,369,474,443,421,238,679
"781",306,313,324,415,368,360,353,379,422,375,387,329,359,469,387,415,380,812
"782",258,315,276,368,345,332,338,360,408,350,375,326,352,398,446,388,367,733
"783",295,349,306,375,334,328,367,378,383,349,367,291,334,468,424,383,366,518
"784",299,332,325,389,357,373,350,403,421,387,398,330,379,466,414,412,422,768
"785",304,331,362,382,374,375,341,321,410,369,395,305,377,419,465,380,332,729
"786",248,322,272,352,345,320,358,422,412,348,386,317,333,461,387,392,306,667
"787",340,353,382,391,385,400,397,343,353,379,376,324,378,496,451,409,326,517
"788",294,335,350,396,392,383,373,336,416,384,389,358,372,408,476,421,338,727
"789",316,344,388,393,398,430,319,347,363,396,408,321,384,479,423,457,332,778
"790",240,341,284,377,364,375,276,392,333,380,383,337,358,486,431,420,338,721
"791",285,325,349,378,356,378,370,372,390,340,358,307,328,469,426,401,292,480
"792",274,330,344,365,356,403,367,366,382,352,369,293,342,460,399,392,271,687
"793",248,344,335,362,373,408,306,352,373,378,369,318,369,511,418,402,235,667
"794",254,311,331,385,345,383,375,323,426,340,358,319,364,364,453,400,254,648
"795",287,365,364,395,379,395,330,336,341,396,401,333,403,508,436,406,280,739
"796",241,326,297,361,346,309,331,346,409,354,350,338,340,405,434,379,337,715
"797",330,321,381,421,429,408,377,342,396,391,398,334,398,497,461,443,356,783
"798",243,331,256,361,347,308,301,359,384,355,364,320,331,397,430,379,358,710
"799",310,332,380,389,399,412,442,372,371,376,398,291,397,496,399,451,325,770
"800",277,330,369,410,363,381,400,319,417,376,396,313,361,385,430,441,377,795
"801",229,292,313,379,342,356,311,395,349,364,370,320,356,468,432,417,378,734
"802",287,349,383,370,357,424,323,344,362,362,360,285,356,480,418,386,333,550
"803",258,296,329,369,341,411,313,356,361,363,370,312,354,429,409,412,264,678
"804",296,340,365,373,354,380,357,316,412,346,391,325,343,388,483,397,344,550
"805",295,339,350,365,348,329,373,319,348,335,342,282,323,460,398,371,244,472
"806",262,302,288,353,321,323,357,357,405,337,361,324,329,439,381,381,302,688
"807",349,375,385,377,364,385,361,334,378,380,382,300,373,505,431,411,322,556
"808",262,351,303,357,357,337,384,378,348,373,393,318,343,477,391,400,370,788
"809",289,333,357,363,336,358,376,341,365,362,334,299,340,483,408,367,271,465
"810",289,302,352,394,397,387,365,316,414,382,393,346,382,396,474,433,317,732
"811",267,359,322,405,363,323,342,381,388,376,381,333,355,486,412,417,366,772
"812",231,357,297,384,378,330,294,379,322,358,380,316,367,488,412,395,342,723
"813",237,302,282,362,348,298,343,347,408,347,364,302,319,373,416,384,365,694
"814",254,288,336,379,362,381,259,325,379,373,389,298,368,385,458,387,359,745
"815",281,307,348,374,361,382,374,361,366,382,376,310,375,478,398,415,270,667
"816",333,343,368,429,439,423,389,374,386,400,433,351,407,485,456,444,355,788
"817",281,327,355,357,349,365,376,301,405,352,387,339,339,425,463,397,338,519
"818",300,342,373,375,373,374,324,329,375,382,376,299,366,488,404,393,323,590
"819",301,340,372,368,346,391,380,309,393,351,377,326,363,408,431,384,336,533
"820",242,323,338,354,342,411,305,341,376,369,383,325,360,445,455,424,257,701
"821",239,361,295,365,358,331,300,383,362,378,362,319,357,493,406,394,341,717
"822",287,339,379,410,383,384,350,334,401,384,402,320,361,415,441,423,333,771
"823",267,284,277,380,351,342,344,399,376,348,379,299,336,447,410,391,335,639
"824",227,315,320,360,331,374,346,329,416,347,361,325,319,408,434,389,241,669
"825",258,328,305,397,395,318,357,392,367,356,390,309,361,465,375,397,364,779
"826",321,340,370,376,326,363,371,283,435,366,366,341,348,395,463,381,354,553
"827",279,367,369,364,340,373,386,350,375,351,359,289,352,496,405,404,281,448
"828",281,342,306,399,362,323,354,372,359,356,383,320,348,473,397,430,350,755
"829",322,331,389,428,428,428,365,372,394,404,416,317,397,489,442,441,327,796
"830",313,341,379,377,357,381,335,319,348,375,382,292,351,465,427,388,321,528
"831",340,363,420,399,383,407,398,347,373,393,395,312,375,491,444,444,355,589
"832",253,273,331,367,333,356,340,314,454,340,363,295,336,392,422,379,272,687
"833",285,363,346,370,341,324,376,351,383,343,361,310,324,473,403,381,367,534
"834",223,316,294,367,333,338,316,371,360,354,378,337,350,462,402,408,338,761
"835",287,304,347,380,380,361,334,315,399,370,371,318,376,422,455,417,335,737
"836",330,337,387,405,420,404,388,371,388,415,423,309,390,490,398,430,335,785
"837",236,319,299,372,336,369,297,369,310,358,375,334,351,469,410,387,334,732
"838",326,327,372,390,425,432,385,344,398,397,411,302,388,477,420,437,357,788
"839",246,320,325,363,340,339,351,325,423,339,368,300,338,395,445,392,249,648
"840",288,321,366,377,337,324,346,299,397,344,355,274,337,403,462,376,325,531
"841",290,323,389,395,407,414,300,341,375,390,410,342,400,514,441,436,320,758
"842",340,365,402,387,365,400,399,349,376,363,393,308,369,489,393,409,351,608
"843",275,309,345,386,372,369,328,346,410,369,401,297,373,408,443,409,342,800
"844",245,309,347,376,359,366,317,304,377,363,370,312,351,391,456,386,319,744
"845",248,315,302,361,335,343,297,375,376,367,376,340,369,453,430,402,329,744
"846",303,383,381,391,343,395,322,348,337,360,366,308,370,500,416,403,315,561
"847",314,379,391,428,418,415,365,345,398,402,421,320,398,512,422,435,345,777
"848",336,344,388,376,386,384,366,320,366,369,385,290,348,503,422,395,330,532
"849",279,346,359,339,331,375,377,340,381,330,359,295,336,480,406,389,267,462
"850",351,367,420,398,366,414,387,351,355,387,385,303,390,482,410,414,359,596
"851",230,269,310,362,330,338,360,350,407,330,344,295,316,369,416,374,279,667
"852",234,326,272,376,355,292,330,347,380,331,373,337,342,404,435,399,366,698
"853",299,354,360,365,338,371,376,354,356,332,357,282,340,475,423,379,279,486
"854",308,364,358,373,336,373,346,301,428,345,372,311,357,409,451,386,353,556
"855",274,306,347,380,366,390,364,357,364,360,396,303,353,473,427,398,247,668
"856",334,365,380,384,389,407,381,352,384,396,388,305,378,476,426,433,367,585
"857",281,308,344,371,368,384,372,368,368,351,380,298,335,477,411,373,274,655
"858",351,376,386,381,362,405,395,339,353,370,368,300,356,468,440,394,346,531
"859",268,307,360,395,383,414,359,300,409,367,393,320,388,427,453,408,326,726
"860",289,333,314,390,384,326,361,358,398,376,374,306,350,477,388,416,327,761
"861",327,379,389,422,412,417,383,356,376,390,415,338,403,497,442,462,344,783
"862",273,328,344,391,391,361,344,322,405,382,388,317,375,426,450,416,305,718
"863",285,333,292,375,377,318,369,361,408,368,384,336,376,481,398,407,341,742
"864",248,332,285,374,347,362,297,414,326,368,385,351,365,454,421,392,352,741
"865",283,320,359,392,384,388,322,362,342,382,387,319,379,504,431,413,291,748
"866",285,349,378,387,359,409,347,353,363,396,409,325,391,500,418,435,343,793
"867",283,283,387,384,364,416,372,386,393,374,384,304,371,484,398,426,290,753
"868",335,351,395,363,393,403,376,339,350,375,389,297,357,514,434,420,336,544
"869",315,322,382,389,337,357,357,320,392,358,378,341,344,397,476,394,346,540
"870",258,294,252,334,348,302,340,352,355,323,346,318,321,443,389,364,280,660
"871",225,298,278,343,321,334,339,368,376,339,365,302,344,442,374,378,300,625
"872",289,357,318,366,330,339,353,385,327,336,359,299,357,443,397,379,363,519
"873",246,330,362,376,340,385,302,312,419,370,390,331,364,398,443,382,310,775
"874",288,326,392,383,352,386,376,364,415,371,394,313,355,488,422,400,294,726
"875",283,336,355,333,341,363,367,342,364,321,351,279,328,461,398,373,279,451
"876",342,373,411,401,378,439,399,341,376,397,381,297,376,473,446,435,353,586
"877",279,329,308,376,376,324,380,402,387,372,378,349,356,478,377,395,384,758
"878",331,316,366,361,348,379,395,341,407,352,392,284,352,408,472,390,336,527
"879",288,358,375,403,402,394,303,321,334,380,395,339,379,473,435,407,301,741
"880",290,333,370,368,366,347,352,304,386,365,361,305,353,443,454,399,346,535
"881",242,288,317,368,359,423,353,357,349,368,386,334,360,470,442,399,269,682
"882",350,373,413,390,364,412,379,360,390,395,396,304,388,487,412,405,369,579
"883",253,282,328,360,329,362,364,326,427,355,358,322,348,382,446,394,267,659
"884",282,343,290,393,391,346,338,391,348,357,383,343,369,500,443,420,372,725
"885",289,365,307,349,366,313,374,388,362,349,374,317,338,479,398,383,356,534
"886",227,292,292,364,342,321,346,379,368,335,359,324,338,430,383,382,301,678
"887",295,331,380,390,363,434,297,371,360,401,410,320,369,483,398,409,357,816
"888",293,361,366,362,355,350,382,288,406,352,366,334,354,422,464,399,325,525
"889",243,334,301,367,352,315,284,363,313,359,365,352,358,461,408,383,366,730
"890",316,380,390,403,415,401,357,372,392,417,423,316,400,533,411,433,318,775
"891",254,305,351,383,371,397,286,339,402,375,383,332,361,415,456,436,339,747
"892",234,345,300,361,368,342,292,381,360,379,382,320,375,465,399,402,349,769
"893",239,291,268,353,338,291,334,403,355,344,348,289,327,459,382,371,302,644
"894",233,319,313,362,354,332,279,371,331,341,369,311,358,475,392,379,333,719
"895",300,347,389,394,343,408,357,320,349,358,387,333,385,474,470,387,335,577
"896",235,325,257,370,358,302,331,335,408,348,364,330,328,388,409,386,374,701
"897",279,312,334,379,367,386,371,350,380,379,371,315,371,475,413,421,292,693
"898",239,320,278,352,330,347,350,404,361,350,366,305,326,464,384,367,269,644
"899",272,307,370,388,360,404,381,380,400,366,371,291,361,440,383,390,282,710
"900",246,305,244,359,317,309,332,393,352,331,363,286,318,442,361,357,264,628
"901",279,329,356,401,392,404,306,370,346,382,401,317,389,469,432,417,283,728
"902",360,357,426,399,352,412,370,354,365,382,386,304,341,502,401,408,383,578
"903",314,340,378,375,334,351,352,315,443,356,374,302,342,418,466,381,349,548
"904",241,318,284,351,321,316,345,367,416,346,354,323,320,454,374,381,298,695
"905",297,348,377,381,352,383,371,311,401,349,376,316,341,415,439,390,353,536
"906",289,337,352,348,341,321,360,309,374,337,356,289,332,398,462,401,340,530
"907",260,312,344,383,365,379,279,340,386,363,388,316,357,401,447,407,326,740
"908",290,324,301,387,376,356,336,410,338,366,366,324,380,466,401,410,353,720
"909",303,355,383,413,410,402,389,351,396,412,442,323,412,520,408,442,351,769
"910",273,323,308,383,366,348,346,365,390,367,410,318,377,484,393,395,367,738
"911",257,301,348,380,360,397,302,313,372,374,365,325,381,411,469,412,323,737
"912",275,323,303,381,361,365,361,406,373,386,397,331,360,460,388,400,392,755
"913",304,336,369,347,347,376,381,344,378,334,357,319,340,455,435,375,282,484
"914",299,331,358,386,407,430,330,347,344,398,399,342,398,485,462,417,301,743
"915",241,278,309,348,330,332,315,343,411,337,361,325,325,385,425,385,242,673
"916",325,382,386,350,371,374,368,320,344,373,380,302,363,496,411,398,308,533
"917",252,299,352,394,355,370,302,326,415,378,378,322,374,410,471,401,340,739
"918",321,341,383,407,424,425,380,337,398,399,416,295,420,496,411,437,359,769
"919",288,312,352,381,350,377,360,327,384,359,373,301,380,474,391,389,277,680
"920",234,302,332,353,325,401,305,353,351,361,346,301,323,433,406,395,241,672
"921",291,350,383,402,363,384,396,338,472,393,396,305,375,419,428,422,374,818
"922",262,320,331,381,369,387,302,317,387,392,384,339,373,376,505,390,321,749
"923",291,296,350,366,360,350,383,347,365,365,365,285,355,445,392,379,245,646
"924",332,347,421,408,360,386,405,369,363,371,408,294,373,481,424,419,344,595
"925",330,358,388,417,407,412,369,375,373,419,431,340,430,510,423,442,329,782
"926",342,357,395,408,385,417,402,349,362,379,385,288,369,492,413,421,383,595
"927",282,365,348,411,392,409,304,350,381,393,388,321,391,509,464,416,301,743
"928",279,327,293,398,377,332,353,361,392,360,389,331,377,483,402,397,359,730
"929",300,293,346,384,378,424,389,383,400,375,395,306,370,462,398,413,302,719
"930",353,360,393,379,406,443,378,373,396,388,410,303,363,479,456,422,360,600
"931",241,335,330,375,356,409,327,307,371,375,384,314,369,423,474,420,334,736
"932",342,372,418,403,364,396,383,360,414,371,403,318,377,490,391,415,365,604
"933",253,320,284,364,351,335,340,358,389,351,364,307,338,379,445,388,362,683
"934",327,327,375,398,414,409,387,366,432,419,428,321,395,503,415,454,344,815
"935",272,309,318,391,377,331,349,376,358,362,383,319,356,467,383,398,393,756
"936",285,340,355,400,348,420,385,369,401,380,391,317,353,460,424,415,284,757
"937",342,357,382,434,438,447,406,332,406,405,427,324,396,498,417,420,346,805
"938",292,306,330,350,379,379,355,349,370,348,355,295,362,468,389,395,235,669
"939",315,335,350,406,415,396,344,332,392,396,401,334,401,489,427,419,291,763
"940",298,312,342,387,398,371,346,329,395,373,388,316,370,423,457,422,371,739
"941",323,392,382,385,376,377,381,332,373,364,387,311,379,529,441,418,329,531
"942",323,334,389,409,420,456,397,379,392,399,418,346,404,495,441,430,364,797
"943",271,290,367,395,391,420,391,387,394,375,400,320,361,468,431,424,280,733
"944",336,383,382,391,396,381,377,301,353,372,396,325,350,535,443,409,324,507
"945",310,359,365,405,384,411,323,335,390,397,393,330,384,501,425,391,331,765
"946",286,300,348,407,358,375,375,378,413,369,383,281,372,464,391,427,287,709
"947",315,325,368,378,344,380,389,322,379,344,375,313,330,413,479,400,341,559
"948",254,332,342,384,349,404,314,361,361,347,364,314,347,467,421,400,252,686
"949",292,324,404,401,392,445,356,350,372,392,393,313,375,480,412,427,363,802
"950",301,331,341,364,357,377,375,345,371,352,389,310,341,451,435,380,255,490
"951",327,354,394,383,390,377,391,337,353,349,371,299,374,468,438,387,318,524
"952",240,310,291,373,345,333,315,377,389,354,365,312,329,354,435,404,375,717
"953",278,354,305,377,366,314,368,363,390,342,372,323,337,463,417,373,376,543
"954",310,353,325,356,341,330,339,378,398,349,385,321,352,475,406,377,358,532
"955",298,318,375,388,369,400,375,378,400,354,414,286,374,485,402,416,299,739
"956",279,340,340,390,397,332,353,302,401,370,383,332,367,432,475,412,342,714
"957",323,312,353,397,377,378,346,341,384,367,376,331,360,474,437,404,252,666
"958",267,358,330,391,386,342,368,410,351,383,389,309,392,482,377,421,372,752
"959",310,328,381,383,361,404,326,330,344,367,376,314,359,495,437,399,330,559
"960",331,346,378,368,383,394,365,340,343,363,387,301,351,489,422,396,331,536
"961",292,351,371,371,323,375,362,380,399,340,378,308,334,460,409,387,281,530
"962",354,355,384,377,390,388,370,360,367,379,385,312,364,500,425,382,319,524
"963",349,348,395,436,426,435,384,364,401,419,424,339,398,496,472,457,334,781
"964",301,364,400,412,382,454,305,346,407,398,410,313,390,483,415,424,335,834
"965",258,307,336,375,339,418,287,371,351,355,374,328,377,470,425,414,261,681
"966",305,341,396,372,349,408,311,332,361,365,364,324,362,486,435,405,335,530
"967",313,322,369,406,383,377,358,342,421,386,406,336,392,417,450,420,351,803
"968",293,355,364,398,366,413,297,360,377,396,396,311,387,473,421,405,374,774
"969",280,334,341,404,361,352,351,383,419,374,391,331,355,460,366,439,374,816
"970",306,339,360,377,353,375,371,308,394,349,363,337,347,394,491,405,340,527
"971",256,317,275,361,329,326,359,337,426,355,374,334,373,386,413,375,365,738
"972",280,348,330,400,357,352,372,390,413,378,396,319,369,469,410,412,390,798
"973",288,351,391,396,373,396,370,336,417,390,397,295,370,424,448,424,373,761
"974",233,307,264,365,338,282,353,385,397,351,362,304,321,451,362,370,315,676
"975",348,335,395,396,405,390,363,334,339,371,379,298,361,488,433,434,319,519
"976",284,310,280,362,389,339,359,376,351,353,390,321,379,449,414,413,340,726
"977",240,291,285,357,324,339,368,358,391,351,370,331,345,445,404,387,316,651
"978",297,313,373,403,379,398,384,357,410,398,405,317,385,424,447,411,352,775
"979",257,290,345,391,354,417,303,338,386,385,391,304,362,419,462,391,332,759
"980",247,324,275,366,346,288,356,351,423,350,364,342,342,400,425,406,381,747
"981",288,310,372,380,359,409,359,370,406,365,368,320,377,481,410,400,235,691
"982",220,296,263,364,337,325,324,388,373,325,361,315,327,426,376,369,278,650
"983",247,304,347,368,355,417,316,339,348,354,363,284,354,445,411,396,262,680
"984",352,355,394,375,375,399,380,321,393,385,387,298,366,493,420,391,336,567
"985",302,357,369,400,371,373,310,313,348,365,384,278,360,470,410,413,324,552
"986",288,339,365,389,359,367,358,341,445,382,407,323,352,428,459,417,388,788
"987",301,350,302,393,395,353,351,390,351,391,385,345,375,465,437,405,342,710
"988",299,327,380,397,373,414,375,350,437,395,398,325,373,412,445,434,369,792
"989",298,339,383,401,385,450,316,402,367,402,388,312,395,489,420,414,359,793
"990",236,316,278,367,332,313,337,386,369,336,384,342,331,449,394,382,302,657
"991",295,321,362,388,361,398,385,373,402,354,370,309,371,460,374,382,299,684
"992",343,368,405,400,384,413,387,369,387,375,401,298,365,489,424,419,372,609
"993",255,317,352,381,363,407,309,322,399,379,385,341,376,399,485,401,312,750
"994",248,316,334,372,354,377,288,342,383,354,362,303,371,404,435,386,333,743
"995",343,374,435,415,357,383,374,331,413,389,393,298,372,496,419,420,354,623
"996",336,343,384,433,412,415,395,338,384,398,414,319,399,502,450,461,341,787
"997",283,362,385,405,391,410,309,353,353,402,406,337,386,505,441,430,332,788
"998",285,316,321,385,382,342,348,308,390,361,374,314,360,440,436,395,339,706
"999",331,337,390,423,399,416,359,369,392,406,409,316,403,482,404,425,320,773
"1000",300,337,365,408,380,392,354,348,443,387,409,311,368,407,449,422,367,802
