"","v Afghanistan","v Australia","v Bangladesh","v Bermuda","v Canada","v England","v Hong Kong","v India","v Ireland","v Kenya","v Netherlands","v New Zealand","v Pakistan","v Scotland","v Sri Lanka","v U.A.E.","v West Indies","v Zimbabwe"
"1",373,323,343,399,375,424,379,297,505,377,515,310,345,361,373,254,332,424
"2",349,382,336,334,342,493,344,279,455,397,513,316,419,339,376,291,330,433
"3",387,344,345,375,380,416,373,268,485,407,509,307,356,367,353,235,358,441
"4",352,389,368,343,1175,489,359,296,492,378,496,326,321,344,373,248,344,462
"5",373,347,337,392,386,427,396,290,503,438,576,330,356,391,345,296,358,486
"6",288,336,355,393,304,252,321,291,424,369,466,357,399,300,328,215,283,348
"7",272,381,358,304,310,426,313,288,329,292,335,361,375,374,412,249,308,1489
"8",309,383,336,348,343,461,325,283,454,373,522,324,417,355,388,248,333,512
"9",337,435,369,347,298,440,345,330,346,340,360,370,406,308,368,241,297,409
"10",393,342,373,401,368,461,378,285,511,397,544,315,348,398,365,288,325,466
"11",306,401,382,311,332,294,306,298,435,358,479,348,405,327,365,197,298,338
"12",327,388,379,283,324,272,305,307,438,346,466,354,424,291,366,224,266,335
"13",371,438,321,352,342,460,355,305,477,413,507,331,427,337,368,240,328,415
"14",313,421,378,328,328,296,319,313,437,374,503,347,408,316,367,225,291,366
"15",325,359,346,302,422,264,294,292,442,310,429,325,301,299,367,222,263,326
"16",304,379,365,292,323,308,477,277,452,330,445,356,396,316,376,168,286,310
"17",310,383,392,330,324,257,508,305,455,324,482,349,450,309,348,232,287,400
"18",375,362,369,391,395,438,391,314,508,413,542,320,345,421,372,293,393,490
"19",332,429,350,368,373,437,351,315,474,367,511,346,418,358,389,236,336,472
"20",353,328,364,374,372,435,374,320,526,395,548,310,348,362,337,286,354,457
"21",310,357,364,298,306,486,303,287,3833,386,343,319,289,283,379,213,264,371
"22",294,363,353,322,321,462,294,296,335,314,357,362,406,321,363,241,271,356
"23",302,386,373,298,315,266,304,306,429,375,460,338,406,389,334,221,281,334
"24",339,404,314,329,340,508,342,304,499,393,765,325,414,383,356,242,357,416
"25",294,358,369,299,298,448,299,276,340,285,321,319,299,348,406,250,308,396
"26",306,348,368,295,318,252,321,274,436,366,465,338,408,304,364,200,282,371
"27",316,374,357,325,312,297,337,305,425,335,478,349,407,319,362,205,296,378
"28",295,399,363,304,316,428,4645,278,369,309,349,349,393,307,357,237,308,348
"29",384,326,346,368,377,440,391,313,477,389,532,310,351,368,342,242,364,426
"30",351,319,355,349,361,454,366,303,468,400,496,254,233,368,356,262,318,443
"31",318,410,399,285,305,448,295,301,320,288,334,332,293,288,372,221,306,394
"32",366,403,332,339,359,433,349,303,450,385,496,331,416,350,356,283,334,393
"33",341,395,357,293,290,277,317,283,429,334,459,336,296,320,368,195,545,366
"34",356,353,359,392,374,444,369,302,475,423,550,328,350,360,346,260,327,441
"35",359,349,355,391,405,424,379,294,512,448,530,312,356,367,371,314,368,466
"36",302,413,349,317,322,266,307,285,453,348,484,371,387,305,342,1265,278,346
"37",324,404,384,324,1114,489,297,297,358,297,324,311,298,317,390,225,283,417
"38",309,387,359,297,299,280,310,277,420,318,474,320,309,297,367,230,241,343
"39",383,406,340,361,335,488,351,304,459,390,500,332,419,351,384,211,337,406
"40",332,408,391,301,329,440,348,285,1582,302,371,368,420,318,405,264,306,374
"41",291,354,384,290,310,252,339,275,422,336,450,325,421,310,320,225,277,372
"42",310,372,343,300,294,284,293,283,435,317,449,325,306,285,358,208,259,357
"43",341,383,319,325,336,468,313,276,436,342,473,291,288,314,375,194,313,393
"44",354,335,342,377,381,433,396,288,510,422,524,291,344,392,364,283,347,472
"45",335,386,367,350,320,301,2182,292,474,388,506,363,407,335,353,231,306,482
"46",311,374,332,280,297,454,280,295,311,266,322,308,283,290,349,252,272,336
"47",351,365,323,367,343,485,340,308,463,380,505,301,305,341,395,248,330,468
"48",365,397,346,351,336,503,359,304,489,364,512,330,429,335,355,255,322,423
"49",337,371,345,310,294,485,498,270,311,297,325,290,295,288,356,231,283,411
"50",342,393,337,357,341,471,362,322,467,366,515,344,451,362,376,229,358,440
"51",307,379,365,310,328,485,315,302,371,312,343,333,425,321,378,259,318,362
"52",360,302,344,355,372,420,354,279,489,372,509,263,234,324,335,233,317,412
"53",313,403,370,314,332,476,351,295,330,319,344,330,399,316,392,246,324,398
"54",392,360,365,407,377,454,384,320,536,429,535,326,347,393,375,277,351,457
"55",373,311,368,379,363,406,366,268,495,396,539,303,325,372,359,289,326,457
"56",330,384,348,350,339,479,315,287,440,377,488,333,326,344,357,212,329,396
"57",375,392,352,366,360,486,364,285,469,372,526,316,416,338,395,258,349,457
"58",368,311,358,363,362,437,357,264,491,376,520,272,223,360,357,252,311,448
"59",279,344,343,295,302,259,313,287,436,332,460,334,402,309,347,205,285,338
"60",314,360,388,273,298,260,287,264,414,298,446,299,288,278,339,196,258,311
"61",348,428,368,347,350,475,344,312,505,394,527,334,433,382,377,251,335,408
"62",283,366,347,304,320,294,298,272,436,417,478,340,396,313,378,180,268,334
"63",367,342,359,382,402,449,368,304,481,416,521,295,341,375,363,285,358,447
"64",324,403,354,303,302,427,320,299,354,281,343,335,409,320,359,232,314,360
"65",394,355,355,382,381,458,385,302,503,414,545,313,357,389,356,274,343,470
"66",342,324,360,362,381,462,368,291,454,396,518,290,226,374,331,272,340,449
"67",349,427,359,379,352,476,339,302,507,381,489,337,435,367,385,241,361,425
"68",362,313,348,373,379,418,364,274,491,423,507,286,336,370,332,248,375,459
"69",295,333,366,802,294,263,297,293,415,330,440,293,297,288,345,205,249,358
"70",388,331,319,366,373,416,365,297,508,394,533,313,330,398,324,261,382,489
"71",302,440,362,320,330,448,329,319,381,331,375,376,396,319,388,250,305,641
"72",327,391,370,339,322,309,323,307,456,348,506,353,424,314,348,226,287,339
"73",338,376,332,329,361,485,325,296,444,367,503,313,315,342,383,235,317,426
"74",342,378,332,325,489,489,333,286,435,378,510,286,337,339,392,232,322,425
"75",345,410,330,333,368,480,361,300,456,395,510,338,420,361,348,242,357,410
"76",384,349,384,374,383,443,381,312,501,409,529,306,341,386,359,302,345,439
"77",411,344,391,370,372,457,366,312,523,404,535,272,253,385,365,236,338,471
"78",310,341,349,293,287,476,294,252,371,278,324,286,279,308,365,204,297,403
"79",322,396,371,323,347,489,340,278,354,297,384,350,419,324,356,231,318,400
"80",330,339,372,294,285,273,297,275,402,358,460,320,292,305,340,225,280,363
"81",303,384,344,329,316,426,319,305,340,313,321,329,410,555,412,252,301,359
"82",305,358,346,294,297,461,301,276,313,281,301,305,274,302,427,194,262,358
"83",392,336,366,391,379,435,357,316,517,407,540,319,346,368,337,270,361,450
"84",302,364,364,283,280,300,309,267,437,337,452,326,308,309,354,211,273,378
"85",329,378,340,920,353,476,342,283,449,367,487,351,437,334,380,228,357,372
"86",381,329,359,377,390,466,422,302,541,415,534,317,371,379,367,284,364,477
"87",321,357,356,322,317,308,310,282,624,345,451,336,402,322,367,206,297,384
"88",356,434,333,353,366,470,359,308,465,390,525,366,435,368,364,274,369,398
"89",343,385,392,326,332,318,331,297,419,341,477,357,394,348,364,202,553,367
"90",310,411,343,292,317,470,286,298,350,289,343,303,283,299,392,229,308,389
"91",356,303,344,387,358,461,388,305,514,377,526,285,340,373,343,255,346,445
"92",339,344,332,324,343,466,333,281,424,364,462,298,317,323,357,211,324,404
"93",300,383,356,339,325,297,323,301,443,330,475,349,428,318,350,210,706,330
"94",300,342,330,337,308,337,328,274,453,343,464,338,401,309,370,220,281,359
"95",395,368,378,353,379,476,380,278,509,396,579,288,253,365,334,262,355,481
"96",341,372,329,289,302,437,304,283,314,310,336,332,387,299,352,248,289,365
"97",363,368,334,338,353,497,361,285,567,369,533,325,435,373,335,335,365,685
"98",327,362,373,333,329,305,317,274,439,339,507,365,388,328,346,205,595,345
"99",366,331,380,360,376,422,372,290,545,412,545,315,349,375,362,308,341,455
"100",320,390,362,328,315,233,322,313,432,321,450,363,412,338,335,243,280,338
"101",365,362,339,379,358,419,375,306,509,392,528,317,342,369,374,290,340,459
"102",310,391,366,331,312,488,309,304,342,300,360,343,385,344,351,230,298,790
"103",312,366,368,313,859,467,312,273,317,300,340,316,284,720,357,265,286,401
"104",329,376,350,328,312,436,322,299,327,310,336,372,407,336,378,263,295,371
"105",307,339,351,285,288,278,286,276,431,393,436,296,291,283,403,214,256,358
"106",313,366,373,302,304,283,315,293,428,333,472,312,285,310,359,171,267,342
"107",286,361,334,311,276,451,1467,295,349,279,2803,350,371,309,353,257,299,343
"108",307,334,368,300,291,289,310,274,408,340,475,292,297,305,370,239,258,401
"109",379,352,357,386,392,468,359,312,540,435,540,296,330,403,360,257,374,459
"110",386,289,338,384,399,465,392,301,478,421,543,302,347,375,356,242,343,470
"111",383,379,386,384,401,440,405,310,506,417,517,309,339,397,337,245,364,455
"112",326,410,330,343,371,479,359,314,467,371,474,354,438,370,401,353,353,406
"113",296,343,333,290,303,474,290,250,323,278,325,310,279,298,328,229,267,362
"114",303,344,332,325,316,251,317,305,447,322,460,340,405,314,348,219,291,349
"115",309,371,357,300,290,284,325,273,449,336,445,320,288,297,349,199,251,319
"116",309,426,370,307,349,438,305,298,333,312,348,350,382,307,400,241,305,373
"117",339,294,345,367,365,413,367,294,487,376,534,303,344,390,344,229,341,453
"118",324,375,368,336,342,260,303,314,544,344,464,352,418,323,364,222,286,381
"119",338,393,322,415,359,458,350,292,469,371,518,366,419,349,373,249,333,408
"120",335,389,352,320,394,499,321,285,385,308,355,360,395,327,406,267,317,386
"121",305,365,388,300,311,264,312,269,427,334,450,319,300,327,334,240,270,352
"122",324,376,395,1337,304,298,327,276,431,305,459,316,284,308,323,182,261,368
"123",383,352,357,374,372,406,365,291,487,399,515,315,347,387,366,287,331,481
"124",293,340,372,309,317,295,304,280,445,338,438,347,414,295,353,212,274,473
"125",397,348,349,374,372,466,356,284,484,417,528,295,352,360,342,277,323,448
"126",308,382,382,335,352,315,343,305,453,357,476,345,427,319,371,249,296,355
"127",291,345,352,296,273,508,306,282,316,275,329,277,272,281,361,204,263,497
"128",302,409,361,298,349,455,306,293,381,330,373,355,401,344,392,258,285,384
"129",374,405,378,348,344,477,359,309,437,379,502,325,411,347,388,234,341,439
"130",314,384,380,322,330,278,354,288,455,343,475,358,409,334,349,200,295,375
"131",333,374,377,302,312,280,301,305,406,830,434,318,312,312,380,200,247,365
"132",370,359,347,384,377,449,371,308,498,394,553,312,350,396,352,247,331,465
"133",358,355,367,358,370,447,379,289,501,415,552,301,318,376,384,257,328,446
"134",348,383,380,3001,342,498,359,281,479,371,512,305,316,335,370,237,343,470
"135",337,307,321,373,371,452,392,289,466,404,551,276,346,375,365,266,352,430
"136",350,347,363,382,361,459,384,304,487,398,564,309,343,388,341,271,328,453
"137",319,375,343,337,285,460,273,286,307,285,306,304,274,284,390,198,281,365
"138",396,323,349,363,367,426,373,280,476,383,528,285,236,374,391,219,328,409
"139",331,385,380,307,293,475,313,280,352,458,329,319,309,302,391,252,272,363
"140",289,385,352,321,285,465,281,309,331,293,308,295,285,303,424,205,271,354
"141",370,419,357,383,344,473,360,312,464,381,501,348,446,353,376,238,369,415
"142",331,350,377,323,347,300,325,302,431,366,479,323,407,327,394,214,261,386
"143",369,361,360,367,356,437,358,285,485,397,524,271,220,395,344,299,341,462
"144",384,352,348,374,367,411,367,306,520,392,505,303,248,352,340,228,323,459
"145",340,299,357,342,332,416,342,293,470,375,496,245,230,350,342,226,325,461
"146",368,353,356,304,317,269,327,280,1377,347,471,363,409,319,376,213,300,376
"147",302,354,345,281,293,276,286,267,410,338,461,321,310,300,323,197,251,346
"148",306,391,361,314,307,462,1082,259,314,292,320,296,302,290,392,213,262,354
"149",311,403,352,293,289,452,306,284,305,297,328,296,302,294,401,203,267,356
"150",426,329,368,375,369,459,400,294,487,428,543,307,333,387,385,250,386,471
"151",293,348,345,310,319,244,326,305,424,335,449,346,409,308,355,222,281,356
"152",380,339,350,375,400,423,389,306,472,427,558,329,346,381,361,261,353,494
"153",383,366,357,356,347,486,323,309,454,392,489,345,427,354,391,344,359,436
"154",298,444,379,321,2008,493,330,281,351,1723,462,336,405,341,407,281,330,399
"155",275,387,356,318,312,489,316,290,355,306,342,331,404,512,388,222,264,384
"156",294,401,381,338,335,302,335,305,711,361,491,336,410,329,352,519,304,387
"157",308,367,361,321,326,494,310,286,325,308,338,325,289,302,383,247,292,406
"158",349,318,342,366,391,428,396,303,494,411,541,305,348,363,364,282,341,467
"159",346,403,347,312,294,429,310,301,326,337,353,346,393,590,387,227,287,370
"160",310,426,366,334,320,482,315,277,368,308,345,350,411,330,355,1159,305,366
"161",369,347,386,395,397,417,396,307,506,444,525,323,342,378,407,285,368,485
"162",341,405,343,365,352,477,372,283,477,396,538,326,423,349,375,253,347,443
"163",292,359,357,295,298,469,277,283,305,284,325,286,279,300,365,218,279,371
"164",296,373,339,310,302,449,303,254,1290,278,305,293,280,290,344,239,273,375
"165",343,396,346,336,334,477,350,283,465,351,492,302,287,341,394,234,329,386
"166",377,316,360,344,363,448,366,309,481,400,514,290,230,355,378,242,332,429
"167",347,461,376,380,370,493,387,320,478,419,521,326,437,371,354,264,434,419
"168",313,396,355,310,304,278,327,283,431,331,477,353,427,313,344,243,254,362
"169",330,401,332,348,388,497,354,293,449,354,509,346,444,349,352,235,437,413
"170",379,356,373,377,389,458,390,300,534,401,560,312,333,368,340,295,379,450
"171",312,419,366,327,335,487,332,306,351,316,391,330,412,338,369,282,323,425
"172",756,375,377,334,323,256,331,343,446,345,493,367,398,344,371,237,327,387
"173",297,373,378,330,339,255,322,308,466,345,493,320,415,310,362,231,277,364
"174",754,319,354,311,323,261,311,278,436,363,474,332,405,310,382,216,306,370
"175",296,419,378,333,444,294,307,326,432,333,475,327,411,328,339,219,276,350
"176",345,405,351,356,414,496,370,297,485,398,514,359,449,360,384,263,358,388
"177",358,377,318,335,355,438,343,306,474,375,481,363,416,347,361,229,344,431
"178",307,387,343,314,308,457,314,283,296,289,353,325,255,307,397,248,293,364
"179",293,399,372,309,325,426,318,286,340,298,335,345,390,318,372,262,283,353
"180",336,400,391,309,312,495,331,294,330,280,335,356,395,303,357,256,280,362
"181",310,374,346,284,296,453,298,290,337,285,327,320,284,285,411,226,272,372
"182",367,348,359,389,385,432,392,332,510,434,560,296,348,376,305,235,377,511
"183",329,355,346,352,351,502,369,306,458,370,4197,311,427,340,358,241,477,421
"184",283,355,352,318,317,264,600,294,420,355,485,353,418,337,373,212,274,367
"185",332,376,351,327,330,468,329,279,457,324,496,316,323,335,358,238,327,412
"186",318,382,348,305,335,451,306,289,348,297,357,345,388,314,378,300,294,400
"187",346,395,342,328,366,474,365,272,489,365,522,343,417,342,403,261,343,413
"188",335,386,368,347,363,452,354,293,479,390,493,355,430,343,369,234,372,393
"189",563,413,385,315,327,475,317,314,359,309,333,371,401,320,344,235,307,354
"190",1779,427,354,335,377,455,349,284,481,406,546,343,438,349,403,1041,345,432
"191",322,409,357,360,355,494,376,310,438,379,524,324,445,382,374,286,346,458
"192",380,409,333,361,344,485,371,287,432,367,523,287,328,352,393,251,342,452
"193",379,336,342,329,348,480,351,277,440,363,490,295,309,329,351,223,337,427
"194",319,419,370,305,316,483,298,306,335,298,341,319,281,300,361,235,284,360
"195",386,325,360,383,355,436,357,300,490,426,544,315,364,371,345,303,360,481
"196",372,328,361,387,384,456,376,293,506,418,536,286,342,359,332,300,335,479
"197",278,375,327,309,303,468,302,282,331,313,336,351,388,333,375,227,322,6585
"198",357,390,396,285,335,290,346,309,419,356,455,340,423,312,368,245,282,366
"199",352,337,384,363,369,437,354,280,501,390,510,303,221,362,375,230,321,421
"200",299,392,371,304,287,492,298,280,353,293,315,303,286,300,399,4550,262,408
"201",316,382,350,316,315,306,327,296,432,352,474,348,421,323,369,251,288,375
"202",382,295,344,386,370,445,351,288,487,423,518,274,213,357,381,265,338,457
"203",300,400,365,317,300,459,326,304,333,357,338,321,404,302,372,225,283,365
"204",323,385,321,338,353,424,348,297,478,349,499,334,433,348,372,188,335,367
"205",327,374,344,287,304,432,297,296,320,277,310,335,389,285,368,250,274,325
"206",316,350,345,310,285,238,296,280,415,348,436,344,401,320,371,270,267,319
"207",1279,427,340,326,337,436,322,287,382,314,353,347,418,316,385,220,278,356
"208",305,356,354,295,300,273,318,285,421,327,456,344,406,345,372,208,293,348
"209",317,391,369,314,323,510,326,285,353,325,344,355,393,327,383,228,318,395
"210",346,370,335,353,447,476,345,288,460,420,498,321,427,348,400,246,353,433
"211",384,332,362,389,379,452,364,283,494,434,514,295,354,379,389,258,359,469
"212",405,312,352,368,387,458,374,307,477,377,526,282,258,367,326,312,339,490
"213",346,436,372,351,336,476,344,303,482,481,491,302,313,358,396,231,365,414
"214",310,329,362,283,308,465,290,273,313,282,304,311,289,3329,392,192,271,334
"215",311,356,397,298,294,265,295,294,417,2945,445,316,290,294,395,208,275,358
"216",319,368,367,313,303,295,313,287,411,313,468,318,291,303,393,203,276,381
"217",366,443,329,364,347,525,380,294,465,358,526,315,415,336,368,240,380,449
"218",407,339,349,395,382,446,372,285,480,410,546,301,334,376,336,269,345,486
"219",356,423,344,356,348,462,364,290,484,373,566,332,434,375,365,239,340,421
"220",339,403,359,298,307,486,305,268,347,305,355,308,307,303,362,306,274,395
"221",306,349,346,307,295,286,311,297,416,375,456,335,415,332,355,179,280,337
"222",370,303,358,366,356,441,363,284,490,376,524,267,217,381,349,217,344,500
"223",369,417,343,364,392,470,368,306,457,371,510,347,436,379,389,251,365,417
"224",392,343,383,391,387,407,390,307,498,423,550,314,346,387,362,280,345,450
"225",370,397,353,335,310,479,322,304,457,380,496,317,301,349,393,244,330,400
"226",371,346,368,382,359,413,359,307,491,396,519,331,343,390,373,255,349,431
"227",306,359,348,305,269,287,308,283,412,1239,454,305,288,279,364,345,250,334
"228",308,338,339,290,303,286,293,289,430,347,447,308,304,297,373,207,267,389
"229",310,394,375,321,326,443,343,276,337,312,377,360,422,307,361,249,265,599
"230",753,343,341,297,304,483,291,304,344,289,351,276,301,301,372,211,265,393
"231",307,332,383,280,289,269,289,291,396,293,426,317,290,292,344,179,249,318
"232",307,391,383,306,310,487,316,266,326,292,343,324,326,325,390,558,253,390
"233",390,330,357,382,393,410,414,289,542,435,544,299,323,372,373,253,366,463
"234",370,282,330,344,364,452,344,251,485,375,512,271,239,350,339,238,343,434
"235",337,415,338,334,337,459,347,281,456,398,495,307,318,333,371,240,337,449
"236",308,398,350,290,302,455,307,286,311,291,318,309,279,295,365,228,263,365
"237",381,344,371,377,399,455,390,313,522,378,554,305,337,381,368,253,363,414
"238",382,411,337,332,348,503,366,299,462,359,531,302,302,343,411,268,317,406
"239",350,384,333,323,336,481,355,296,441,356,808,309,430,354,407,268,341,377
"240",318,391,366,320,323,454,307,325,341,305,371,308,293,303,373,230,273,389
"241",328,373,385,316,333,292,339,311,445,353,462,348,418,313,350,224,323,380
"242",356,376,330,381,350,459,366,291,456,393,507,350,436,357,374,279,338,418
"243",398,350,383,401,370,462,366,300,521,386,535,313,328,389,331,291,361,446
"244",306,323,379,293,307,280,323,299,430,332,433,300,299,301,359,178,270,359
"245",397,418,355,370,351,501,360,317,477,374,535,336,410,386,406,225,345,423
"246",294,365,359,301,926,470,311,241,327,278,323,315,284,293,393,224,286,386
"247",327,368,374,291,294,283,289,287,417,378,454,323,282,284,343,224,260,340
"248",361,321,368,377,389,439,362,291,529,404,545,279,334,373,329,259,344,441
"249",390,332,383,387,383,470,384,308,460,429,557,306,349,375,342,297,361,485
"250",368,284,338,335,374,428,361,300,502,367,497,270,241,355,395,268,341,441
"251",369,341,342,397,382,444,382,302,523,405,536,282,339,372,350,266,358,510
"252",300,409,385,305,310,470,303,292,365,311,332,356,415,350,448,249,308,383
"253",335,370,357,322,309,297,328,308,439,340,471,346,402,295,354,991,287,432
"254",1248,396,329,353,367,491,1927,335,485,386,550,332,440,355,377,285,353,404
"255",395,341,381,382,377,471,396,284,506,427,551,292,345,389,328,294,355,472
"256",364,317,339,354,354,444,356,266,484,378,513,261,244,351,343,238,329,443
"257",356,400,395,336,335,257,331,307,455,376,491,369,401,1655,367,227,293,401
"258",343,373,363,333,346,490,360,277,460,373,499,328,406,333,380,234,335,395
"259",295,354,354,341,292,500,304,291,328,307,325,354,380,306,383,255,311,392
"260",353,367,315,351,312,444,364,277,470,407,504,324,428,373,370,228,354,404
"261",404,310,368,365,375,464,354,288,495,377,531,283,220,364,360,289,353,466
"262",334,392,389,319,320,477,313,296,339,304,363,288,303,315,357,260,276,427
"263",315,397,361,341,339,457,321,283,333,340,366,369,392,320,389,282,2803,411
"264",341,390,334,314,333,470,333,280,469,334,496,309,317,333,398,245,310,382
"265",319,338,348,309,297,260,281,296,405,285,458,291,290,292,341,211,243,367
"266",381,306,346,365,345,429,354,262,462,373,502,283,242,347,339,260,351,425
"267",334,365,368,343,353,497,324,265,475,361,502,299,318,330,406,250,350,2995
"268",292,382,346,428,314,445,1028,271,360,298,517,350,383,421,383,231,280,365
"269",330,403,360,323,322,485,328,280,660,312,347,356,405,333,398,250,290,402
"270",372,372,365,362,364,450,390,290,529,430,552,321,339,384,344,326,354,458
"271",285,396,371,292,300,454,304,306,347,302,320,365,401,316,359,249,282,352
"272",317,405,345,309,298,466,310,280,330,310,323,315,296,306,368,249,297,384
"273",324,379,328,328,327,499,314,331,431,358,496,291,300,320,343,237,317,428
"274",372,370,353,358,358,482,338,291,438,399,513,328,315,1185,388,228,1407,400
"275",364,382,362,341,340,500,346,300,465,382,503,314,340,343,376,218,342,651
"276",400,374,358,365,377,453,365,279,483,411,534,293,253,370,357,269,326,465
"277",293,326,369,331,295,255,306,305,421,348,524,345,417,302,364,211,280,359
"278",335,366,324,320,328,482,337,288,478,334,508,278,319,337,381,233,331,452
"279",365,320,349,357,375,433,382,278,457,397,559,289,344,361,343,283,321,471
"280",358,413,324,347,344,467,333,281,453,373,516,322,428,421,379,225,335,388
"281",323,376,368,332,322,280,322,310,454,619,513,352,419,322,349,230,297,346
"282",325,377,352,273,276,274,275,288,420,320,430,303,310,287,374,167,270,325
"283",318,368,362,319,292,462,297,292,341,294,338,305,292,307,363,217,288,393
"284",358,352,346,395,370,443,401,308,516,408,530,317,335,400,372,259,381,481
"285",4866,349,362,299,285,478,310,271,330,279,4975,291,284,366,393,233,276,399
"286",316,379,364,308,306,260,309,260,443,318,497,307,292,315,342,203,280,393
"287",373,384,348,477,346,504,350,314,450,372,504,344,420,349,410,229,337,411
"288",331,410,368,366,344,513,340,296,361,342,364,358,407,335,406,249,318,393
"289",344,436,318,337,397,433,333,284,469,436,519,340,440,345,353,219,330,384
"290",302,401,387,348,321,488,360,285,355,328,361,356,431,326,372,263,300,394
"291",316,414,350,324,336,464,310,285,328,299,330,353,402,318,373,240,317,392
"292",315,389,360,353,362,486,335,302,470,374,494,320,423,355,377,229,331,430
"293",367,431,344,339,345,487,340,307,463,384,485,307,339,373,361,218,328,428
"294",369,325,368,361,341,442,380,263,516,407,518,297,331,370,335,272,346,394
"295",381,321,335,353,356,428,371,300,469,385,531,279,227,366,352,284,321,467
"296",327,379,388,321,339,293,326,297,491,401,473,371,400,331,340,258,287,372
"297",306,395,375,403,500,467,303,280,763,295,331,306,295,307,387,240,288,368
"298",321,364,362,312,287,271,302,281,417,337,449,314,294,305,356,220,273,335
"299",335,422,376,330,481,261,345,328,454,384,475,365,407,309,375,243,280,368
"300",306,353,349,292,309,438,297,291,329,303,413,345,402,310,357,204,286,368
"301",322,395,357,331,311,437,317,298,368,331,351,341,402,310,384,231,313,373
"302",315,407,405,324,1978,300,348,312,436,352,501,312,409,337,349,242,308,394
"303",325,363,354,302,321,284,314,270,450,350,458,364,418,328,382,234,281,358
"304",499,405,349,335,314,492,335,317,345,336,338,330,395,306,375,254,299,374
"305",368,305,348,369,373,414,347,281,492,395,555,302,336,384,360,273,353,440
"306",373,277,349,357,353,453,350,268,463,369,505,274,232,357,368,227,347,470
"307",304,352,358,320,1555,265,322,290,429,910,449,350,408,337,344,198,272,315
"308",369,340,356,387,369,450,389,309,515,428,534,325,344,377,326,244,347,452
"309",374,406,378,368,356,479,366,293,497,407,535,344,425,373,367,251,351,455
"310",383,330,366,362,364,429,366,292,488,419,538,284,323,403,366,264,319,421
"311",290,414,397,334,312,252,299,312,430,374,472,352,408,315,348,211,1316,354
"312",383,402,357,372,367,459,365,290,503,380,510,317,431,353,403,262,336,443
"313",289,370,366,323,283,251,318,298,417,316,467,326,423,306,351,217,256,338
"314",332,388,379,301,329,292,308,312,443,343,483,331,417,1993,344,195,262,368
"315",349,334,373,372,383,442,384,266,492,407,521,309,345,380,346,264,339,471
"316",319,409,360,329,320,480,321,310,345,311,358,369,387,299,368,235,283,372
"317",305,356,373,324,327,499,313,289,364,298,334,333,378,325,373,274,302,409
"318",382,406,350,351,376,474,352,294,474,4167,546,349,418,377,364,248,356,415
"319",321,348,369,290,287,277,300,278,530,324,436,319,297,312,371,185,266,381
"320",361,391,321,369,338,493,329,303,445,388,509,318,420,343,374,237,329,397
"321",350,386,353,324,780,460,337,257,445,351,495,290,309,316,386,226,317,381
"322",311,372,342,296,300,312,1436,296,468,354,513,346,410,322,383,213,295,348
"323",373,325,373,369,399,431,393,288,511,445,566,307,359,395,361,248,335,476
"324",338,372,349,3754,322,484,335,274,349,307,339,355,411,319,360,248,297,387
"325",369,350,352,376,380,443,354,309,496,408,522,311,241,348,370,275,346,449
"326",309,340,359,300,304,282,306,280,383,336,443,320,296,312,384,199,2991,345
"327",326,407,347,345,336,515,312,300,347,334,379,369,392,331,391,242,293,396
"328",358,395,345,361,357,454,354,274,452,396,535,328,421,340,381,242,363,421
"329",363,307,341,358,353,439,350,265,497,387,514,262,230,381,341,231,335,437
"330",358,306,345,380,350,404,364,288,500,423,538,295,349,378,340,237,345,428
"331",302,344,350,277,299,265,287,279,417,310,443,316,296,289,345,183,257,325
"332",306,399,345,318,307,265,323,284,443,324,464,366,404,327,383,218,272,329
"333",324,349,328,335,358,452,332,282,441,360,490,355,414,337,378,237,398,404
"334",348,311,332,364,381,454,363,279,490,401,537,281,357,359,331,287,332,462
"335",284,383,361,330,317,465,310,264,394,2255,356,339,409,305,412,268,310,367
"336",360,444,374,314,340,502,351,294,363,314,340,354,396,340,351,275,312,423
"337",359,395,350,330,342,483,344,305,438,372,465,313,299,356,374,191,328,399
"338",330,353,349,292,311,257,296,273,1301,320,465,339,399,298,364,217,278,314
"339",348,400,343,343,332,478,340,289,458,377,493,314,338,340,359,242,321,415
"340",376,340,358,378,387,395,378,280,511,382,508,323,349,347,356,252,347,401
"341",315,387,364,357,319,462,286,279,317,308,316,327,401,319,367,194,291,375
"342",306,384,380,286,292,458,309,274,335,294,315,320,274,309,369,201,268,366
"343",408,361,360,403,420,475,409,286,515,416,556,317,348,397,342,310,374,483
"344",302,422,379,323,318,462,331,306,383,335,358,374,406,323,358,278,303,375
"345",374,329,340,367,387,455,376,275,498,408,522,308,327,360,359,250,344,434
"346",346,400,339,473,366,487,471,296,450,406,512,320,438,349,381,259,347,407
"347",332,387,351,288,323,454,328,290,336,309,361,359,405,323,373,212,310,366
"348",323,398,370,340,333,472,702,275,375,330,380,347,414,303,356,277,314,408
"349",296,344,351,1140,290,287,305,266,432,315,439,279,293,306,369,221,252,365
"350",311,396,342,303,324,507,294,285,337,292,314,304,292,304,347,219,297,385
"351",356,317,332,372,373,451,337,280,456,387,523,317,330,361,305,283,355,422
"352",375,313,349,372,361,427,346,294,469,376,521,288,246,353,355,256,333,436
"353",307,353,343,302,283,260,280,274,415,310,447,322,285,289,343,175,249,328
"354",329,369,393,330,318,309,296,285,437,365,469,348,401,315,349,216,322,334
"355",388,344,363,351,378,450,381,306,495,384,514,276,232,370,367,279,344,457
"356",298,369,362,333,318,441,320,277,2997,308,406,337,384,314,373,1322,298,364
"357",343,390,332,340,334,489,755,286,471,373,492,295,345,327,389,205,327,432
"358",357,320,350,344,369,427,362,284,462,378,503,263,224,361,362,239,328,439
"359",295,367,339,277,282,471,295,293,1524,276,308,319,269,296,366,191,253,355
"360",313,399,353,333,298,460,305,309,370,314,332,335,274,292,396,240,282,365
"361",368,289,363,363,363,420,364,284,478,411,559,310,340,370,330,262,366,484
"362",300,418,378,327,323,476,398,288,345,282,361,343,395,328,382,282,291,469
"363",302,398,346,296,295,490,303,269,339,293,339,296,274,302,361,228,273,394
"364",339,388,339,374,365,511,360,291,471,400,492,330,420,352,355,227,350,408
"365",303,345,367,319,315,300,344,273,430,341,461,319,398,311,343,258,276,356
"366",272,410,363,318,331,467,309,292,314,308,306,356,384,1176,370,238,298,337
"367",375,275,358,359,359,448,347,267,473,348,502,264,249,357,372,248,327,441
"368",306,372,366,304,323,266,310,339,451,365,481,342,431,315,376,219,295,355
"369",372,422,334,362,352,480,361,313,451,386,536,336,423,336,359,307,337,406
"370",312,392,363,504,341,247,321,295,465,354,482,363,419,324,382,227,299,398
"371",345,411,340,323,296,466,321,274,12869,298,326,309,299,298,398,236,277,369
"372",381,432,384,385,399,511,353,312,487,407,514,332,444,381,347,273,354,462
"373",320,360,383,326,326,272,324,296,461,341,580,357,392,337,355,243,277,380
"374",334,447,348,332,328,455,318,297,367,323,350,346,426,331,378,230,301,416
"375",326,376,377,302,307,457,315,295,331,304,337,321,311,314,387,259,290,406
"376",308,337,373,299,285,275,269,273,406,335,457,297,305,296,342,221,245,368
"377",377,351,346,371,377,450,376,311,479,391,553,302,341,375,324,285,364,439
"378",301,367,379,324,347,291,319,303,432,353,473,378,430,330,401,260,301,368
"379",335,315,352,297,266,264,292,269,400,310,451,302,285,286,354,177,325,370
"380",368,360,380,375,352,454,353,299,502,415,510,284,224,366,326,208,341,452
"381",354,364,359,377,368,459,379,276,494,420,538,288,339,394,300,251,331,446
"382",312,371,378,322,344,293,315,283,426,327,469,355,412,313,386,197,280,340
"383",333,380,329,367,821,459,336,277,479,365,506,315,420,363,365,226,350,413
"384",317,353,386,308,318,279,771,292,462,333,516,303,295,286,356,220,267,372
"385",364,350,391,393,376,431,378,298,508,389,527,311,339,387,335,256,356,433
"386",6628,408,350,298,292,474,302,259,328,285,325,310,282,285,356,205,261,417
"387",313,381,377,301,286,487,314,257,335,291,344,321,282,305,419,221,303,402
"388",378,373,351,345,331,466,344,293,444,385,497,329,319,355,355,242,332,399
"389",378,367,352,362,387,418,378,290,490,400,515,331,344,357,335,259,324,430
"390",365,304,357,376,359,422,366,277,493,401,532,313,345,387,340,218,344,471
"391",366,307,340,373,350,456,350,287,467,359,531,257,245,352,360,211,346,450
"392",325,385,388,328,319,295,330,285,434,356,512,371,442,344,402,211,314,334
"393",1117,419,333,368,353,459,339,304,464,405,510,332,439,359,365,238,338,402
"394",349,325,356,372,368,425,355,294,465,407,521,278,229,356,386,244,306,430
"395",299,360,337,317,318,465,325,286,343,328,343,321,418,308,364,244,292,400
"396",401,350,386,379,396,429,401,287,507,414,546,339,341,385,383,283,360,487
"397",321,397,348,342,317,480,370,286,431,360,506,330,438,334,375,212,333,423
"398",359,419,367,376,355,490,365,287,525,378,490,325,407,352,388,732,371,392
"399",319,416,363,319,295,470,303,287,337,312,332,330,306,300,418,221,277,369
"400",331,429,366,1284,326,276,356,343,459,340,474,362,405,336,385,211,278,361
"401",315,355,343,298,270,465,4447,297,341,561,302,301,270,279,355,199,292,351
"402",392,319,345,384,371,455,367,297,482,368,519,274,244,371,354,225,335,473
"403",412,328,366,367,386,443,356,304,520,375,540,301,364,377,354,265,376,421
"404",289,349,336,347,314,436,304,274,334,299,331,337,398,321,359,189,258,369
"405",362,438,340,381,393,518,358,290,502,368,514,356,430,367,389,236,361,438
"406",363,404,367,363,361,483,358,311,467,386,534,333,447,358,404,258,343,445
"407",387,358,333,385,389,409,358,300,572,399,536,309,371,350,376,264,341,436
"408",360,408,365,346,329,299,328,334,447,377,473,365,402,311,350,218,286,328
"409",392,318,369,386,398,447,385,310,485,410,534,332,335,413,348,274,363,443
"410",297,380,361,331,330,264,300,283,422,404,462,364,416,336,344,220,296,320
"411",370,351,358,378,379,449,402,323,515,423,533,310,356,380,362,267,343,471
"412",372,320,364,372,418,429,385,319,478,451,526,300,338,384,350,278,347,421
"413",360,314,326,380,356,419,386,293,495,415,510,300,343,363,361,249,352,454
"414",355,411,319,351,368,463,333,295,459,383,534,333,419,350,375,235,352,402
"415",361,407,331,334,350,467,360,286,463,399,514,364,435,396,372,228,601,406
"416",274,362,365,295,339,258,318,252,422,306,473,354,413,339,344,242,279,345
"417",320,375,363,327,311,316,323,279,503,366,473,345,396,345,366,247,285,383
"418",317,404,335,523,314,450,325,299,370,296,355,336,387,312,392,269,270,348
"419",341,386,346,383,376,502,344,316,480,376,510,319,467,348,354,240,325,486
"420",315,382,362,316,300,467,316,273,355,303,353,307,289,313,402,222,302,1384
"421",383,328,368,391,372,433,397,283,536,381,566,301,347,391,363,269,351,445
"422",291,379,353,307,332,453,305,285,358,297,363,361,404,317,381,224,284,358
"423",388,309,331,378,360,460,386,295,484,381,506,231,230,370,359,251,315,487
"424",330,377,344,309,310,469,311,278,329,288,324,289,291,293,376,201,255,396
"425",333,389,335,348,363,493,358,295,497,374,486,323,412,334,386,199,360,410
"426",350,357,359,386,363,409,371,277,494,408,561,301,342,402,336,259,379,448
"427",388,349,392,375,377,461,376,309,521,420,530,255,261,371,379,257,359,493
"428",335,379,347,333,316,458,337,287,472,432,500,308,293,337,397,232,318,417
"429",393,349,370,385,398,418,393,301,467,417,527,301,365,389,365,282,351,427
"430",291,368,374,296,326,255,320,316,423,359,484,357,403,331,382,208,278,341
"431",563,346,373,355,300,260,324,296,439,345,470,355,400,310,367,226,294,379
"432",373,383,338,661,341,465,377,318,474,381,530,333,403,341,375,226,1423,396
"433",283,379,342,332,587,443,307,274,354,301,341,347,415,324,371,280,291,362
"434",294,366,370,308,307,280,317,301,422,340,467,328,412,304,356,224,274,324
"435",313,357,402,334,299,298,312,288,433,347,493,332,312,315,369,210,287,366
"436",406,377,369,311,300,258,292,306,440,333,463,365,426,298,372,225,294,342
"437",371,345,353,351,396,442,390,283,474,417,537,285,323,369,368,254,369,419
"438",380,343,391,394,406,469,389,290,506,426,556,307,366,386,358,289,384,495
"439",321,436,374,329,311,472,301,303,345,322,372,369,392,331,365,275,268,356
"440",368,323,366,365,360,437,362,274,480,383,513,272,232,361,348,285,322,460
"441",368,323,387,381,359,456,349,295,480,399,511,271,222,363,370,248,332,446
"442",319,398,331,328,340,450,343,293,489,371,534,342,419,329,361,245,321,442
"443",358,433,354,331,328,476,331,303,377,303,362,350,401,332,376,273,272,375
"444",307,386,342,330,313,481,312,304,341,312,356,346,411,318,350,223,281,397
"445",323,366,325,309,320,464,333,262,449,373,475,279,300,311,356,218,318,2577
"446",311,423,362,293,296,449,292,280,317,285,773,323,285,296,373,215,274,355
"447",365,324,352,388,386,456,400,305,500,404,557,309,335,380,349,288,324,471
"448",299,375,370,3502,319,438,289,283,342,338,351,336,409,313,352,234,301,347
"449",409,399,357,386,412,445,407,316,497,421,544,307,339,373,354,277,361,457
"450",314,392,372,307,314,294,320,305,431,363,491,369,410,326,362,222,290,330
"451",305,329,372,301,288,264,281,292,409,307,466,297,304,279,364,241,265,357
"452",342,342,341,345,368,405,338,262,473,383,509,256,218,364,327,225,332,406
"453",357,351,367,383,381,454,381,304,532,405,521,310,360,375,349,280,362,430
"454",316,437,362,335,329,478,314,302,349,307,357,350,387,323,355,235,299,349
"455",342,376,347,363,351,504,361,283,446,385,524,343,431,751,399,238,340,431
"456",339,391,335,498,349,485,493,269,467,386,517,330,424,363,360,254,348,430
"457",282,404,388,356,323,500,316,299,1510,317,577,339,404,322,355,282,297,389
"458",312,392,386,323,333,293,346,311,448,357,465,354,428,337,346,298,267,373
"459",362,326,349,382,371,483,401,290,509,374,544,294,366,351,364,269,345,443
"460",378,368,370,380,389,472,396,312,512,414,559,327,339,387,330,322,356,457
"461",354,303,390,345,365,446,346,303,464,383,507,273,247,347,388,238,338,478
"462",364,324,326,376,355,467,354,280,454,394,545,297,337,370,362,270,338,440
"463",344,376,314,361,362,489,322,299,452,388,504,308,431,337,364,231,336,422
"464",377,342,353,355,362,427,377,299,496,395,499,290,222,376,343,271,330,487
"465",296,398,376,333,338,483,318,293,359,298,350,359,402,345,423,242,312,409
"466",273,471,375,347,320,469,326,283,365,293,339,368,413,315,355,259,635,344
"467",321,382,376,765,295,488,294,245,335,288,329,304,299,286,370,241,259,388
"468",293,413,388,320,313,258,329,260,422,329,463,387,399,308,373,219,270,343
"469",323,373,320,345,345,428,318,291,450,366,498,323,430,337,385,260,320,385
"470",344,427,406,311,346,481,334,275,336,345,369,336,395,334,371,295,310,419
"471",330,387,360,328,336,460,324,265,457,383,496,307,328,334,393,255,306,393
"472",395,378,366,395,375,477,383,306,515,398,551,305,347,390,379,319,343,466
"473",302,355,349,334,315,455,305,299,322,299,337,349,413,316,368,280,300,384
"474",379,286,346,342,351,438,356,281,454,373,516,274,232,339,345,270,318,470
"475",301,356,400,321,322,284,300,294,410,344,470,296,315,310,344,214,259,386
"476",319,424,389,348,360,300,357,284,452,354,491,349,396,328,368,226,305,355
"477",1415,382,372,321,339,309,319,295,439,346,481,326,292,312,366,227,278,410
"478",401,337,374,350,368,449,367,299,518,408,547,272,229,372,346,248,348,474
"479",345,329,313,379,382,411,356,291,467,397,512,310,338,382,352,266,336,398
"480",301,364,398,306,313,258,299,302,438,331,474,346,292,309,349,188,273,378
"481",305,434,379,318,317,494,332,289,374,326,479,339,401,301,397,260,314,382
"482",340,427,343,339,336,486,335,302,479,361,500,304,321,989,392,225,343,424
"483",312,385,397,340,321,295,339,305,441,353,514,357,408,333,361,259,285,381
"484",354,377,336,352,357,482,361,286,491,385,511,316,441,360,371,247,865,417
"485",364,412,375,366,373,485,367,293,492,1246,526,348,425,368,402,296,352,390
"486",394,352,372,381,356,461,376,298,515,424,550,317,341,383,339,285,342,484
"487",386,342,381,378,377,455,370,292,488,392,537,273,275,370,347,270,331,481
"488",356,382,327,344,319,448,340,282,456,513,514,339,429,330,403,231,342,380
"489",312,382,372,305,296,263,348,301,457,375,484,346,421,319,339,202,272,360
"490",375,329,341,381,411,428,367,273,483,403,508,291,336,375,347,265,331,444
"491",372,312,363,364,373,458,373,274,511,373,519,261,211,346,351,268,347,456
"492",325,375,342,302,307,468,288,267,309,296,348,307,290,305,361,214,292,393
"493",318,384,389,325,325,293,329,293,460,406,487,346,411,317,396,191,266,365
"494",345,356,345,326,340,493,345,265,475,370,494,315,320,339,364,225,332,437
"495",358,347,389,384,380,470,392,315,524,403,538,324,342,406,353,261,352,450
"496",300,386,340,295,290,459,304,286,327,284,306,316,284,293,378,233,272,534
"497",310,372,371,284,303,268,299,296,467,344,488,376,418,315,410,205,255,364
"498",315,411,374,332,1055,472,311,285,364,333,361,357,410,319,392,249,297,403
"499",314,355,378,318,313,318,309,286,442,339,457,335,412,303,365,222,313,354
"500",682,409,337,337,354,441,355,284,498,371,513,342,430,332,376,256,350,400
"501",345,289,354,374,366,421,374,294,497,406,530,300,357,374,345,228,334,454
"502",352,407,357,315,327,500,334,303,347,337,338,369,396,358,373,241,326,423
"503",332,412,370,342,317,479,331,289,371,337,384,339,410,337,359,248,330,403
"504",345,349,364,497,325,486,356,263,444,364,483,296,324,330,382,228,347,446
"505",359,400,337,348,366,495,353,290,515,380,3629,333,437,344,372,222,344,447
"506",361,327,356,382,393,461,401,294,501,385,550,284,339,393,378,252,357,478
"507",310,383,401,334,310,306,340,292,452,346,473,353,402,317,360,212,299,358
"508",348,383,344,342,324,486,333,272,437,1773,491,315,332,343,392,214,339,405
"509",364,327,333,385,376,405,359,292,484,394,524,294,330,363,320,286,360,403
"510",399,421,374,354,369,504,354,316,471,378,533,317,438,362,401,269,344,469
"511",288,347,351,318,324,290,306,301,440,349,5340,348,412,332,342,233,285,326
"512",307,370,375,327,313,476,319,297,376,321,414,330,390,297,357,255,317,367
"513",319,317,356,293,312,292,298,281,424,312,454,305,287,281,366,166,258,331
"514",1360,426,361,318,319,428,331,281,369,304,348,362,399,316,363,263,316,389
"515",360,422,340,395,374,498,355,324,481,412,522,338,440,367,403,253,360,457
"516",350,372,349,355,345,489,362,279,515,403,491,304,433,350,375,207,362,410
"517",384,340,377,373,362,418,369,290,473,398,542,288,233,368,376,257,313,434
"518",351,416,370,355,355,485,340,301,474,374,506,307,300,350,397,245,334,466
"519",366,341,366,379,394,462,384,300,478,403,553,291,332,392,332,323,354,448
"520",330,421,320,368,367,467,386,302,484,982,545,360,407,350,406,306,342,402
"521",322,365,339,298,313,300,302,306,445,382,481,338,418,338,349,226,292,355
"522",330,393,350,354,319,469,337,267,460,386,484,331,404,349,377,256,344,390
"523",312,353,375,4315,305,279,339,300,416,352,485,363,385,322,346,237,272,354
"524",377,342,370,384,405,455,393,312,521,421,546,309,343,384,322,309,334,438
"525",311,380,384,303,11963,291,298,281,424,361,453,305,303,309,388,240,279,388
"526",333,358,363,331,334,478,338,283,441,358,486,301,312,314,415,248,334,433
"527",371,399,352,344,2489,498,374,329,436,386,511,321,432,367,396,230,325,637
"528",293,384,383,290,278,289,299,296,424,320,435,308,293,293,396,185,276,325
"529",366,323,362,293,278,288,294,294,416,311,456,304,302,267,373,202,253,368
"530",350,403,355,368,394,503,395,321,483,356,521,325,436,3708,402,1039,362,439
"531",435,350,338,331,337,461,317,275,445,376,477,299,310,324,415,219,381,392
"532",302,358,355,2212,310,462,295,241,355,285,333,339,396,305,372,235,290,379
"533",373,409,320,349,336,482,350,312,447,375,6300,309,304,322,378,191,335,425
"534",303,384,366,317,332,487,328,293,397,308,339,337,406,331,394,269,314,400
"535",339,388,344,340,327,470,328,296,373,325,354,370,404,348,373,253,327,362
"536",376,356,349,324,314,449,331,287,419,332,486,292,311,336,393,234,313,404
"537",368,310,359,367,373,434,363,275,512,396,511,345,335,363,376,255,375,418
"538",340,433,362,338,343,486,344,304,453,360,520,330,321,459,384,230,326,448
"539",304,388,374,305,992,287,312,284,406,319,452,309,299,290,341,240,255,349
"540",333,416,358,318,326,515,334,277,408,331,1117,340,403,318,347,217,310,518
"541",338,429,326,1824,342,472,380,305,881,377,527,342,429,376,384,246,361,423
"542",344,427,358,344,900,474,329,295,443,358,491,319,304,432,400,263,332,426
"543",276,395,376,330,328,264,295,291,433,330,473,371,407,327,370,234,244,325
"544",337,381,349,316,329,463,345,281,352,325,382,349,386,312,383,245,1161,388
"545",317,376,375,351,349,257,319,310,460,344,502,355,402,315,348,241,303,385
"546",380,336,352,374,358,450,353,287,500,406,530,249,241,351,352,246,347,478
"547",309,438,383,324,328,503,314,305,380,323,369,361,408,328,387,276,297,376
"548",307,394,372,321,305,453,308,323,347,308,324,338,394,307,389,234,301,364
"549",370,398,343,346,454,495,347,319,481,406,660,326,412,371,358,256,328,406
"550",334,420,389,330,338,462,353,301,457,377,512,313,314,346,406,262,324,374
"551",327,400,352,330,294,437,329,312,325,288,343,336,392,323,360,261,318,335
"552",315,398,345,316,332,470,322,276,375,305,348,339,405,308,352,251,275,354
"553",341,441,371,347,321,293,343,315,460,339,490,338,393,316,364,291,306,359
"554",343,405,362,303,303,458,302,279,337,289,310,314,294,295,385,225,278,357
"555",365,357,343,372,328,466,354,305,463,379,531,323,416,327,382,221,341,388
"556",337,427,376,357,314,471,325,298,328,316,356,341,417,465,362,251,295,361
"557",389,317,354,367,396,442,376,300,498,385,532,282,230,376,359,260,327,502
"558",314,419,345,311,2040,455,318,268,350,310,369,365,402,332,388,245,298,396
"559",386,321,330,398,375,413,372,278,484,408,515,300,345,361,344,271,379,436
"560",292,413,362,309,325,482,297,266,347,293,340,304,305,297,366,187,290,342
"561",345,295,363,403,395,433,379,278,491,418,518,306,326,366,332,258,370,476
"562",306,305,358,315,295,305,296,272,414,307,438,298,295,286,345,208,248,350
"563",325,418,369,327,352,469,335,292,349,319,349,345,393,318,356,281,321,418
"564",327,373,358,297,297,267,300,308,437,333,458,332,302,312,333,251,260,332
"565",324,391,331,358,400,510,361,286,482,387,504,330,424,346,387,219,333,396
"566",360,368,335,347,356,447,339,269,478,353,495,316,448,347,357,526,334,426
"567",302,385,351,307,314,247,320,296,436,337,475,345,411,308,358,212,294,345
"568",377,422,344,367,375,495,363,308,473,408,497,344,421,365,383,237,356,428
"569",361,410,350,330,359,471,352,297,449,389,486,299,318,370,392,260,880,403
"570",337,426,372,348,321,502,343,291,343,331,377,356,411,338,372,258,323,418
"571",366,324,354,366,369,441,363,269,474,385,521,272,233,359,350,252,315,423
"572",411,326,370,402,380,421,389,296,480,411,529,292,361,392,359,238,356,458
"573",321,363,337,341,315,293,311,296,431,377,470,339,428,320,348,175,301,376
"574",356,437,360,348,380,490,362,319,492,373,500,343,435,355,360,281,347,397
"575",362,431,340,357,357,447,372,309,495,401,523,352,428,351,366,237,335,440
"576",320,375,384,313,325,260,315,310,425,339,470,350,393,321,351,267,263,351
"577",373,393,359,344,344,479,335,281,495,372,530,282,327,347,376,653,337,3002
"578",342,384,365,306,287,468,298,291,336,295,326,307,286,314,374,227,273,362
"579",884,374,404,309,306,273,296,286,442,344,460,311,300,300,370,224,274,391
"580",356,364,340,387,362,490,345,324,468,397,522,318,418,374,335,238,358,446
"581",395,334,353,368,356,426,367,296,493,393,507,261,218,358,354,219,305,431
"582",338,450,352,369,389,493,355,301,491,395,511,349,429,361,374,265,350,418
"583",295,321,370,336,288,265,311,265,430,344,457,365,397,311,381,206,276,350
"584",362,404,351,352,383,491,368,293,468,386,528,335,420,368,402,252,335,385
"585",352,313,356,387,381,448,372,294,490,409,553,306,361,377,374,262,335,415
"586",301,355,345,303,335,253,317,308,436,319,486,330,409,301,399,221,288,395
"587",321,403,357,323,307,447,318,252,337,300,355,344,406,291,385,240,278,354
"588",300,335,340,295,294,474,297,294,361,271,320,297,284,294,366,230,1115,363
"589",317,381,376,323,333,289,332,292,449,376,445,346,394,323,364,242,299,376
"590",291,399,357,320,298,456,338,299,346,309,326,329,404,318,366,244,297,381
"591",674,415,386,332,351,502,339,311,367,347,378,371,387,325,388,249,284,384
"592",386,432,348,343,309,494,328,295,325,323,363,365,406,329,391,243,299,372
"593",299,375,360,301,299,454,291,287,318,291,320,314,280,456,380,228,272,405
"594",367,389,355,338,341,472,325,275,693,377,496,307,326,342,387,195,319,7494
"595",324,424,343,370,379,482,361,295,451,398,522,327,421,3869,370,272,345,443
"596",311,367,356,304,308,270,314,297,433,324,471,345,425,316,366,218,285,316
"597",305,386,349,280,296,449,486,277,347,282,377,303,283,294,387,216,271,368
"598",388,381,356,332,332,451,330,271,458,379,504,294,310,335,395,202,319,427
"599",329,397,358,322,315,448,312,274,326,331,345,370,399,314,377,235,299,386
"600",296,371,340,316,298,464,316,263,324,295,325,317,287,301,372,217,286,389
"601",338,339,364,302,320,287,318,303,446,335,470,354,399,323,331,201,282,343
"602",375,322,364,374,383,452,404,290,489,424,519,312,326,369,338,273,327,451
"603",387,304,349,374,361,429,373,287,477,418,537,294,356,352,347,249,339,436
"604",359,373,363,388,370,401,387,309,492,392,524,337,320,389,367,263,340,468
"605",316,356,354,311,302,278,326,282,477,348,473,338,401,297,376,221,288,344
"606",407,317,363,368,366,443,359,288,477,430,498,296,242,337,343,227,340,437
"607",348,372,398,302,308,271,333,295,439,342,479,312,302,323,397,232,274,395
"608",395,338,374,387,377,436,371,322,514,403,555,297,349,384,323,266,352,487
"609",355,411,343,372,381,495,379,295,454,399,548,352,424,364,381,245,324,408
"610",389,426,360,360,361,496,353,300,467,416,536,339,438,366,380,237,336,401
"611",281,381,347,306,293,458,288,286,371,296,338,343,380,287,369,206,283,363
"612",315,372,331,337,330,478,337,265,479,367,512,293,338,341,386,227,336,435
"613",351,430,354,377,362,517,382,308,506,421,533,327,442,377,374,257,359,438
"614",356,370,332,313,313,489,331,269,441,381,483,280,294,349,388,234,335,410
"615",332,387,379,306,299,445,304,294,347,300,357,327,288,300,365,222,304,655
"616",383,301,349,352,355,439,348,253,496,400,530,263,236,372,368,271,343,465
"617",359,308,339,344,370,437,355,277,495,363,516,297,219,354,357,253,345,446
"618",377,315,401,369,360,467,366,306,464,377,521,281,220,363,365,244,339,463
"619",335,353,361,309,302,295,320,288,428,343,472,302,306,4083,365,336,273,381
"620",361,397,355,332,338,468,319,277,458,370,494,293,332,352,399,201,319,420
"621",326,411,350,344,347,514,340,292,466,393,495,337,419,380,345,257,345,742
"622",302,350,354,334,326,308,310,278,436,346,472,345,422,317,368,216,269,370
"623",339,331,357,371,387,453,364,311,539,399,527,294,330,375,324,272,330,429
"624",348,399,349,360,363,442,342,301,439,368,512,326,445,345,392,263,355,439
"625",358,396,353,356,351,461,332,285,973,376,491,322,420,353,379,205,354,416
"626",349,418,394,334,360,501,331,297,379,352,357,351,423,347,389,297,764,420
"627",354,325,350,369,357,427,391,275,484,399,512,290,336,386,350,239,367,468
"628",396,372,367,398,394,416,390,291,518,413,543,311,342,385,360,251,363,460
"629",306,377,326,313,308,458,329,259,352,287,334,330,409,320,395,223,276,339
"630",373,326,364,377,363,451,365,286,498,423,518,271,247,379,345,276,342,469
"631",311,399,364,339,308,286,338,292,430,330,456,358,393,326,375,229,288,359
"632",292,414,352,305,3021,445,290,276,2887,1564,317,342,380,317,395,232,296,351
"633",328,393,358,304,318,332,304,289,588,334,482,378,391,317,329,245,279,791
"634",367,351,363,391,395,418,382,302,525,396,544,332,341,368,341,266,359,490
"635",324,418,381,328,335,494,350,292,359,340,342,359,400,343,368,260,314,404
"636",333,403,370,321,324,480,1441,275,357,315,331,344,407,327,364,258,320,369
"637",300,369,398,320,346,279,335,310,462,361,455,374,404,325,379,201,303,387
"638",310,359,361,270,279,260,263,293,397,298,467,315,287,298,343,172,260,297
"639",352,305,372,326,358,432,329,275,443,359,496,282,238,336,340,222,309,417
"640",335,327,340,299,282,285,280,283,427,310,446,312,297,297,334,197,267,323
"641",313,400,405,322,297,468,317,271,327,306,327,327,297,300,408,1489,295,383
"642",407,354,365,388,376,450,349,293,457,403,539,275,217,367,328,274,349,464
"643",328,347,371,312,315,250,319,296,1250,360,450,340,412,2195,355,182,264,310
"644",369,374,371,328,330,274,312,322,427,356,466,369,413,318,383,216,293,373
"645",323,407,313,354,355,493,340,300,508,380,491,343,433,358,411,229,345,401
"646",337,366,356,305,327,451,313,255,329,325,326,350,399,295,386,226,274,386
"647",404,359,387,426,399,463,390,321,505,413,547,305,329,404,348,307,362,474
"648",325,344,389,273,300,280,275,283,431,1114,451,312,293,813,322,184,263,358
"649",302,320,330,265,294,238,288,274,383,306,454,303,283,297,361,185,254,323
"650",377,302,344,350,367,436,346,274,486,425,536,270,344,379,316,262,327,442
"651",327,417,374,331,327,505,332,310,343,328,354,371,404,306,365,268,296,375
"652",355,379,371,360,341,473,355,270,480,355,490,307,304,347,417,203,327,423
"653",301,371,348,319,319,261,315,282,4078,365,482,334,399,340,350,219,281,392
"654",269,404,372,314,420,456,305,277,317,309,334,336,402,324,371,225,289,355
"655",308,410,369,309,297,463,331,273,315,289,319,305,272,297,346,435,325,355
"656",315,376,348,316,329,480,333,256,442,371,474,288,310,340,383,194,335,373
"657",349,451,363,346,346,484,382,319,508,400,512,324,421,358,362,247,350,398
"658",388,316,346,376,373,414,372,295,488,407,514,294,340,403,348,241,343,440
"659",370,316,349,387,360,388,386,269,477,408,548,294,339,366,336,277,320,408
"660",336,416,351,368,362,488,362,297,470,362,514,329,436,340,379,264,357,461
"661",319,419,398,335,311,314,328,305,462,345,458,348,425,337,364,266,301,374
"662",405,388,345,374,378,483,338,301,454,369,513,311,441,372,357,243,471,420
"663",304,407,363,310,316,476,336,285,380,324,368,312,400,313,373,252,285,389
"664",351,305,362,358,367,432,351,298,460,419,512,316,355,360,353,280,330,449
"665",311,361,387,309,311,251,341,311,419,497,463,342,411,332,386,221,262,329
"666",367,367,318,345,344,488,346,277,472,365,542,335,424,349,394,230,324,419
"667",369,394,366,412,379,435,397,296,490,427,537,314,352,379,358,312,341,441
"668",350,414,376,327,317,298,302,287,435,363,481,352,392,332,363,476,296,331
"669",349,358,327,326,623,492,313,281,432,375,489,294,314,318,388,174,311,378
"670",307,384,383,337,311,259,323,296,434,368,458,351,402,320,355,238,1546,350
"671",281,370,352,291,294,440,315,277,375,325,306,340,396,322,387,281,297,375
"672",374,417,345,351,352,502,352,299,506,387,501,322,418,361,405,268,345,428
"673",358,338,360,378,407,440,389,280,516,419,515,280,342,402,340,281,362,492
"674",286,357,340,310,2000,291,312,291,463,313,462,350,428,326,371,209,272,322
"675",282,334,340,312,322,275,3546,304,412,351,460,356,405,317,361,194,305,416
"676",292,349,350,296,316,262,315,287,415,1590,462,335,431,282,343,214,278,390
"677",361,352,352,369,368,402,384,301,528,399,514,310,322,400,334,270,357,436
"678",321,401,356,301,315,466,311,292,338,286,369,326,294,317,419,197,300,358
"679",312,404,364,319,317,432,317,293,345,298,348,354,395,922,387,249,293,377
"680",375,329,340,376,349,423,366,276,458,369,534,277,236,356,347,263,320,444
"681",343,386,340,338,343,465,339,298,454,392,538,335,445,362,375,218,345,427
"682",394,350,350,380,367,460,400,287,488,414,548,309,327,357,357,272,360,445
"683",365,307,380,363,364,453,355,288,496,378,506,260,234,358,377,304,320,476
"684",396,323,343,362,364,479,365,308,506,417,528,305,327,386,328,246,349,467
"685",367,369,339,312,313,469,322,280,499,331,505,275,294,327,396,251,332,493
"686",330,383,411,346,343,296,330,297,468,364,490,367,427,357,378,1031,272,394
"687",333,358,318,309,300,481,277,273,324,268,321,307,291,296,382,213,269,376
"688",338,398,361,366,680,462,350,294,446,387,527,350,427,337,371,225,379,418
"689",381,339,323,349,343,414,355,267,504,411,530,304,336,362,336,234,336,410
"690",314,426,361,330,321,450,354,278,345,317,362,372,398,459,357,276,296,368
"691",272,351,396,283,319,288,341,293,543,326,432,296,291,306,373,205,290,358
"692",301,399,367,327,369,284,303,316,453,329,505,373,415,321,365,221,293,354
"693",311,381,378,373,298,485,304,271,343,313,332,300,281,310,404,237,279,396
"694",321,343,374,302,305,273,309,289,416,342,447,325,298,302,377,229,275,375
"695",379,302,347,365,352,453,369,307,483,407,511,293,345,372,354,251,357,457
"696",326,374,368,317,336,294,342,312,444,327,454,360,392,317,340,226,295,354
"697",326,387,387,332,302,288,323,305,452,343,508,345,413,315,371,223,280,331
"698",444,387,381,330,335,258,330,293,477,336,480,358,411,310,370,226,292,384
"699",296,376,348,323,322,432,297,298,342,317,353,359,405,313,356,214,277,364
"700",392,338,353,371,370,437,379,292,483,387,511,277,230,355,336,257,325,451
"701",301,361,343,281,302,474,295,271,314,285,322,282,284,273,370,195,271,343
"702",329,338,354,324,334,260,298,290,439,339,448,360,428,330,340,261,271,372
"703",299,400,382,341,322,293,337,293,438,346,469,353,414,326,352,227,273,350
"704",312,369,359,318,320,462,295,298,330,294,322,324,289,319,368,230,275,400
"705",287,363,389,302,300,293,305,285,410,322,466,322,295,312,378,224,273,360
"706",312,378,347,308,301,482,318,290,503,311,340,311,379,304,382,213,310,348
"707",310,389,327,328,309,453,314,282,352,294,293,331,378,283,365,250,289,373
"708",316,333,356,285,294,473,288,267,317,274,316,288,274,287,389,193,251,364
"709",365,454,346,1342,345,491,361,288,437,593,502,312,323,348,370,222,333,418
"710",356,392,362,321,351,460,343,300,543,362,503,318,310,340,370,230,340,400
"711",309,310,347,309,277,306,293,290,411,318,454,311,304,289,348,1634,249,344
"712",302,373,346,315,312,488,321,275,352,308,338,347,397,321,405,228,301,440
"713",411,323,343,349,371,466,361,282,479,391,543,260,249,357,378,266,307,485
"714",309,392,370,315,312,247,2208,288,444,352,478,384,411,332,369,262,294,302
"715",287,381,326,312,328,472,325,290,362,295,365,362,391,344,375,260,282,3419
"716",289,332,337,487,302,256,280,275,420,334,426,341,387,302,345,219,273,309
"717",372,342,359,394,378,463,405,281,500,428,547,324,351,385,351,295,327,461
"718",367,390,356,353,338,500,342,305,443,385,491,294,301,343,376,260,356,453
"719",363,431,372,341,336,477,360,299,444,367,493,306,338,339,390,235,345,422
"720",371,334,362,385,392,431,392,334,513,411,549,311,353,388,358,299,367,445
"721",339,350,341,394,275,473,282,260,290,281,333,317,277,306,379,220,674,367
"722",392,344,352,370,365,445,366,277,482,380,541,257,232,365,343,264,342,444
"723",344,339,341,352,348,432,381,283,501,406,519,269,325,356,371,271,332,426
"724",326,386,311,354,317,469,341,280,484,373,499,341,426,305,372,247,351,424
"725",343,353,387,310,317,298,326,278,434,328,475,304,318,317,382,207,276,661
"726",357,334,335,370,390,421,385,276,493,420,514,291,353,392,347,263,382,447
"727",328,387,380,331,327,474,301,310,374,312,335,318,290,325,383,224,300,408
"728",4593,360,376,313,298,274,307,292,409,320,442,323,285,295,370,225,255,359
"729",335,377,391,310,346,280,315,320,427,346,467,360,414,328,340,228,295,365
"730",380,329,369,370,368,424,384,287,518,394,539,290,352,381,336,243,368,444
"731",314,389,343,295,296,462,304,281,325,287,338,307,285,310,380,196,277,383
"732",536,351,363,296,304,284,311,315,403,322,473,297,298,323,361,198,263,364
"733",379,450,356,369,344,484,365,290,475,414,532,328,432,349,419,261,363,428
"734",341,451,343,358,351,456,360,277,499,413,768,349,414,340,365,217,334,425
"735",475,351,363,295,283,282,299,285,414,338,473,321,293,1552,356,162,273,354
"736",336,405,341,364,364,465,366,281,464,400,547,335,440,356,361,279,350,441
"737",303,361,354,307,292,483,289,278,354,282,319,312,295,299,367,236,262,371
"738",326,357,323,309,336,463,338,258,441,341,479,305,321,737,356,217,303,402
"739",327,389,388,333,319,257,317,299,448,331,487,340,400,304,316,220,303,395
"740",344,416,357,343,341,460,356,311,437,351,498,372,444,366,396,275,399,408
"741",331,432,364,337,327,482,324,299,384,303,408,347,389,304,404,273,300,351
"742",368,328,352,365,379,475,345,313,475,405,554,284,349,372,360,283,349,432
"743",319,364,365,305,315,276,311,292,414,331,697,361,405,310,338,241,298,375
"744",346,409,360,347,350,500,335,282,456,375,525,364,439,361,322,246,362,394
"745",330,349,349,294,306,305,298,269,397,326,439,303,298,292,374,207,266,359
"746",290,382,377,318,330,469,309,279,383,326,360,351,392,6000,361,244,300,391
"747",280,365,365,311,295,302,326,253,414,364,466,377,399,321,329,213,292,366
"748",345,373,377,306,317,480,319,278,369,421,341,339,394,314,387,255,325,407
"749",340,423,358,488,320,469,305,287,404,302,362,337,396,348,391,255,2782,378
"750",335,372,382,294,326,446,326,252,345,317,356,375,384,349,368,244,285,398
"751",390,339,398,401,370,433,387,294,509,394,559,277,244,386,362,257,336,471
"752",333,387,356,331,362,446,350,307,456,375,834,337,426,362,397,271,337,397
"753",325,401,366,314,638,498,305,270,303,316,360,323,401,305,381,269,315,361
"754",311,374,380,436,307,260,327,308,457,363,489,344,426,314,380,233,299,378
"755",388,347,364,375,376,380,386,277,446,388,525,320,354,394,362,253,322,424
"756",343,360,337,348,372,486,401,290,482,382,500,301,424,344,350,211,356,434
"757",347,330,339,371,383,445,380,289,507,414,553,290,349,376,350,261,349,464
"758",307,336,363,326,310,251,331,297,448,329,456,360,402,307,370,229,286,384
"759",325,438,347,350,358,456,1418,300,480,378,525,346,435,376,366,239,355,416
"760",372,330,369,387,363,396,387,296,494,441,570,289,338,362,344,274,349,465
"761",288,371,375,294,330,296,310,279,446,533,490,363,410,312,335,201,306,2412
"762",365,349,365,336,325,492,322,277,466,385,488,285,318,344,386,223,324,434
"763",394,314,368,376,389,457,379,312,474,413,566,306,354,378,395,304,379,476
"764",324,403,317,340,338,444,370,283,471,359,503,353,406,312,359,275,355,901
"765",305,407,353,317,1230,486,300,299,371,325,337,378,391,305,369,293,319,348
"766",363,414,351,349,354,488,7922,300,438,378,521,310,308,345,400,233,340,397
"767",381,387,355,405,372,470,406,288,551,411,540,310,355,390,372,314,376,477
"768",302,397,357,314,1292,445,322,290,353,288,320,348,384,310,376,260,326,341
"769",396,363,381,351,367,456,392,294,469,410,533,270,247,353,375,247,343,467
"770",372,375,345,375,378,422,372,318,490,423,558,293,359,396,363,305,335,450
"771",335,384,345,339,338,508,331,324,2171,376,498,303,330,343,379,777,316,405
"772",450,372,309,297,315,259,297,277,429,316,462,361,393,904,362,220,769,318
"773",2806,371,355,335,302,290,299,291,442,361,473,348,390,320,342,182,295,367
"774",346,310,348,367,373,428,357,282,459,387,529,287,327,375,303,235,338,395
"775",326,394,364,311,305,275,305,297,461,379,482,362,408,319,373,222,354,351
"776",324,387,384,306,321,278,328,298,453,342,498,344,424,332,341,4927,304,389
"777",360,414,374,335,330,490,335,294,460,369,501,316,323,348,373,225,336,403
"778",285,374,342,468,306,465,317,277,350,303,331,355,378,294,334,229,306,380
"779",318,359,377,300,353,279,314,312,458,335,1009,361,421,308,353,197,307,316
"780",363,313,327,355,379,426,365,272,502,380,516,288,354,373,342,219,358,398
"781",289,341,356,317,6184,278,313,271,403,368,454,351,417,311,348,230,267,1765
"782",317,411,375,326,333,302,311,306,442,366,476,345,401,345,357,202,279,375
"783",322,399,379,299,299,474,303,292,345,295,324,305,273,311,385,220,280,365
"784",332,366,324,311,319,475,315,287,426,363,496,286,307,327,361,209,312,381
"785",323,445,360,327,323,468,335,302,347,310,347,357,401,339,396,271,294,374
"786",306,400,371,454,761,285,322,301,416,350,470,340,416,316,361,234,269,3797
"787",390,333,367,373,359,462,382,289,511,399,536,287,230,382,355,256,349,498
"788",394,315,361,357,359,443,347,296,518,373,487,266,260,357,346,268,314,432
"789",334,319,331,363,348,424,358,284,476,372,496,251,240,357,363,225,308,428
"790",2237,375,341,297,5195,259,315,299,1026,366,471,351,421,319,363,200,320,341
"791",335,405,306,326,325,445,365,271,453,380,477,325,413,338,381,212,349,369
"792",404,316,366,382,379,463,350,279,476,414,546,287,221,359,375,303,361,483
"793",321,335,365,318,316,291,329,289,453,370,475,323,417,331,344,229,289,409
"794",322,347,347,329,312,240,289,275,432,312,881,367,413,297,372,186,275,623
"795",350,417,334,343,358,483,489,305,485,380,498,351,415,411,358,264,487,444
"796",312,364,352,316,320,297,303,299,441,329,458,301,299,309,371,205,256,398
"797",322,345,365,339,315,258,333,298,416,355,490,348,413,321,357,220,310,381
"798",319,343,367,276,318,287,292,278,415,329,451,312,295,309,346,184,273,359
"799",302,407,362,319,330,487,334,295,328,467,339,331,379,306,380,259,316,358
"800",336,412,380,324,315,486,312,306,335,303,367,330,437,337,384,250,290,381
"801",336,389,301,324,342,438,350,291,470,367,513,339,435,337,375,250,336,412
"802",467,394,341,325,319,482,325,308,364,319,378,346,399,326,379,256,307,366
"803",332,368,341,318,330,489,363,280,483,363,527,305,410,351,349,212,351,389
"804",345,397,335,347,353,517,348,295,462,380,505,307,323,348,400,238,324,467
"805",323,387,393,326,305,251,321,326,456,379,482,363,421,323,387,241,284,335
"806",279,379,345,321,296,466,318,290,348,304,349,367,392,300,419,246,284,363
"807",316,372,335,314,331,477,335,303,353,347,360,331,392,321,370,253,301,413
"808",310,390,380,327,328,438,335,276,370,299,516,364,397,327,389,217,311,1095
"809",417,327,359,399,404,431,367,292,484,423,536,309,335,390,356,286,357,481
"810",344,401,363,302,319,427,313,289,356,294,337,348,412,9690,365,232,270,388
"811",321,380,377,330,342,278,332,307,461,345,506,350,411,311,361,196,284,381
"812",299,342,363,303,312,296,299,263,441,318,467,343,404,330,362,218,287,366
"813",375,345,379,366,383,410,359,296,466,401,514,290,331,376,345,257,343,418
"814",287,331,347,289,298,463,284,267,340,280,334,292,273,288,390,227,269,392
"815",378,393,356,311,1206,434,490,287,346,310,338,379,406,327,404,248,308,344
"816",366,312,352,404,367,459,364,302,506,392,552,300,348,370,349,270,355,482
"817",392,365,330,338,336,483,3354,279,485,357,493,305,323,332,389,1068,330,439
"818",381,369,354,369,379,411,381,291,523,405,532,328,342,382,358,271,341,428
"819",359,392,335,351,347,473,359,276,465,3123,502,343,422,343,358,246,345,399
"820",319,341,353,292,299,256,313,278,427,4152,466,343,404,314,371,211,274,345
"821",362,336,345,371,375,425,358,303,518,426,526,290,338,405,319,273,316,435
"822",670,403,337,357,318,442,335,289,454,379,537,310,420,369,373,198,340,390
"823",317,369,349,302,289,463,297,284,330,278,320,316,295,293,382,394,271,389
"824",378,327,354,361,364,436,360,297,483,389,496,267,239,375,359,237,318,422
"825",312,390,373,325,310,252,316,295,435,357,471,378,402,334,379,239,287,349
"826",286,368,332,287,504,467,295,253,329,277,2190,293,280,285,358,204,308,359
"827",497,396,366,349,352,512,376,278,454,402,515,314,425,378,385,252,358,427
"828",334,364,348,304,312,227,317,289,440,349,472,378,406,326,380,238,290,326
"829",397,358,390,373,368,441,368,280,476,396,533,261,240,366,366,206,333,447
"830",295,384,354,301,323,456,332,286,373,363,359,326,388,300,373,238,3823,454
"831",334,362,316,316,341,469,313,287,659,336,471,298,323,319,385,187,300,390
"832",308,385,366,335,313,472,314,287,354,307,374,313,415,332,388,221,296,363
"833",321,434,351,302,292,449,298,276,348,284,379,310,276,302,390,1110,295,359
"834",292,402,364,315,326,445,315,289,315,307,361,345,419,320,371,422,275,342
"835",325,372,357,312,317,446,291,288,344,304,355,328,398,312,366,241,301,386
"836",302,438,371,316,318,477,307,313,365,304,333,369,411,328,345,237,283,372
"837",363,401,365,347,334,476,344,298,457,367,2686,310,334,342,369,229,350,399
"838",367,298,354,366,375,471,362,271,491,390,499,273,216,359,362,258,309,443
"839",364,331,332,378,390,419,388,289,489,402,529,318,323,368,350,253,314,432
"840",313,360,394,315,322,258,327,296,684,349,480,352,403,321,342,2288,282,336
"841",383,304,348,354,370,428,342,257,479,376,524,275,232,361,329,221,316,437
"842",332,406,350,326,335,491,327,292,466,374,470,289,321,327,408,241,340,413
"843",379,324,370,374,389,439,381,292,485,395,559,304,366,380,368,230,336,452
"844",381,355,380,400,388,469,379,278,488,441,554,326,350,380,359,298,371,453
"845",373,352,359,366,408,455,376,315,503,420,530,306,339,395,360,301,359,478
"846",373,336,382,385,388,465,396,298,461,401,522,333,355,389,351,281,355,451
"847",369,369,368,360,361,456,368,278,466,399,523,276,215,357,332,315,344,438
"848",351,386,321,332,340,491,338,271,424,357,478,289,319,326,391,233,321,416
"849",323,426,380,329,349,279,336,285,463,489,479,353,431,337,365,231,429,2291
"850",365,321,357,396,378,438,398,282,518,394,532,289,342,379,362,254,342,464
"851",371,361,378,384,360,418,416,312,503,420,530,295,348,382,341,277,336,418
"852",352,410,346,349,344,449,2040,310,488,372,498,352,420,357,397,206,380,405
"853",284,381,392,302,289,266,309,308,412,328,468,320,303,298,350,218,283,356
"854",308,343,352,309,289,285,297,280,421,385,464,312,281,298,361,222,273,336
"855",335,382,323,327,322,474,330,274,437,371,470,275,324,347,405,214,319,412
"856",369,314,345,366,381,441,378,298,498,401,523,271,237,370,355,267,319,472
"857",328,404,339,295,333,497,316,302,587,615,363,326,401,319,391,230,332,388
"858",315,339,360,320,296,243,336,304,429,660,452,349,402,322,347,215,286,366
"859",338,404,328,380,368,498,381,306,452,412,517,300,428,356,404,293,329,452
"860",327,436,342,356,336,479,356,308,470,368,503,324,419,333,393,244,371,621
"861",281,359,346,632,304,298,311,257,405,328,448,298,290,310,356,202,267,2129
"862",726,349,370,309,299,284,318,312,414,328,466,329,289,320,387,187,259,354
"863",358,396,364,344,352,490,345,303,495,395,499,323,404,343,351,244,360,415
"864",358,399,360,340,334,495,333,289,471,381,494,315,316,332,434,229,299,401
"865",307,344,348,288,294,491,283,266,301,278,323,306,272,299,400,254,274,388
"866",329,381,371,298,294,463,344,294,345,291,342,349,408,299,387,241,281,364
"867",339,411,379,316,323,252,339,308,439,360,505,350,415,334,395,229,282,358
"868",284,337,360,328,309,272,309,285,431,346,485,330,394,293,359,238,304,389
"869",309,375,365,304,300,288,299,272,446,330,444,327,421,323,363,215,284,377
"870",730,409,342,544,350,477,362,300,484,366,489,310,431,352,350,245,355,409
"871",313,399,351,281,317,460,297,301,356,300,315,304,270,286,367,233,280,348
"872",310,370,367,318,326,459,306,283,355,303,366,386,403,301,378,233,301,373
"873",314,351,388,302,334,295,310,305,426,410,474,372,393,315,341,238,301,694
"874",366,404,359,336,357,472,369,328,476,395,517,351,419,371,374,244,364,450
"875",360,393,389,320,306,482,291,290,342,345,374,328,412,304,359,282,281,376
"876",358,342,351,373,363,454,362,264,496,386,544,286,218,378,325,259,329,454
"877",305,364,342,301,302,449,280,277,353,296,314,333,393,304,375,223,339,383
"878",410,383,388,401,393,434,392,294,493,421,560,315,349,395,351,299,358,495
"879",351,402,331,339,342,447,358,294,449,387,488,321,418,343,382,255,349,371
"880",360,356,351,371,379,439,367,289,515,396,539,326,355,377,349,256,361,454
"881",324,392,363,314,344,291,311,312,658,349,471,359,413,332,383,1187,298,365
"882",338,402,331,326,343,475,343,266,449,365,518,307,307,349,412,222,334,436
"883",297,350,356,308,313,279,444,284,446,332,476,344,417,333,375,256,290,358
"884",326,397,384,318,312,268,333,310,459,616,489,352,392,317,365,223,268,386
"885",322,355,355,268,298,285,293,278,390,322,470,322,296,630,332,175,238,329
"886",282,391,353,311,303,451,317,266,348,884,351,344,410,339,370,237,270,336
"887",384,335,352,351,376,427,373,274,493,391,533,301,345,364,346,277,331,468
"888",365,348,337,372,372,422,369,286,512,421,522,304,360,394,358,248,347,433
"889",380,314,359,349,369,428,350,283,468,382,515,304,333,365,373,242,321,417
"890",373,342,367,384,389,482,385,299,523,407,512,289,336,369,348,271,373,456
"891",326,407,376,299,318,263,308,293,424,353,2748,371,395,317,328,249,299,358
"892",306,334,356,292,293,279,285,294,404,312,418,294,285,278,343,171,255,365
"893",325,404,372,2818,336,303,357,321,452,324,498,387,415,352,362,228,271,368
"894",2069,417,360,292,326,445,303,299,349,305,376,372,402,318,354,226,319,341
"895",336,436,398,312,329,466,415,290,353,294,3102,345,296,308,381,267,268,381
"896",331,338,381,295,306,292,289,288,432,330,427,325,295,282,332,287,265,340
"897",302,352,339,308,303,280,324,289,425,333,476,326,412,303,367,199,296,297
"898",401,328,405,384,369,469,368,297,486,387,531,252,248,372,388,261,332,481
"899",294,373,366,334,318,287,422,306,441,337,501,346,398,319,353,238,285,390
"900",290,340,352,294,310,481,322,281,339,282,299,296,275,300,377,255,274,380
"901",336,399,360,324,325,496,342,328,376,315,378,367,377,337,365,288,313,399
"902",370,320,361,371,374,424,401,293,497,408,509,327,340,348,367,224,356,470
"903",382,346,404,356,379,465,374,281,484,402,522,275,231,371,399,278,340,502
"904",322,357,374,318,327,260,300,284,425,374,447,380,411,1218,373,222,955,339
"905",364,344,358,380,383,423,380,294,488,423,538,311,336,373,370,267,347,446
"906",356,334,359,353,369,432,378,279,509,413,525,313,349,362,351,243,345,456
"907",361,347,371,366,373,471,374,311,489,417,521,317,328,386,343,267,362,455
"908",322,323,372,307,320,296,781,296,408,323,460,343,420,305,348,256,298,366
"909",302,388,335,305,306,487,5654,262,353,293,320,352,365,304,355,221,288,326
"910",316,403,395,327,393,291,305,304,433,321,468,335,294,300,371,195,292,359
"911",305,409,377,316,313,449,319,280,329,304,325,357,390,315,374,268,284,355
"912",310,407,357,1850,318,448,301,285,334,302,358,361,416,315,399,235,297,1068
"913",387,342,368,367,365,408,364,308,485,389,509,309,226,366,345,288,343,455
"914",368,327,361,360,350,440,367,297,475,392,518,279,229,372,365,266,331,467
"915",317,367,356,312,296,302,304,269,429,323,437,312,308,292,354,218,275,371
"916",356,406,353,359,372,461,354,300,483,374,515,358,452,363,401,271,354,421
"917",297,328,362,270,271,303,301,286,393,303,474,301,290,290,380,178,250,357
"918",301,380,351,285,303,440,311,291,347,304,331,335,386,302,373,230,294,372
"919",394,310,365,372,370,453,383,294,503,421,526,274,213,371,338,241,325,499
"920",337,359,344,303,288,487,303,259,337,306,353,315,399,303,344,235,312,338
"921",374,325,388,362,363,465,353,293,449,387,508,283,216,355,359,250,324,442
"922",373,326,340,372,372,407,381,287,493,411,521,300,341,381,339,278,372,477
"923",313,392,341,319,305,456,302,282,353,305,359,342,374,324,382,237,308,387
"924",305,359,344,285,296,463,291,262,336,280,336,310,291,298,369,223,284,371
"925",343,376,404,351,315,303,322,323,755,364,1637,370,431,310,353,217,295,391
"926",347,384,330,328,322,461,341,290,464,359,496,295,303,326,393,562,302,391
"927",326,416,390,335,336,288,320,291,457,350,477,358,414,329,368,239,267,367
"928",341,417,354,350,340,497,862,305,331,337,430,351,399,356,375,234,301,397
"929",354,366,386,372,356,438,381,320,474,386,525,286,256,367,348,248,348,446
"930",312,385,394,329,323,482,345,279,332,294,364,321,377,307,381,231,331,397
"931",293,359,350,307,301,295,307,303,441,338,478,332,415,312,392,241,284,325
"932",285,394,325,299,288,436,292,255,355,301,344,364,410,330,370,249,319,387
"933",293,382,363,309,313,291,330,297,445,339,496,344,408,312,358,221,310,366
"934",381,321,354,369,376,410,378,311,477,397,517,294,231,368,347,246,345,470
"935",489,403,383,335,314,253,319,314,467,360,484,386,403,330,362,210,298,366
"936",303,425,343,330,328,464,346,302,329,334,349,339,417,337,383,280,289,377
"937",343,370,341,349,333,495,317,310,458,377,4075,285,296,334,403,208,345,454
"938",319,389,377,305,297,479,4901,294,329,310,344,298,276,289,377,255,267,379
"939",294,370,349,283,284,484,319,276,318,288,314,293,284,305,366,218,244,367
"940",371,416,359,342,341,481,329,273,464,360,481,302,329,316,418,234,337,445
"941",344,357,341,377,386,419,356,282,492,424,538,312,349,377,311,237,345,455
"942",316,371,337,296,335,442,1501,301,332,300,329,350,403,313,390,218,283,359
"943",324,366,371,339,315,303,337,309,441,337,530,329,416,309,382,239,283,385
"944",340,396,385,365,387,294,328,306,425,366,471,374,426,324,375,264,305,353
"945",380,310,345,345,345,435,349,271,465,390,515,260,245,353,344,220,349,417
"946",359,372,329,355,334,484,327,289,492,353,503,285,308,334,371,245,329,392
"947",361,426,353,350,376,516,378,303,497,1983,521,352,422,373,405,317,353,461
"948",323,417,351,313,316,448,340,313,361,302,335,380,405,1445,383,225,309,352
"949",372,378,353,393,399,469,403,329,503,402,563,319,334,383,373,267,366,446
"950",2575,399,368,317,331,290,329,298,456,370,466,373,403,332,335,230,298,361
"951",289,416,368,343,327,449,331,275,368,312,357,354,411,317,393,284,293,406
"952",331,357,359,292,318,252,331,287,432,359,469,341,409,318,357,210,262,356
"953",381,336,361,367,387,428,369,304,480,415,569,330,354,369,340,269,377,448
"954",307,377,355,313,319,464,296,291,357,289,344,317,293,312,375,270,299,368
"955",399,331,367,390,363,485,363,303,496,404,516,291,247,370,370,258,326,494
"956",352,377,314,325,352,434,342,296,439,375,521,300,426,332,391,220,344,409
"957",402,324,346,382,397,471,382,291,494,386,544,275,228,384,340,220,329,478
"958",359,388,344,354,373,506,372,289,473,393,525,330,426,383,376,221,470,422
"959",371,375,356,390,377,404,392,327,507,409,538,332,360,401,350,297,306,463
"960",307,344,348,287,280,260,295,279,402,327,459,316,291,314,380,187,256,324
"961",339,357,365,299,310,293,329,276,429,339,478,323,295,309,364,242,278,405
"962",310,384,379,414,319,311,905,307,434,361,480,327,420,327,381,224,304,354
"963",309,423,370,311,326,451,312,282,2477,334,339,342,390,309,384,252,288,370
"964",310,362,347,309,310,260,301,311,452,357,517,361,403,335,357,247,283,358
"965",339,420,338,393,357,455,367,302,446,401,564,324,432,341,394,265,376,400
"966",309,389,359,341,314,300,2545,308,880,348,462,361,412,331,368,600,281,364
"967",368,331,339,370,390,405,371,296,477,387,531,311,339,373,359,243,361,439
"968",357,417,332,343,378,503,371,306,491,434,510,317,421,344,409,241,364,468
"969",313,399,383,316,311,501,307,283,381,294,334,361,403,328,388,207,358,3061
"970",364,405,368,359,372,490,369,298,457,404,487,361,431,670,374,245,365,422
"971",303,388,363,303,694,272,310,305,429,337,476,356,417,325,366,221,282,373
"972",376,413,365,313,312,439,329,292,329,310,338,359,380,315,372,256,293,381
"973",297,367,355,300,326,487,304,304,342,293,337,317,387,310,371,244,293,365
"974",356,405,338,375,375,459,348,307,494,388,509,343,431,338,400,204,333,424
"975",308,392,343,326,320,479,314,281,324,302,356,322,420,313,390,244,300,389
"976",297,378,392,315,296,285,318,304,417,325,463,320,303,306,363,213,285,399
"977",275,350,351,282,274,298,282,277,405,321,455,319,282,297,362,198,254,341
"978",345,372,322,356,348,465,336,286,474,358,484,332,416,337,381,196,331,411
"979",307,418,367,329,338,469,336,280,336,298,333,352,385,316,411,243,285,356
"980",392,314,354,384,377,427,391,270,498,398,515,303,348,400,344,245,381,465
"981",374,444,354,388,404,494,375,330,498,469,532,322,424,368,391,297,376,464
"982",354,357,348,344,328,491,326,261,447,357,500,274,287,332,398,219,309,403
"983",305,434,349,328,316,458,318,296,344,309,364,365,412,309,344,248,300,380
"984",361,385,333,369,356,469,329,281,486,400,482,335,427,4772,361,257,648,440
"985",298,357,382,305,332,282,326,294,428,347,433,339,413,318,329,233,283,335
"986",336,396,355,325,331,473,331,307,452,364,475,325,320,343,400,241,339,397
"987",307,403,357,567,303,280,369,318,431,328,482,386,402,299,366,237,953,386
"988",301,345,337,290,307,465,302,307,326,289,354,313,310,291,317,207,293,403
"989",313,346,385,298,282,290,317,266,433,306,466,323,290,290,373,168,252,334
"990",325,352,332,347,2523,486,332,266,455,371,473,304,307,337,365,215,313,438
"991",366,325,352,346,358,441,359,292,482,404,520,258,219,362,354,241,325,455
"992",317,344,349,329,336,493,431,278,446,357,493,276,294,329,395,258,318,414
"993",316,401,352,329,310,468,345,303,365,409,369,363,399,307,371,230,291,397
"994",378,304,335,363,392,426,396,283,537,421,559,285,331,357,329,288,363,464
"995",382,327,347,377,385,455,398,285,477,390,541,288,356,376,369,255,331,437
"996",541,364,364,293,310,276,307,296,429,317,438,315,313,315,386,241,266,351
"997",352,376,348,329,342,474,341,251,454,367,511,286,315,335,343,232,307,405
"998",259,385,389,309,319,464,296,276,346,312,327,342,399,293,380,243,286,345
"999",373,320,345,393,374,437,385,305,485,416,542,296,345,361,338,278,355,468
"1000",304,339,364,325,316,246,312,279,6220,346,497,343,402,333,356,331,281,360
