"","v Afghanistan","v Australia","v Bangladesh","v Bermuda","v Canada","v England","v Hong Kong","v India","v Ireland","v Kenya","v Netherlands","v New Zealand","v Pakistan","v Scotland","v South Africa","v U.A.E.","v West Indies","v Zimbabwe"
"1",221,263,258,261,247,283,262,201,221,248,251,234,184,362,228,254,333,301
"2",237,260,320,276,251,278,276,291,277,268,267,230,205,428,234,273,334,285
"3",218,280,308,278,261,306,260,262,259,282,276,252,202,365,264,279,344,329
"4",211,244,267,260,243,270,266,236,254,259,265,209,173,393,228,262,311,253
"5",196,282,285,262,248,297,263,249,232,279,274,210,165,362,253,273,349,316
"6",253,276,345,295,246,312,288,281,261,293,282,261,204,369,237,301,373,345
"7",200,308,310,278,253,299,276,312,250,260,276,212,188,442,239,280,346,290
"8",273,270,329,291,269,321,289,260,268,293,274,270,215,362,229,294,331,343
"9",231,256,269,263,251,272,259,190,253,254,250,218,182,353,259,258,328,324
"10",219,253,250,258,256,271,256,233,237,250,259,193,152,389,239,276,338,284
"11",220,257,256,274,232,268,266,197,223,268,251,217,176,361,240,249,331,322
"12",255,283,352,306,250,347,286,257,277,281,303,262,205,348,218,283,364,340
"13",209,293,285,280,255,292,265,234,234,269,272,230,199,370,243,271,338,312
"14",222,280,329,272,260,306,277,261,245,282,264,229,195,389,263,286,345,293
"15",227,273,324,260,254,291,264,271,267,273,260,236,191,365,250,282,347,323
"16",250,275,333,284,264,312,299,285,291,286,281,241,221,416,227,285,351,263
"17",239,256,286,270,252,263,265,212,231,269,265,224,164,332,254,273,332,323
"18",226,251,266,253,244,285,249,200,224,276,263,223,160,314,230,253,352,310
"19",212,287,300,277,272,298,270,243,244,276,265,215,207,363,253,273,339,312
"20",234,291,284,267,238,280,267,199,234,265,265,230,152,381,209,270,349,311
"21",248,270,307,289,248,290,262,283,245,275,285,219,203,361,221,277,373,324
"22",212,252,271,250,252,263,237,240,244,259,238,204,165,371,245,247,318,255
"23",200,252,325,259,245,283,272,271,258,261,271,212,202,435,260,264,326,270
"24",218,284,311,274,259,317,283,301,287,263,249,203,199,434,246,270,323,258
"25",211,257,307,267,251,309,269,268,261,256,281,221,200,396,242,268,327,259
"26",208,268,238,249,242,268,258,222,231,250,251,181,174,372,230,257,341,288
"27",262,275,345,277,253,324,287,247,257,296,283,274,207,343,228,308,345,341
"28",232,245,270,259,267,284,263,212,234,284,258,214,164,366,256,267,358,341
"29",235,279,321,291,262,315,282,291,268,276,293,226,208,394,217,281,335,341
"30",203,287,333,266,253,320,259,287,238,266,272,203,215,400,246,271,346,303
"31",244,277,324,285,246,319,282,281,272,286,270,240,243,434,227,277,343,285
"32",207,254,265,276,246,267,270,194,225,248,264,223,163,332,230,260,346,305
"33",221,240,274,250,252,277,255,224,251,250,251,211,195,379,229,260,310,239
"34",207,265,289,258,247,327,270,261,240,280,277,204,199,375,243,272,358,301
"35",251,274,329,281,281,325,304,246,249,289,293,268,223,374,244,300,362,350
"36",240,269,311,275,242,318,285,268,247,283,273,227,217,374,234,293,363,341
"37",245,279,299,291,301,313,280,270,244,286,280,234,206,393,228,288,371,351
"38",206,265,270,264,252,293,259,193,220,238,246,198,163,356,244,248,344,297
"39",236,263,343,292,267,313,297,280,266,284,267,265,218,415,229,296,353,267
"40",223,240,260,252,245,247,250,228,251,254,257,191,191,375,231,250,312,251
"41",227,287,307,266,236,307,267,270,245,269,268,202,201,376,230,283,366,324
"42",209,295,300,272,269,334,266,266,237,277,286,214,188,397,232,270,325,291
"43",219,256,328,262,240,297,291,277,285,274,267,209,207,432,262,253,327,240
"44",260,271,325,296,243,341,274,270,254,288,277,233,206,410,231,281,382,322
"45",225,274,300,283,245,313,282,255,246,277,273,237,214,382,248,275,353,322
"46",227,254,253,269,243,266,267,247,240,265,263,196,165,387,217,260,347,304
"47",247,308,309,291,270,350,286,291,259,301,277,241,206,399,221,279,368,337
"48",212,276,313,251,253,283,257,278,250,273,261,221,202,413,246,253,333,254
"49",252,284,331,277,254,334,283,296,241,276,274,250,189,378,217,273,370,334
"50",217,269,309,273,254,305,300,237,269,269,271,247,194,367,263,264,346,313
"51",254,245,321,286,250,292,284,289,281,289,288,276,228,413,261,314,331,277
"52",232,257,273,257,239,289,255,186,247,263,254,235,148,336,253,271,364,334
"53",246,276,343,278,258,307,283,281,280,273,295,247,210,334,226,290,380,352
"54",208,255,232,268,232,278,247,228,232,255,263,195,152,356,239,264,331,310
"55",240,273,307,273,251,291,298,293,242,274,266,226,189,375,231,280,365,327
"56",210,304,293,257,248,278,260,298,250,275,258,221,195,382,242,273,339,299
"57",214,248,253,241,241,249,255,214,241,243,246,200,147,361,237,258,336,312
"58",235,263,285,257,252,290,246,212,243,252,246,236,153,357,263,255,365,326
"59",218,259,285,265,249,291,258,200,235,259,255,207,161,322,247,245,328,307
"60",210,236,249,256,236,277,249,241,211,248,253,174,163,363,231,248,349,292
"61",222,270,293,270,234,342,262,244,254,262,271,212,198,386,248,270,347,317
"62",206,261,273,250,247,277,263,220,225,264,258,218,157,385,239,256,338,308
"63",196,265,305,267,253,275,264,269,243,261,262,203,199,389,249,261,340,231
"64",216,252,247,251,249,291,255,221,234,256,251,206,173,394,251,262,340,297
"65",226,258,283,253,221,252,263,212,219,242,259,227,145,308,240,246,350,330
"66",212,261,278,252,251,296,269,232,243,257,248,214,159,413,239,263,348,296
"67",203,255,302,275,242,295,264,297,243,272,270,223,211,405,237,266,332,243
"68",218,251,310,270,245,293,262,258,259,266,261,226,204,389,242,276,336,245
"69",223,278,305,306,267,301,266,240,259,272,262,230,209,373,250,290,347,330
"70",249,248,284,255,249,284,256,214,235,240,273,203,166,326,236,274,360,320
"71",217,265,316,272,244,313,275,283,258,260,270,225,221,404,245,262,341,242
"72",258,258,325,279,254,302,277,302,269,276,294,253,224,407,214,259,342,267
"73",250,277,307,269,242,301,293,269,260,287,284,245,201,401,242,273,350,281
"74",208,262,281,271,252,270,263,209,225,274,244,227,176,386,255,255,349,331
"75",230,276,277,259,250,263,269,243,235,254,255,184,163,379,232,258,336,311
"76",240,265,335,285,268,298,283,326,263,285,293,247,217,413,225,286,333,269
"77",208,271,279,264,268,300,255,280,237,269,272,198,178,374,231,286,319,294
"78",205,266,317,252,246,272,275,262,275,268,260,235,198,410,241,266,329,257
"79",248,255,334,282,243,297,278,285,291,292,270,241,206,441,229,273,359,274
"80",241,282,313,291,243,328,281,299,249,278,277,246,203,404,211,287,357,324
"81",245,253,344,289,247,299,289,268,264,284,280,262,228,409,244,288,348,266
"82",212,267,334,272,251,271,278,260,259,271,254,235,207,409,235,257,320,237
"83",210,228,258,250,241,255,244,225,250,244,248,208,170,399,249,250,335,249
"84",191,274,300,274,255,301,272,252,253,256,275,193,179,397,242,283,337,305
"85",208,245,249,243,249,252,259,231,257,253,261,201,141,356,215,255,342,310
"86",240,276,316,292,271,328,292,244,264,291,283,265,213,371,228,283,375,351
"87",219,247,269,250,235,234,255,246,242,244,247,211,171,383,228,252,337,236
"88",259,288,315,281,272,315,287,231,267,290,284,261,195,368,243,290,365,331
"89",211,261,319,261,262,256,273,277,269,256,268,208,198,400,250,274,307,235
"90",214,264,301,284,251,300,265,252,262,279,266,273,208,371,240,266,367,323
"91",241,274,319,285,260,314,293,288,242,300,277,231,207,409,231,281,362,328
"92",202,258,311,264,241,300,262,254,269,265,280,206,188,397,255,260,335,245
"93",199,262,306,268,250,330,261,257,229,258,273,198,211,365,238,277,328,305
"94",214,242,292,258,265,307,266,257,268,278,281,221,199,384,262,263,326,228
"95",243,227,279,271,240,281,259,224,247,263,264,220,195,430,231,254,336,241
"96",202,270,294,260,250,285,268,255,248,254,270,221,203,396,241,271,335,241
"97",210,250,253,252,230,266,254,222,236,259,243,161,152,368,225,252,341,295
"98",240,301,322,291,254,327,292,270,251,289,289,241,192,374,217,282,353,319
"99",217,284,303,267,239,302,269,253,253,276,272,226,174,381,252,278,366,317
"100",203,252,306,275,264,287,269,286,253,275,259,228,207,412,245,280,322,234
"101",247,267,332,288,259,312,296,248,246,293,290,276,231,341,257,293,355,345
"102",198,254,312,266,258,286,263,256,276,274,255,238,210,443,233,282,332,260
"103",222,254,255,262,246,282,255,226,235,266,256,183,170,382,231,253,316,313
"104",220,270,335,266,251,296,280,239,264,275,268,249,206,403,249,278,337,332
"105",250,267,327,281,265,306,274,300,288,288,274,232,220,396,200,268,352,277
"106",248,269,287,256,247,276,272,200,250,257,251,234,178,362,258,267,344,313
"107",223,277,302,283,245,323,268,260,249,290,277,199,191,363,236,286,364,320
"108",228,264,312,274,256,316,286,287,254,281,276,222,196,375,223,262,345,309
"109",211,288,310,271,252,325,273,263,231,273,268,222,186,367,255,257,352,315
"110",240,266,308,273,258,302,284,306,241,271,275,253,228,390,228,277,345,264
"111",231,261,275,247,238,286,253,189,242,247,257,243,175,314,229,257,337,308
"112",198,260,258,255,242,276,250,229,250,252,257,209,177,419,244,251,346,295
"113",255,286,312,296,263,325,274,286,265,286,284,262,217,369,224,270,376,332
"114",228,253,261,247,245,308,251,229,246,255,254,192,168,320,230,233,329,316
"115",215,243,306,282,246,284,259,277,266,266,282,250,193,409,241,265,319,247
"116",210,236,244,241,241,248,263,232,249,253,265,230,173,377,234,239,316,257
"117",210,280,290,264,243,284,268,249,248,275,279,210,206,422,240,267,315,250
"118",217,257,282,247,228,276,256,236,236,266,265,235,152,312,248,243,346,331
"119",208,258,326,263,259,293,282,280,245,261,269,207,200,389,258,271,314,241
"120",218,276,335,255,244,305,285,235,252,282,283,214,170,336,229,277,346,298
"121",205,256,323,251,269,291,267,256,253,267,276,220,205,398,235,258,309,258
"122",239,276,305,291,257,312,292,263,241,280,261,209,213,388,230,285,352,324
"123",218,241,287,256,247,272,258,191,222,249,250,219,161,330,245,254,344,324
"124",215,268,322,262,283,307,276,278,247,274,279,249,168,390,252,264,345,341
"125",214,259,303,274,270,301,267,237,246,278,269,233,195,341,246,276,358,323
"126",201,266,260,262,242,268,268,277,231,263,252,206,152,415,238,258,334,305
"127",217,285,316,281,250,319,292,287,246,300,290,245,200,379,238,282,363,328
"128",225,235,263,261,252,288,264,219,254,261,265,222,164,417,241,244,334,257
"129",250,281,352,296,285,319,290,269,292,298,289,276,221,386,248,291,370,363
"130",228,276,318,283,261,310,260,246,252,285,272,229,181,406,251,276,316,330
"131",262,259,334,290,265,312,277,297,286,274,290,225,242,404,232,294,339,266
"132",198,262,285,279,264,306,252,248,245,268,270,193,188,385,241,262,355,298
"133",233,271,291,264,267,260,256,215,235,265,265,217,170,379,241,250,335,334
"134",216,270,307,265,252,322,266,269,242,274,290,216,202,390,269,281,343,297
"135",231,235,270,259,248,271,274,236,249,258,261,235,174,414,242,248,327,249
"136",199,264,297,264,235,292,276,244,250,272,255,200,197,404,249,259,353,302
"137",194,300,295,271,263,311,275,265,237,284,261,199,190,429,255,269,332,312
"138",254,263,330,274,251,318,276,292,247,275,279,213,181,354,211,286,350,327
"139",259,261,319,281,259,311,296,295,291,277,279,228,238,422,228,282,336,269
"140",238,237,281,249,246,274,259,250,267,264,246,212,193,397,239,264,319,257
"141",204,252,308,258,268,286,267,293,253,265,272,216,209,408,247,266,293,248
"142",195,244,332,273,251,268,275,291,278,273,284,227,225,464,234,271,305,237
"143",240,269,334,293,239,300,294,307,287,293,283,249,227,442,237,284,344,278
"144",215,231,277,244,235,253,260,238,255,240,250,212,185,382,241,253,332,231
"145",219,260,237,243,238,256,246,246,235,250,258,187,162,366,223,253,345,303
"146",251,260,344,282,229,307,280,281,272,281,287,248,224,395,240,267,357,318
"147",215,254,309,268,246,284,258,258,255,275,264,208,199,399,228,267,334,255
"148",230,276,301,279,255,311,272,246,256,270,298,211,201,374,242,285,372,341
"149",211,249,247,242,242,256,259,238,227,271,244,227,185,380,252,258,329,301
"150",191,292,300,255,253,302,281,283,235,253,269,204,166,404,255,266,325,306
"151",215,292,317,271,244,318,271,237,246,271,279,226,201,370,243,271,369,320
"152",209,278,300,272,278,308,268,249,246,272,271,199,192,435,266,278,364,286
"153",204,245,281,259,241,281,247,228,247,251,259,214,160,399,234,255,301,242
"154",234,219,273,252,253,276,249,210,242,246,253,217,173,412,233,252,317,263
"155",256,275,320,297,239,313,277,276,272,294,280,258,209,355,223,304,367,341
"156",245,279,315,278,278,328,294,282,254,284,298,235,204,374,222,285,377,359
"157",244,284,318,279,248,320,278,330,264,281,296,253,206,387,254,290,352,334
"158",213,249,272,264,239,245,247,242,241,237,249,190,170,378,212,263,334,246
"159",232,267,335,305,237,322,284,269,262,290,272,221,189,400,234,285,351,328
"160",200,251,253,253,239,274,250,233,224,253,240,209,153,348,228,232,348,302
"161",236,278,326,283,265,301,290,298,251,297,272,256,224,428,232,277,351,340
"162",231,269,337,261,248,296,279,258,252,277,278,239,179,365,220,280,355,345
"163",188,253,254,242,248,268,242,230,225,262,238,198,153,387,237,244,341,283
"164",240,240,260,264,221,267,249,244,259,266,238,203,171,424,238,263,319,243
"165",252,246,315,295,241,283,264,278,266,266,283,249,214,398,230,290,363,261
"166",212,244,278,264,250,263,255,208,226,249,267,231,173,356,256,280,354,309
"167",247,264,310,287,262,310,285,273,272,305,298,219,237,391,226,285,360,324
"168",244,276,327,288,240,316,275,279,259,270,289,260,202,369,240,269,354,326
"169",257,268,333,295,249,312,274,294,278,286,281,257,220,445,242,283,347,271
"170",237,254,346,291,275,307,291,281,264,302,288,238,197,419,212,285,368,295
"171",246,269,318,275,247,287,281,289,265,285,275,259,202,404,215,274,349,270
"172",244,275,295,281,256,304,284,290,238,272,278,221,206,410,224,295,360,342
"173",256,303,329,295,273,317,298,264,254,284,299,252,195,381,225,301,396,346
"174",209,257,288,279,256,290,276,267,236,257,274,221,195,395,253,274,344,321
"175",248,236,252,262,257,262,251,249,242,260,260,222,175,401,241,276,329,265
"176",249,260,317,267,242,309,291,304,252,291,280,242,195,385,214,274,363,256
"177",211,277,291,276,274,333,273,249,237,271,273,198,186,373,274,261,345,326
"178",219,296,328,300,255,301,269,278,254,280,280,235,193,408,250,278,353,314
"179",239,294,328,289,242,319,284,273,269,309,284,267,223,380,231,271,375,340
"180",218,257,317,265,268,296,270,274,264,281,282,216,243,422,243,270,328,240
"181",243,292,332,297,260,327,290,249,270,279,283,247,211,393,242,285,362,338
"182",256,261,338,301,254,323,300,291,284,274,299,249,214,406,250,275,334,292
"183",204,272,303,273,241,285,268,262,250,275,274,239,195,382,252,270,340,303
"184",248,286,332,303,251,341,283,266,273,295,287,276,191,366,245,297,361,337
"185",224,272,262,250,247,259,262,222,247,241,250,220,167,359,226,256,336,331
"186",236,239,304,286,256,298,277,287,274,267,267,221,210,416,242,263,324,239
"187",217,275,313,273,261,287,272,257,263,265,260,230,206,411,230,275,330,237
"188",212,271,312,270,261,291,274,231,262,280,256,237,202,354,250,287,354,321
"189",237,283,290,274,244,306,286,262,255,280,295,244,193,371,255,275,358,326
"190",187,268,286,278,245,303,284,268,245,268,276,195,175,426,249,274,341,306
"191",227,260,316,281,257,301,289,285,274,278,282,245,202,394,237,277,327,267
"192",264,278,356,288,276,308,304,261,293,299,290,252,199,349,237,291,378,344
"193",219,259,261,264,240,257,252,201,231,259,252,216,147,374,239,266,336,303
"194",252,280,314,290,249,320,274,275,249,271,272,244,197,384,207,285,352,312
"195",236,262,305,290,250,298,299,293,269,293,271,235,200,395,201,287,355,265
"196",203,264,262,249,235,263,253,248,221,249,256,181,160,382,236,241,347,286
"197",209,272,316,274,267,296,275,278,267,274,266,232,238,455,237,266,325,254
"198",205,234,298,264,237,265,244,225,251,268,260,221,177,409,271,247,317,222
"199",260,272,313,297,253,334,285,275,255,289,295,281,194,336,233,286,366,353
"200",207,240,253,260,229,251,257,258,242,244,258,210,170,378,244,256,327,235
"201",202,276,297,267,264,310,276,262,246,274,281,204,196,390,242,273,340,297
"202",214,270,297,278,256,285,268,228,243,272,260,223,186,391,257,283,351,331
"203",253,286,348,292,265,319,290,273,241,292,284,242,215,384,233,290,361,344
"204",220,253,296,267,255,296,281,298,248,271,294,199,194,384,268,274,358,302
"205",199,266,294,269,245,296,271,263,237,264,267,199,183,393,246,254,341,298
"206",207,256,342,272,257,302,261,297,286,273,265,231,231,452,237,281,315,260
"207",276,281,314,283,269,315,287,265,284,277,305,233,220,430,235,296,357,271
"208",211,245,274,250,262,262,253,255,236,252,255,198,188,422,255,248,305,240
"209",210,247,239,258,247,265,252,235,232,256,269,202,162,385,241,243,348,291
"210",215,274,289,261,245,286,249,232,233,261,255,203,171,389,238,262,351,318
"211",217,281,275,269,249,284,250,240,230,247,253,223,162,407,244,250,328,300
"212",219,268,316,273,264,292,274,246,243,284,278,227,204,373,246,280,353,319
"213",236,282,309,286,235,311,267,264,254,279,276,229,204,388,237,290,358,329
"214",249,280,325,294,249,301,278,271,253,280,289,268,215,360,216,276,369,337
"215",227,268,306,279,253,312,277,253,250,277,275,248,203,387,237,289,347,320
"216",206,253,257,254,237,262,241,214,229,243,245,192,158,381,226,250,352,292
"217",244,298,338,295,263,315,307,253,246,296,276,269,222,377,235,276,355,338
"218",223,262,301,261,263,315,278,253,250,272,276,198,199,388,263,280,336,311
"219",207,283,322,270,282,295,273,242,237,283,275,221,203,406,250,299,348,313
"220",260,278,301,278,261,332,286,262,265,289,284,261,223,359,235,280,369,352
"221",225,221,262,251,250,271,238,220,270,250,236,210,172,378,238,253,321,244
"222",212,230,273,250,260,275,262,249,266,253,243,201,178,421,243,270,312,244
"223",236,236,253,262,252,262,267,232,253,257,259,210,180,423,247,258,326,246
"224",263,247,308,284,259,299,261,276,261,283,270,251,219,391,225,285,349,269
"225",225,272,312,278,270,284,262,249,244,292,282,246,204,385,265,275,345,319
"226",192,265,287,267,250,297,279,247,244,266,269,214,187,356,230,263,335,295
"227",234,271,327,284,253,280,287,290,290,287,278,261,212,433,226,276,347,272
"228",225,275,330,286,271,327,283,288,261,273,282,213,192,402,238,278,371,321
"229",213,287,320,272,253,303,268,218,248,281,272,234,184,348,249,278,344,321
"230",227,285,325,282,259,310,282,255,257,262,266,247,190,365,247,276,342,339
"231",197,263,292,276,255,297,255,258,244,268,275,205,171,369,233,271,331,303
"232",206,279,321,271,260,307,272,227,241,271,283,233,162,361,229,264,342,311
"233",250,243,327,272,263,292,277,320,267,277,289,238,200,401,223,282,353,271
"234",249,240,266,266,251,261,248,244,235,259,256,223,174,402,235,260,313,248
"235",260,280,331,276,247,318,285,256,273,281,272,263,213,387,232,290,378,337
"236",235,227,279,259,230,268,268,229,242,263,265,201,207,386,234,253,312,236
"237",254,278,296,287,251,327,283,280,246,283,283,236,189,381,235,282,340,345
"238",230,258,252,260,246,272,263,202,229,258,261,224,172,362,238,251,349,301
"239",209,274,333,278,275,305,281,241,259,267,286,237,181,399,263,267,336,328
"240",236,282,311,285,253,312,282,260,272,297,274,249,182,347,224,289,364,350
"241",270,259,324,295,254,312,275,272,291,307,274,247,234,427,251,294,355,269
"242",222,250,271,242,256,269,257,230,269,250,261,210,164,384,225,245,321,249
"243",209,265,298,281,252,298,272,250,251,274,270,240,189,415,242,277,318,244
"244",205,272,293,273,248,302,269,273,247,259,277,201,191,386,241,259,352,293
"245",240,256,279,265,241,300,277,196,235,269,262,234,167,337,252,255,331,304
"246",232,252,270,239,247,258,251,228,260,257,248,212,171,377,241,256,313,234
"247",237,254,304,269,245,305,266,266,289,292,287,242,203,402,226,281,335,256
"248",236,273,337,284,265,319,294,272,277,273,277,213,185,390,222,283,350,331
"249",230,268,310,276,270,316,263,282,269,288,264,217,224,404,263,278,305,247
"250",221,260,316,276,256,279,272,269,266,263,262,221,215,406,232,265,329,251
"251",224,253,310,255,261,284,278,286,256,275,274,215,222,417,251,262,327,239
"252",251,266,342,294,261,334,299,261,282,287,280,246,222,364,234,284,372,360
"253",235,244,292,266,239,269,254,228,251,273,272,215,208,379,238,246,320,240
"254",254,262,337,278,250,332,286,286,272,287,271,254,203,351,235,285,359,349
"255",250,260,297,263,253,306,279,272,255,262,280,227,208,379,223,271,356,322
"256",209,271,290,284,253,294,267,246,255,284,270,201,203,393,242,267,365,307
"257",204,245,274,257,255,289,258,218,229,271,259,219,150,338,247,263,356,307
"258",213,263,308,254,254,308,257,265,239,261,268,215,207,398,233,273,329,240
"259",249,276,339,282,273,303,294,289,264,288,293,268,213,390,218,293,372,339
"260",251,264,318,286,262,304,293,292,271,290,293,257,219,388,259,295,356,268
"261",204,248,262,257,252,282,247,213,242,248,252,198,162,342,247,259,363,324
"262",191,281,299,269,253,300,265,276,253,271,286,200,197,403,242,263,332,300
"263",252,276,298,290,256,334,283,291,252,288,291,226,207,411,245,291,369,347
"264",203,240,252,230,234,237,260,213,245,251,258,206,166,373,262,253,327,231
"265",214,235,255,252,241,253,241,215,233,254,267,167,164,357,232,254,330,293
"266",218,275,285,271,240,289,261,209,224,272,251,212,169,340,243,261,355,307
"267",227,268,323,259,272,287,277,255,246,288,278,243,203,403,272,273,350,300
"268",234,263,314,274,243,338,289,286,288,276,284,241,232,407,222,286,337,282
"269",242,265,268,255,237,255,272,218,229,245,269,223,149,333,246,255,360,329
"270",234,271,301,280,275,313,289,270,253,268,277,250,196,384,231,272,355,319
"271",263,254,316,289,242,301,297,264,284,293,283,244,222,401,226,283,336,261
"272",220,264,296,277,259,297,275,275,253,273,273,203,217,401,232,270,319,245
"273",237,294,313,283,256,337,290,269,247,272,298,225,208,370,221,269,353,338
"274",211,261,317,270,258,318,277,263,229,282,269,243,178,376,241,279,372,318
"275",225,281,276,282,256,267,256,233,214,265,262,205,170,398,256,265,341,328
"276",205,264,294,264,247,294,262,254,258,271,257,213,189,381,241,268,305,234
"277",213,268,310,271,266,314,268,278,246,278,289,205,200,397,252,287,336,281
"278",247,298,332,289,239,287,291,276,275,297,289,262,210,399,241,282,377,338
"279",225,280,314,279,261,310,292,265,240,267,274,226,210,363,225,287,379,309
"280",228,262,333,282,268,342,268,238,256,290,286,230,189,376,245,282,349,301
"281",208,278,320,261,265,301,274,239,243,280,262,227,177,354,250,263,348,321
"282",210,256,257,266,247,287,250,215,229,260,251,214,158,341,245,264,340,318
"283",237,307,310,293,264,329,291,282,272,275,281,226,167,418,223,276,367,322
"284",205,243,270,255,249,274,261,244,242,266,265,203,194,407,232,252,315,246
"285",244,277,313,279,246,324,289,233,251,289,282,263,188,348,232,289,362,376
"286",263,250,322,267,239,334,270,303,262,281,281,260,209,401,221,275,340,276
"287",240,275,335,280,241,321,275,289,260,293,285,229,217,368,239,273,351,339
"288",200,259,315,282,269,301,288,280,264,292,262,204,207,413,240,278,337,300
"289",218,267,313,298,271,305,283,285,247,277,279,228,217,413,231,279,360,335
"290",230,246,270,273,245,271,255,211,246,265,252,182,144,427,238,248,343,293
"291",249,283,329,275,271,294,297,262,263,283,308,254,205,369,244,289,367,335
"292",210,244,269,260,250,251,266,253,248,255,248,219,169,441,251,260,304,278
"293",189,268,315,270,257,274,269,253,228,263,253,213,176,392,227,271,356,299
"294",221,279,308,282,251,344,273,284,255,287,293,213,203,371,234,277,345,319
"295",209,270,314,269,239,295,261,240,235,284,265,249,188,367,252,275,358,317
"296",247,285,308,290,240,312,301,287,241,279,274,234,202,393,240,278,363,331
"297",243,277,336,297,283,317,301,248,269,278,289,260,204,398,228,294,353,358
"298",212,265,312,264,245,294,266,266,282,279,266,227,217,426,262,279,304,244
"299",222,237,261,240,241,262,257,231,259,259,258,220,175,374,223,251,338,235
"300",206,277,317,277,259,290,261,265,260,277,276,251,188,391,256,274,365,308
"301",194,256,296,265,241,300,262,233,235,269,251,194,185,401,239,262,348,295
"302",205,268,268,250,230,301,253,220,229,254,253,198,152,369,241,244,340,312
"303",215,267,321,275,248,298,281,239,247,273,262,234,163,367,255,280,380,301
"304",211,261,255,256,235,293,246,204,219,266,267,193,148,370,216,248,335,322
"305",223,249,256,266,236,264,253,224,253,251,248,210,170,389,253,255,311,236
"306",234,266,361,266,273,309,286,308,281,289,271,232,223,420,223,285,341,262
"307",242,256,286,257,255,288,253,199,240,254,255,220,175,370,240,243,330,304
"308",246,258,344,280,242,313,305,293,284,281,291,245,225,431,248,277,369,278
"309",196,256,256,239,249,268,252,194,224,242,260,197,170,358,243,258,350,312
"310",204,261,276,250,257,294,257,221,228,250,258,167,166,396,230,259,332,294
"311",257,271,352,272,244,318,287,311,282,287,283,235,219,425,234,277,353,294
"312",215,292,288,267,255,312,283,265,242,270,260,217,204,394,259,273,329,306
"313",216,234,253,251,244,251,253,235,252,252,253,215,143,391,240,240,312,231
"314",205,249,250,245,255,297,266,210,240,249,256,201,165,359,229,246,352,306
"315",205,243,247,262,248,275,265,227,231,248,251,191,157,393,232,260,351,295
"316",208,272,321,276,265,285,288,254,276,272,268,225,214,453,242,262,322,238
"317",228,259,268,247,254,257,264,209,262,254,268,214,162,340,254,248,338,313
"318",245,265,314,282,270,307,276,297,273,293,273,231,213,382,231,277,348,300
"319",226,271,278,250,258,264,249,190,232,263,263,217,161,335,234,239,354,313
"320",232,254,320,276,252,304,279,287,282,286,285,274,239,437,235,285,338,271
"321",206,279,314,281,261,332,274,244,250,286,280,239,197,402,250,273,360,314
"322",248,267,273,263,244,276,260,197,237,273,272,215,160,373,241,267,344,312
"323",208,273,289,266,253,261,260,243,235,258,250,240,163,349,248,265,330,305
"324",204,260,266,268,253,279,262,215,233,263,260,193,151,411,249,246,341,314
"325",198,272,273,258,250,282,262,239,249,263,252,208,150,423,236,260,346,307
"326",221,256,270,244,266,268,255,192,217,253,262,221,158,348,238,253,333,307
"327",192,250,276,255,238,261,248,222,243,257,261,202,158,420,244,247,344,305
"328",211,240,258,243,246,265,242,222,258,264,246,205,155,373,237,251,318,262
"329",251,268,321,279,262,319,289,287,284,291,295,274,210,406,221,297,352,286
"330",220,282,327,281,250,315,296,271,280,285,284,210,195,418,232,278,357,331
"331",232,229,283,258,238,262,269,238,259,262,250,208,158,442,228,246,316,258
"332",246,254,317,276,253,330,281,281,266,282,282,251,216,391,231,276,335,266
"333",188,279,294,267,243,295,278,257,258,267,271,206,179,398,234,279,354,303
"334",217,271,333,275,252,313,286,230,251,264,290,225,196,381,252,272,347,314
"335",255,286,332,305,269,325,304,272,246,293,295,263,207,360,256,292,364,325
"336",222,267,290,264,271,260,260,212,250,255,260,213,191,339,252,249,339,324
"337",218,269,319,273,252,314,272,227,243,265,262,242,189,383,236,276,339,300
"338",194,285,284,249,238,281,268,239,229,268,267,181,189,394,243,264,324,310
"339",211,252,248,264,235,297,263,248,225,252,235,202,167,390,233,259,342,291
"340",208,293,303,274,258,310,268,258,242,272,273,245,173,366,247,280,353,320
"341",219,253,323,270,246,296,271,292,251,291,280,233,202,388,236,276,331,250
"342",265,250,313,281,248,317,283,265,274,279,277,240,229,392,215,291,346,279
"343",263,267,336,281,249,321,280,293,274,295,288,223,208,394,226,281,354,281
"344",222,252,254,267,250,276,252,258,229,245,246,205,167,375,235,257,360,303
"345",196,254,270,246,238,280,259,233,230,247,240,186,148,364,235,249,341,308
"346",229,269,253,250,243,283,270,253,229,258,266,197,160,367,233,260,325,300
"347",257,271,334,288,259,320,290,258,242,299,301,274,216,357,252,299,374,344
"348",210,265,304,287,256,288,282,263,248,276,281,190,188,391,256,264,347,311
"349",210,237,245,253,221,252,264,222,246,257,246,199,172,371,246,245,321,239
"350",259,262,314,288,268,322,283,272,284,279,282,254,240,413,238,280,355,292
"351",219,263,297,265,264,304,275,251,234,279,267,211,195,416,243,276,345,296
"352",216,268,317,267,261,308,269,227,232,272,273,249,184,350,240,267,344,325
"353",191,255,293,285,239,326,275,258,232,261,276,211,197,393,243,262,348,285
"354",244,283,319,283,247,324,294,267,257,289,274,229,195,394,230,293,338,339
"355",237,254,286,247,271,277,270,196,232,267,262,241,166,372,254,259,317,318
"356",214,260,301,272,261,334,266,259,238,290,292,195,200,404,250,270,328,300
"357",216,260,340,262,254,310,262,255,276,259,286,206,220,429,234,274,363,240
"358",248,296,342,312,248,326,296,271,251,308,291,247,183,392,254,278,382,345
"359",247,287,299,298,273,327,277,250,265,281,273,224,200,405,236,284,357,314
"360",205,269,303,264,257,299,276,257,239,264,265,229,175,378,237,276,353,310
"361",225,273,280,259,240,282,264,206,235,263,267,234,160,409,249,248,358,310
"362",210,261,312,276,247,292,278,262,277,280,259,212,224,434,252,274,315,253
"363",244,300,319,278,287,324,306,265,266,279,280,250,209,354,243,292,371,353
"364",242,295,340,270,247,303,285,236,256,273,287,233,206,356,236,281,373,346
"365",189,267,293,274,251,310,260,275,238,260,254,200,186,385,247,265,332,300
"366",257,294,322,283,259,309,282,271,248,285,291,254,189,351,228,287,352,332
"367",216,263,312,272,260,320,262,265,233,269,265,217,192,405,233,277,342,300
"368",240,280,321,300,259,333,281,278,264,302,287,252,196,355,227,293,365,343
"369",244,277,338,276,255,351,276,263,257,290,289,252,233,396,250,294,351,335
"370",199,241,256,245,256,249,243,227,270,255,245,230,168,414,231,264,335,234
"371",224,231,280,256,238,266,271,240,243,250,267,201,190,390,244,249,301,257
"372",208,244,310,284,249,296,266,264,251,274,266,224,200,399,242,255,332,249
"373",220,252,275,259,260,263,256,197,224,255,255,232,146,351,237,258,352,302
"374",219,249,269,251,241,262,255,237,253,257,261,232,195,433,234,247,332,244
"375",189,257,291,273,263,313,272,248,254,270,264,208,192,384,245,276,333,313
"376",206,241,315,270,267,304,278,249,267,276,265,240,217,426,256,279,314,248
"377",243,264,255,256,253,285,253,250,232,268,269,196,162,405,228,257,333,295
"378",211,305,321,274,265,318,275,251,248,281,274,243,182,395,238,265,364,307
"379",257,268,333,290,265,311,297,286,274,290,276,247,218,426,238,287,338,285
"380",267,269,329,271,248,319,285,292,284,285,287,248,253,366,230,295,346,273
"381",249,267,335,283,244,315,285,282,239,286,281,212,204,373,239,272,371,335
"382",201,282,307,273,259,318,269,287,260,279,273,210,202,423,238,280,336,309
"383",226,250,272,255,247,278,256,221,238,262,269,233,151,364,260,258,316,319
"384",199,251,296,268,252,298,267,271,255,275,280,232,182,386,236,261,323,254
"385",225,253,260,271,230,285,258,199,221,259,271,219,150,339,252,252,336,309
"386",224,262,267,259,225,269,250,191,242,268,260,224,146,351,237,266,332,317
"387",227,281,322,276,251,315,279,245,238,273,265,252,186,376,238,274,358,327
"388",227,283,309,283,274,324,285,235,248,270,281,244,188,358,235,268,359,323
"389",221,276,309,273,278,307,272,263,252,270,292,230,209,370,241,279,350,352
"390",234,258,304,294,257,313,284,243,238,297,274,215,186,378,227,280,374,318
"391",215,282,306,267,271,292,283,244,228,263,275,230,173,371,250,272,349,317
"392",224,246,275,239,258,262,255,246,266,263,249,230,169,434,231,240,335,253
"393",205,280,304,259,241,293,258,254,237,278,271,225,167,360,234,278,361,303
"394",214,262,317,263,262,267,278,259,253,278,272,216,201,418,247,271,336,244
"395",200,257,304,268,252,282,277,272,263,269,276,207,191,424,229,272,318,255
"396",250,282,328,279,252,307,295,282,256,281,283,246,206,383,230,283,380,356
"397",222,306,314,271,232,321,288,282,250,270,280,219,195,379,214,281,347,332
"398",228,255,312,260,238,307,285,263,264,262,268,208,196,402,245,279,334,253
"399",201,256,278,238,254,266,253,210,223,253,261,232,154,357,247,241,358,327
"400",215,251,324,266,252,294,274,228,230,271,280,231,201,378,251,259,340,315
"401",210,277,272,273,261,291,265,239,237,284,274,205,206,386,241,289,349,299
"402",250,233,265,251,245,271,258,247,241,253,260,211,186,409,232,255,307,253
"403",226,261,307,271,254,292,276,287,268,276,266,213,234,409,234,275,354,254
"404",234,273,315,273,261,336,266,278,268,283,284,235,190,388,228,283,361,333
"405",258,261,325,298,253,321,276,267,266,285,284,272,234,402,232,274,350,257
"406",258,277,344,294,252,342,289,279,249,272,295,251,208,355,249,281,362,347
"407",218,280,311,283,272,319,278,268,251,284,283,227,191,399,242,279,334,320
"408",246,274,326,291,255,305,289,277,257,287,276,235,198,422,246,301,350,336
"409",188,298,312,264,268,319,267,266,255,269,273,206,205,430,244,262,344,314
"410",206,285,302,282,266,327,288,257,239,263,262,205,218,408,245,261,346,308
"411",244,265,352,254,250,313,278,291,284,299,282,228,198,437,223,272,359,284
"412",237,266,334,301,258,330,270,275,252,282,292,252,203,441,232,270,349,340
"413",214,269,332,283,276,284,283,249,247,293,281,214,209,400,229,280,356,308
"414",248,293,334,292,251,321,313,242,264,315,290,263,225,369,241,289,374,346
"415",212,279,327,261,261,298,266,244,250,271,283,224,164,345,229,290,358,315
"416",201,252,310,263,259,279,260,261,252,262,283,223,217,378,240,262,328,244
"417",214,280,322,280,263,306,286,267,256,282,285,258,177,392,245,273,364,324
"418",223,241,265,260,222,272,260,244,262,270,246,236,188,400,219,269,318,235
"419",248,287,372,318,264,336,286,258,275,291,285,256,208,376,224,286,362,348
"420",206,272,302,269,239,305,266,270,237,261,264,204,191,394,231,267,341,298
"421",209,254,260,257,235,272,248,237,234,257,259,178,169,436,241,257,340,291
"422",244,264,325,287,263,302,279,278,281,289,285,249,207,431,238,292,337,269
"423",235,255,348,280,244,320,280,277,260,298,281,260,220,397,218,284,364,295
"424",238,285,335,299,258,302,293,285,270,281,278,235,210,433,226,290,367,318
"425",207,298,311,263,244,332,275,237,248,277,282,229,190,371,247,278,341,312
"426",201,285,309,270,261,316,272,250,261,272,273,225,200,406,242,273,329,299
"427",247,268,305,283,247,298,288,304,281,285,289,234,212,409,252,285,361,257
"428",228,240,267,264,233,277,249,194,245,259,264,244,154,341,246,256,349,303
"429",220,243,261,247,237,272,239,234,235,233,251,193,181,393,232,255,303,251
"430",218,257,277,270,241,278,264,218,255,263,259,214,155,372,240,260,349,311
"431",213,275,314,268,255,288,264,269,258,261,284,240,188,375,251,267,362,327
"432",198,262,302,272,248,305,277,239,241,265,272,206,176,411,223,266,344,299
"433",239,288,314,280,262,319,287,292,258,274,268,235,187,364,203,290,360,320
"434",221,249,258,252,256,277,252,215,241,255,254,229,159,349,246,268,362,321
"435",204,283,290,291,271,315,271,253,248,286,256,217,213,390,239,277,342,291
"436",268,256,331,271,228,312,284,300,278,274,288,245,206,389,236,298,349,285
"437",227,272,294,262,245,269,262,226,240,251,248,214,162,367,253,259,350,326
"438",200,278,307,264,249,288,272,267,232,282,271,203,184,381,248,262,337,288
"439",217,265,309,268,253,294,276,285,242,257,266,210,178,396,233,277,338,290
"440",220,239,279,256,260,260,267,243,248,255,257,204,170,434,241,250,310,259
"441",217,255,304,276,245,280,278,265,253,265,272,212,222,417,243,263,311,244
"442",205,266,295,274,247,307,265,258,242,276,284,228,212,429,252,264,312,236
"443",196,253,264,255,241,275,270,261,228,259,249,227,146,406,251,261,332,294
"444",202,272,312,277,256,334,272,257,237,267,274,211,196,359,261,279,349,309
"445",260,274,329,290,253,325,289,254,266,292,286,256,222,363,236,289,360,350
"446",218,265,313,284,257,306,272,236,264,274,272,233,196,392,235,279,363,326
"447",224,265,254,255,258,276,261,224,236,248,251,220,162,360,246,258,370,331
"448",226,274,313,283,275,349,289,266,242,283,274,241,206,398,247,272,372,347
"449",238,221,253,252,228,266,262,236,260,247,249,207,163,390,261,239,326,252
"450",228,264,296,279,250,298,292,263,249,294,293,226,193,376,221,290,365,332
"451",216,263,254,249,244,261,246,216,211,257,242,175,164,366,228,262,337,282
"452",215,249,253,254,257,301,253,203,231,246,261,231,151,339,241,268,322,315
"453",207,263,320,256,264,297,254,251,259,271,263,214,208,425,258,270,329,232
"454",212,277,249,252,240,259,254,236,225,256,261,175,140,366,228,253,328,301
"455",253,273,336,299,258,309,290,266,268,287,282,283,187,385,228,299,366,352
"456",214,249,261,253,234,248,250,224,231,253,262,192,147,379,225,248,338,298
"457",213,258,244,258,255,284,231,202,221,250,249,210,175,360,246,248,351,303
"458",225,236,273,271,254,272,272,234,220,257,257,191,154,368,239,263,329,293
"459",247,248,260,261,244,282,246,227,233,264,248,201,164,400,244,256,356,295
"460",196,271,293,263,260,285,264,254,235,280,268,204,194,418,236,277,355,311
"461",231,222,263,249,244,269,257,243,238,242,256,213,189,384,264,247,330,259
"462",202,269,268,250,250,277,270,225,221,249,251,187,151,385,249,246,347,292
"463",235,278,318,288,262,305,285,281,266,283,277,240,205,437,226,285,367,322
"464",230,272,303,278,257,317,276,271,240,275,268,237,194,366,235,290,355,341
"465",241,279,324,286,257,307,277,276,257,284,299,232,189,367,228,292,380,349
"466",240,288,332,281,251,320,271,289,257,285,285,248,200,409,226,281,372,336
"467",215,252,247,251,244,300,257,204,227,258,248,171,162,368,231,257,339,320
"468",216,264,325,260,251,298,276,255,265,293,269,229,209,425,269,265,323,246
"469",206,253,279,259,249,259,261,245,268,262,267,212,168,432,227,258,343,243
"470",249,249,271,244,258,282,266,238,235,261,266,237,166,361,268,258,346,312
"471",212,255,322,256,254,311,291,303,273,278,274,226,198,443,239,277,312,245
"472",211,274,323,263,262,293,279,241,239,265,276,253,194,365,245,265,342,316
"473",222,315,316,291,275,318,281,242,239,270,281,226,199,382,250,274,366,324
"474",237,287,320,303,251,307,290,286,267,276,295,218,189,414,231,290,374,326
"475",213,247,276,264,243,270,256,227,242,264,258,212,176,435,241,252,324,230
"476",217,287,306,278,267,292,278,252,228,281,283,253,185,404,247,278,345,315
"477",223,276,305,274,251,314,286,253,267,270,277,231,190,386,239,278,351,333
"478",245,283,315,296,254,341,295,270,247,303,285,223,224,383,212,286,357,347
"479",208,251,282,258,240,257,247,229,224,246,258,180,138,379,242,247,325,309
"480",241,289,322,278,251,316,295,296,276,284,290,267,194,371,221,288,360,355
"481",209,257,266,241,234,260,250,242,237,258,242,196,162,360,227,258,350,296
"482",246,291,289,291,256,294,274,277,257,282,287,218,214,383,218,277,369,319
"483",220,227,263,258,235,268,259,244,258,275,255,204,180,389,220,259,311,257
"484",224,260,308,289,257,305,271,287,249,276,268,203,200,381,223,287,370,336
"485",213,237,315,249,246,272,256,223,263,250,256,206,174,406,246,258,306,242
"486",226,245,262,253,233,262,262,201,223,239,259,246,169,353,242,245,331,318
"487",216,257,295,276,243,278,255,282,251,279,275,232,198,407,250,279,305,269
"488",238,279,312,294,239,313,277,273,261,278,280,280,199,341,236,277,354,334
"489",193,269,301,267,259,300,260,263,239,272,253,206,153,383,238,266,352,305
"490",203,285,315,268,258,306,269,260,249,280,274,210,169,420,242,258,351,309
"491",205,246,269,261,243,249,247,232,253,257,257,204,166,426,229,266,327,238
"492",268,280,341,306,251,323,302,269,274,289,294,263,224,354,234,283,364,348
"493",240,295,312,293,238,309,287,281,247,307,272,226,198,418,239,285,359,335
"494",215,229,252,247,256,262,251,214,253,246,251,201,167,385,235,255,336,234
"495",202,272,257,234,242,277,236,240,236,252,251,192,169,352,247,260,335,300
"496",236,252,264,258,238,255,256,222,254,242,248,202,182,384,233,257,333,238
"497",199,281,292,264,249,320,258,254,238,274,268,210,191,419,235,272,347,289
"498",218,264,287,279,272,324,276,268,244,274,280,204,198,401,221,275,339,304
"499",255,273,311,296,239,328,290,263,256,287,281,251,207,361,245,289,354,340
"500",249,266,322,287,256,331,278,271,264,297,284,223,202,398,240,283,353,344
"501",217,266,263,259,257,295,247,240,245,257,252,200,174,366,238,256,341,300
"502",246,253,332,276,258,306,293,286,294,292,283,265,228,422,224,268,338,280
"503",269,291,330,290,252,338,289,277,265,279,298,278,221,369,243,295,378,342
"504",239,288,322,297,279,306,282,265,260,288,285,259,202,394,230,302,367,346
"505",186,281,298,274,260,291,268,294,246,274,259,200,210,407,234,282,348,298
"506",202,283,324,272,268,325,267,225,255,257,275,233,177,350,252,277,339,312
"507",262,260,267,262,253,257,251,207,241,270,268,226,184,364,225,274,333,318
"508",197,251,258,255,247,263,243,230,236,244,247,182,144,382,261,235,362,325
"509",235,263,248,263,239,268,266,249,251,255,252,203,169,379,230,258,316,305
"510",212,258,307,263,248,301,263,268,250,267,271,234,205,436,232,270,324,245
"511",239,289,323,286,251,317,281,259,271,287,281,253,207,359,230,300,373,352
"512",202,264,268,250,241,263,262,210,230,268,261,197,165,384,253,254,357,290
"513",240,270,318,300,270,308,297,254,262,287,281,243,202,351,259,300,366,340
"514",227,280,314,279,256,287,284,256,236,272,266,238,200,400,255,277,363,330
"515",254,271,320,275,254,318,288,274,270,311,307,204,210,414,235,296,368,361
"516",226,304,314,276,271,314,271,274,251,287,285,232,225,391,259,278,355,311
"517",228,245,263,254,230,258,265,233,254,243,255,187,159,390,246,249,326,247
"518",231,277,311,275,277,334,285,253,245,276,293,231,205,356,244,274,335,316
"519",225,267,324,287,247,268,282,270,267,260,274,208,216,435,238,275,328,268
"520",219,256,322,276,257,302,271,224,261,283,282,232,181,378,245,261,355,316
"521",252,253,322,274,256,315,290,277,257,276,279,249,213,356,219,282,398,336
"522",234,274,301,272,258,320,281,264,237,283,276,229,205,377,262,265,360,316
"523",183,266,299,264,247,309,273,261,241,256,257,217,165,391,246,263,322,293
"524",240,255,273,259,254,292,268,203,251,258,248,215,161,362,261,259,341,315
"525",212,270,236,252,244,267,247,216,218,249,254,199,165,358,248,246,351,302
"526",214,244,267,248,238,269,252,217,215,260,242,210,154,328,243,250,337,326
"527",214,268,277,252,238,285,251,243,238,266,255,202,145,406,224,263,338,310
"528",226,236,269,246,256,278,247,250,249,262,257,225,177,384,238,247,308,239
"529",213,255,281,242,237,225,247,235,249,241,243,195,190,400,229,247,326,247
"530",210,274,335,270,246,300,279,253,263,280,277,236,184,430,258,269,353,315
"531",242,275,318,281,242,320,289,235,255,282,292,254,180,349,219,272,376,345
"532",213,245,267,259,264,253,264,235,249,259,252,202,166,410,234,251,330,265
"533",232,237,256,262,253,266,257,231,242,259,245,204,177,386,247,253,303,251
"534",234,261,299,270,251,249,269,220,235,260,257,235,172,385,241,261,357,334
"535",234,271,358,286,244,281,275,275,274,288,276,243,233,419,237,290,355,281
"536",266,257,323,286,252,339,272,279,292,277,279,252,206,412,221,284,355,260
"537",207,280,322,281,255,281,279,269,279,268,279,207,204,455,232,255,326,250
"538",229,276,272,253,248,277,259,228,240,269,259,253,169,372,275,258,345,324
"539",229,279,320,282,256,282,264,280,272,263,265,234,210,410,241,257,323,238
"540",198,267,245,254,237,272,245,222,219,274,251,197,151,378,228,249,326,320
"541",247,280,321,289,249,318,276,253,253,283,272,238,195,381,235,280,353,315
"542",193,270,291,280,253,305,274,245,241,268,277,197,174,398,226,270,347,303
"543",198,275,289,271,247,303,268,290,255,289,260,207,178,426,235,259,358,311
"544",231,230,260,271,239,248,255,240,267,248,261,210,186,401,245,245,325,238
"545",212,270,316,267,252,286,280,231,246,264,270,234,198,374,229,266,335,311
"546",238,267,322,262,257,319,279,259,251,286,288,221,191,374,223,269,373,337
"547",260,266,325,292,236,311,276,305,261,280,281,246,223,419,227,294,338,256
"548",244,257,309,269,252,318,277,273,275,273,270,251,200,402,221,272,334,283
"549",204,284,283,265,250,307,270,253,255,268,259,222,210,383,242,274,334,296
"550",212,263,284,260,257,297,257,248,249,256,248,188,161,425,234,256,316,305
"551",208,280,312,277,265,299,286,279,263,283,271,226,189,406,254,270,353,301
"552",268,259,316,277,245,303,296,298,279,290,296,244,209,424,254,283,344,277
"553",243,266,306,291,278,302,276,270,268,287,290,234,211,374,229,298,373,338
"554",200,284,299,270,255,306,272,241,240,281,268,206,195,426,227,283,349,316
"555",232,274,320,309,276,309,281,280,252,281,272,211,223,437,246,281,362,352
"556",241,270,330,288,257,328,290,257,252,286,276,272,195,345,239,289,359,332
"557",205,246,251,249,238,284,247,221,243,242,238,187,156,371,215,266,331,305
"558",239,269,335,300,236,314,293,300,287,285,276,253,242,415,229,276,360,287
"559",184,271,286,271,270,293,281,248,245,259,264,198,183,399,253,268,327,306
"560",233,237,273,245,265,259,263,226,242,255,247,206,171,420,242,246,321,255
"561",223,238,267,244,236,273,252,207,233,255,244,219,159,386,239,254,320,242
"562",220,227,282,265,244,239,257,246,252,253,263,213,171,372,243,242,356,240
"563",198,255,257,262,252,281,240,237,222,246,262,196,173,377,230,247,332,296
"564",251,286,334,281,260,303,276,279,245,298,294,251,219,346,225,276,364,328
"565",215,289,309,259,271,339,278,250,239,286,273,238,197,361,263,294,335,309
"566",218,260,303,269,242,322,261,294,253,275,269,218,204,436,259,275,311,245
"567",252,267,337,279,276,305,286,280,251,295,277,258,226,345,250,288,355,349
"568",220,273,303,254,233,331,259,259,266,262,273,223,209,422,260,265,317,251
"569",210,276,298,280,243,319,261,218,243,282,267,235,208,341,255,266,374,316
"570",245,272,343,286,271,322,274,313,262,291,289,228,215,397,225,291,383,352
"571",260,267,324,289,252,352,292,250,273,297,277,311,211,352,236,295,359,339
"572",257,280,334,291,277,322,286,275,266,279,303,263,216,363,228,284,369,335
"573",239,283,276,252,247,249,265,200,263,262,269,240,176,362,231,255,332,326
"574",211,263,254,242,246,284,246,260,216,252,261,202,162,449,227,267,345,323
"575",211,259,255,255,246,266,250,243,227,256,237,200,151,383,234,250,336,301
"576",221,252,300,261,249,280,285,295,299,270,274,211,214,417,258,285,314,249
"577",217,293,292,287,238,312,281,218,261,268,271,224,179,359,242,284,356,324
"578",195,277,301,278,253,305,274,270,274,286,276,216,183,394,245,265,348,309
"579",209,254,298,269,244,291,260,285,264,276,280,218,205,408,232,277,325,235
"580",212,252,239,253,234,274,256,209,212,246,251,210,154,387,231,261,324,300
"581",200,273,293,267,258,284,278,281,241,273,265,186,191,385,247,264,341,308
"582",253,254,343,286,260,307,294,288,280,276,280,245,226,418,243,275,349,268
"583",220,241,258,250,225,269,253,235,246,255,244,212,180,390,235,259,320,242
"584",238,241,266,260,257,317,264,230,241,257,254,215,174,351,257,269,340,321
"585",229,267,235,246,244,270,261,223,231,263,259,206,171,375,258,266,337,326
"586",225,282,302,283,255,305,284,272,240,275,285,240,199,375,238,263,340,335
"587",204,285,298,262,268,303,268,263,270,277,275,225,190,371,250,268,346,327
"588",224,237,275,260,256,276,264,218,237,255,262,215,166,345,245,258,352,331
"589",208,279,308,258,255,295,259,275,252,265,270,232,209,405,235,252,309,253
"590",223,267,275,254,243,276,263,210,224,263,256,223,164,353,251,262,331,313
"591",208,271,324,268,249,315,265,239,242,283,264,246,176,375,247,280,331,330
"592",212,279,304,267,241,318,280,253,270,285,281,244,187,390,255,269,340,317
"593",218,235,291,247,248,249,253,224,260,259,244,229,179,397,255,251,296,255
"594",205,269,284,269,249,306,270,274,243,260,273,218,199,399,239,261,336,314
"595",255,264,318,267,260,333,274,284,266,279,270,246,221,401,239,284,344,259
"596",206,269,308,276,263,287,272,209,240,271,258,223,180,360,244,259,348,328
"597",223,266,235,262,248,311,260,245,223,249,257,172,161,375,244,266,332,316
"598",234,255,270,259,245,255,268,270,265,264,258,206,189,435,234,260,314,255
"599",226,239,253,253,245,263,262,251,262,256,259,211,182,383,233,264,328,246
"600",214,262,329,293,267,303,274,253,239,276,260,230,209,389,243,277,339,316
"601",209,254,268,256,236,275,258,192,249,254,257,232,166,360,237,244,325,305
"602",227,263,277,263,269,262,246,238,222,252,251,202,179,320,230,249,312,340
"603",216,243,266,257,230,287,259,213,234,271,233,206,160,398,244,257,355,309
"604",241,275,317,295,285,341,283,263,270,286,295,251,190,382,242,278,358,330
"605",211,257,312,284,255,296,257,270,267,263,282,219,210,410,257,277,328,242
"606",213,278,349,291,281,291,278,250,266,274,292,246,183,397,237,281,338,319
"607",241,284,332,287,258,338,300,279,270,287,292,257,217,350,242,301,358,347
"608",204,237,266,261,228,272,243,218,250,261,250,235,167,396,233,262,300,257
"609",250,265,340,268,248,303,271,264,279,267,287,239,216,399,230,276,358,288
"610",217,236,269,252,239,270,258,214,242,257,248,202,176,386,237,268,334,242
"611",224,253,258,259,242,321,251,224,238,258,247,199,163,355,234,255,339,310
"612",233,263,266,250,244,256,253,203,226,246,253,210,151,361,251,258,346,304
"613",264,293,347,281,263,300,292,268,256,282,286,264,213,384,238,275,368,351
"614",240,242,276,248,227,282,257,231,248,240,246,211,186,380,246,250,301,243
"615",220,256,309,261,244,302,271,265,254,271,276,205,204,396,253,273,321,247
"616",235,283,325,277,257,327,295,270,273,281,282,249,215,358,213,285,353,336
"617",249,279,308,262,252,317,285,276,248,296,272,224,198,369,234,289,363,326
"618",207,278,319,279,251,314,255,256,240,266,273,223,168,375,253,288,354,323
"619",202,232,263,264,234,265,266,225,234,273,248,199,171,400,235,263,295,236
"620",221,237,268,239,237,269,253,245,256,248,252,217,173,389,215,254,330,262
"621",206,270,308,273,241,292,275,250,265,284,260,217,204,467,241,275,308,241
"622",245,270,321,281,258,324,280,274,260,276,277,241,228,363,251,272,349,276
"623",229,255,347,290,261,323,296,292,285,261,276,231,226,448,229,280,339,278
"624",264,294,337,308,269,325,288,247,267,284,286,268,223,359,262,279,358,348
"625",254,281,347,287,276,313,290,251,261,289,282,265,192,400,227,301,363,351
"626",199,285,307,258,247,276,261,280,244,271,269,218,185,402,256,261,347,319
"627",202,261,314,277,250,316,273,282,256,269,252,188,183,408,261,265,334,302
"628",237,256,253,259,252,295,259,223,241,257,251,193,164,359,257,267,326,294
"629",259,269,341,278,264,312,283,293,275,285,277,229,207,430,240,293,340,272
"630",235,253,281,260,246,277,252,193,223,259,262,248,155,352,231,255,327,332
"631",256,279,319,290,257,318,291,276,262,278,289,214,218,404,226,287,352,342
"632",223,268,323,281,263,260,270,279,258,263,263,236,208,390,226,268,323,246
"633",236,253,272,249,245,266,244,221,228,273,258,214,173,359,242,249,349,334
"634",255,278,337,292,264,338,292,250,252,290,294,256,206,378,232,284,379,345
"635",233,243,250,265,243,244,260,241,279,255,259,210,168,394,243,271,318,257
"636",204,294,298,272,256,293,269,251,228,269,281,206,184,471,242,274,376,323
"637",202,281,272,248,231,287,278,265,229,262,254,202,157,403,247,257,332,298
"638",252,272,330,281,248,313,270,278,257,270,293,237,204,386,220,269,360,328
"639",225,255,262,261,228,283,250,215,241,272,255,203,170,381,241,262,343,291
"640",243,255,277,269,251,289,260,186,232,264,257,236,174,390,249,263,346,302
"641",193,242,315,269,241,281,268,270,250,277,262,220,210,411,248,270,319,255
"642",209,258,248,270,247,306,249,205,209,252,251,200,173,374,228,248,332,287
"643",191,271,292,270,261,306,281,300,235,270,272,205,193,425,241,273,363,312
"644",213,238,262,246,244,267,257,218,243,250,250,218,162,385,237,248,324,232
"645",249,267,326,287,259,294,286,255,266,290,289,267,207,344,225,292,389,350
"646",212,263,291,282,249,327,262,286,230,278,266,214,221,397,252,268,339,305
"647",214,248,316,274,233,292,268,274,262,263,258,211,201,396,239,260,356,237
"648",269,284,374,292,257,328,285,261,252,295,294,262,212,372,260,284,389,341
"649",217,279,303,279,264,334,300,262,237,286,271,204,203,421,239,296,356,330
"650",212,271,306,271,246,282,278,279,291,260,272,230,212,404,252,275,317,237
"651",246,265,318,279,242,330,270,284,267,282,288,245,217,400,212,284,352,269
"652",210,254,244,261,257,281,263,233,232,265,267,203,188,382,240,258,326,314
"653",209,255,255,247,244,281,275,221,221,263,264,206,164,332,243,268,351,320
"654",218,276,325,281,263,304,277,240,233,271,281,233,174,378,249,284,345,325
"655",248,283,315,294,260,308,288,262,270,288,283,206,214,422,219,293,370,334
"656",213,273,316,269,255,305,266,282,256,283,274,235,181,379,244,275,354,328
"657",225,273,318,283,260,327,285,243,258,276,286,235,204,407,237,293,349,330
"658",223,259,318,277,250,295,266,259,272,286,267,230,223,456,227,274,317,253
"659",221,275,305,289,259,308,276,246,244,263,264,249,181,375,251,289,350,306
"660",215,258,299,272,254,294,270,290,263,280,264,209,213,460,244,276,335,245
"661",212,256,315,282,261,312,264,273,263,259,280,232,191,402,247,272,320,244
"662",228,256,258,257,239,275,261,230,239,252,251,172,165,351,260,258,303,248
"663",200,275,293,264,264,296,276,265,242,263,261,211,196,389,243,262,345,292
"664",237,255,276,255,230,275,254,183,230,245,257,229,154,376,235,255,359,312
"665",230,275,268,253,246,277,256,206,241,257,256,221,166,355,238,262,334,324
"666",206,252,307,289,247,289,273,265,264,275,257,245,217,402,252,271,311,247
"667",224,253,260,260,235,294,257,190,238,248,260,230,189,343,256,268,354,327
"668",225,267,273,235,241,258,257,188,217,253,255,217,151,350,235,266,367,306
"669",200,299,311,275,263,318,260,272,238,273,269,198,193,396,242,254,345,305
"670",210,259,316,276,253,322,270,256,262,259,272,224,206,405,241,276,335,245
"671",229,248,283,256,236,249,262,235,251,269,253,191,148,434,252,239,331,246
"672",241,260,323,292,251,281,279,313,288,289,274,244,228,411,234,280,365,283
"673",209,279,307,273,254,313,273,270,258,268,281,209,200,444,246,263,359,304
"674",238,253,337,280,250,323,279,292,263,277,280,256,215,406,230,274,338,278
"675",226,274,250,240,239,292,254,230,236,263,258,246,185,306,255,250,349,319
"676",222,286,292,282,256,318,285,263,252,282,274,205,188,380,216,296,384,317
"677",256,255,328,282,254,307,271,302,264,297,295,246,204,406,218,292,368,273
"678",194,260,271,242,246,267,267,236,247,263,267,197,152,411,251,240,348,287
"679",193,289,303,288,247,302,279,277,233,261,285,217,184,402,245,264,341,302
"680",263,276,354,298,240,334,302,267,274,289,298,253,210,359,241,291,365,366
"681",210,271,279,261,249,280,265,269,218,261,259,200,186,362,244,270,346,304
"682",241,287,322,279,256,317,279,297,249,277,286,225,196,432,222,278,355,354
"683",202,280,297,278,261,308,280,259,231,271,272,203,183,379,234,263,346,298
"684",220,261,283,261,244,255,248,232,259,258,272,215,166,379,246,258,353,325
"685",246,288,298,274,264,325,268,272,239,269,285,223,193,377,228,282,355,315
"686",247,290,332,281,268,297,293,276,259,277,284,256,213,327,234,301,368,347
"687",240,263,337,287,257,332,276,314,262,272,278,281,216,410,245,280,339,263
"688",227,255,273,264,264,269,257,225,248,254,251,241,178,374,248,266,352,312
"689",258,286,325,281,263,319,284,236,267,306,272,267,212,353,213,299,365,349
"690",210,259,317,275,249,287,276,280,267,287,271,246,207,463,261,268,336,263
"691",244,274,331,277,260,308,278,267,242,279,278,247,182,356,219,280,368,347
"692",252,272,301,293,253,308,274,257,274,287,291,226,207,374,213,283,359,342
"693",228,261,279,264,254,292,277,217,233,252,270,231,166,342,244,257,322,319
"694",223,262,239,256,257,268,251,248,224,250,256,224,163,379,250,260,319,299
"695",236,258,268,261,243,271,254,244,222,249,262,189,165,385,242,253,349,295
"696",217,257,252,265,240,295,254,212,240,253,254,199,155,387,242,254,341,309
"697",241,250,275,261,245,266,252,229,245,241,254,212,190,363,250,257,335,323
"698",216,253,274,257,247,270,250,203,226,259,245,218,163,355,244,242,326,318
"699",227,266,245,259,235,266,260,258,217,248,260,195,174,387,244,253,333,301
"700",244,276,326,285,259,317,291,261,234,289,293,246,199,389,228,296,369,350
"701",261,260,334,293,261,314,289,271,268,287,281,251,238,407,244,295,325,294
"702",194,278,307,274,237,296,258,258,225,261,273,211,206,407,234,280,343,320
"703",196,256,256,251,231,290,240,240,209,245,254,195,169,366,247,256,337,312
"704",233,273,273,262,269,261,280,209,229,262,273,255,167,372,239,265,346,334
"705",242,271,309,288,238,328,284,294,262,283,285,226,192,437,247,267,373,330
"706",234,266,282,264,257,274,264,213,238,261,253,235,157,393,234,254,334,320
"707",202,291,309,279,249,291,260,248,247,269,282,262,200,344,259,259,341,337
"708",256,283,336,286,261,312,284,268,258,282,298,253,188,364,232,284,383,333
"709",201,267,313,272,256,300,276,243,241,280,266,237,181,389,250,265,339,319
"710",207,271,293,273,256,300,279,272,255,270,285,194,198,410,235,277,358,299
"711",267,289,311,304,255,303,284,294,263,301,299,255,199,421,215,281,367,339
"712",217,288,340,286,253,323,283,256,257,274,270,216,171,387,245,278,334,307
"713",219,267,271,255,228,265,257,234,198,256,247,194,158,374,245,255,336,306
"714",246,270,323,279,245,316,293,287,278,273,282,238,233,437,239,274,336,277
"715",219,265,287,280,243,304,273,285,264,283,277,241,205,382,227,287,373,323
"716",273,282,322,269,282,319,270,266,263,267,288,257,214,361,248,282,373,325
"717",224,248,286,250,242,256,248,244,254,259,252,247,159,450,239,252,309,251
"718",242,257,256,268,248,290,264,218,244,277,251,226,179,370,243,262,362,315
"719",222,277,327,288,237,308,292,292,241,278,274,223,195,360,235,280,377,323
"720",251,287,300,290,250,327,288,283,268,291,275,224,198,393,232,275,396,326
"721",249,266,315,277,245,306,271,303,277,276,272,250,197,405,206,283,369,269
"722",208,268,315,275,274,316,258,243,244,281,277,234,213,344,241,269,351,322
"723",209,285,299,268,236,305,273,264,245,272,271,223,182,380,245,265,358,327
"724",248,291,351,278,230,309,300,265,265,296,293,266,174,392,240,288,379,346
"725",256,277,305,299,244,332,289,259,242,299,292,250,210,364,226,279,353,341
"726",216,264,254,257,247,295,262,236,237,249,267,174,169,394,246,270,332,291
"727",197,257,272,252,236,266,259,222,237,261,255,183,167,406,232,273,336,320
"728",209,272,282,263,235,280,248,238,254,254,267,175,174,400,236,243,331,307
"729",204,278,323,282,262,278,264,266,235,272,268,205,207,387,245,272,336,303
"730",243,292,343,284,257,333,284,273,255,291,288,269,214,399,213,298,369,351
"731",238,272,316,267,252,309,285,277,251,284,295,223,178,388,224,277,375,340
"732",229,251,280,274,232,278,270,216,236,249,252,229,191,360,239,257,333,332
"733",223,260,311,261,241,287,269,274,272,284,269,237,232,397,244,269,320,254
"734",254,274,314,276,257,333,299,233,252,283,295,269,213,346,233,279,349,344
"735",245,276,302,285,262,346,270,298,223,288,282,229,206,405,233,284,359,326
"736",207,258,301,271,261,263,272,266,280,268,261,207,208,399,227,264,324,237
"737",203,261,340,276,254,314,280,271,277,290,276,226,194,426,245,272,341,241
"738",253,289,335,269,254,305,275,264,260,280,287,240,193,336,228,279,365,334
"739",216,284,305,275,278,298,269,243,224,273,278,239,180,375,251,255,365,326
"740",238,264,333,298,257,323,302,289,257,299,289,244,207,377,243,280,350,354
"741",202,276,310,269,242,295,267,221,235,256,278,223,189,406,263,279,347,308
"742",200,252,304,258,258,303,258,254,257,273,259,204,194,396,233,280,331,246
"743",205,264,309,281,242,296,265,243,249,265,276,240,188,359,243,271,344,298
"744",244,260,314,287,258,314,282,285,263,273,302,239,203,390,232,282,348,274
"745",240,259,319,280,247,326,284,295,272,284,287,248,240,389,228,275,349,265
"746",213,264,253,247,243,275,254,222,221,246,250,200,137,374,232,246,331,308
"747",205,257,307,269,273,287,264,258,271,273,274,237,205,420,230,283,317,239
"748",212,265,255,260,237,276,247,245,223,256,259,173,148,395,231,260,340,307
"749",208,256,306,271,264,301,265,269,273,270,259,236,209,397,228,273,323,235
"750",252,291,310,286,266,325,286,292,270,275,272,220,213,389,229,290,352,328
"751",206,250,269,271,248,290,236,205,234,260,248,241,163,366,245,257,339,317
"752",256,253,344,279,237,314,276,282,266,292,266,245,228,428,227,290,375,278
"753",253,250,281,255,251,261,253,230,257,272,258,196,175,375,234,248,330,256
"754",242,268,327,278,275,308,294,277,247,288,280,241,220,390,218,289,341,340
"755",201,270,300,270,258,300,257,274,245,258,276,191,183,396,243,265,339,291
"756",223,243,302,270,267,274,264,292,254,260,264,215,201,413,221,275,311,253
"757",200,255,323,280,256,274,272,259,274,279,266,217,189,429,225,271,329,251
"758",195,286,300,268,254,291,278,265,237,250,256,205,177,378,261,275,351,302
"759",224,226,276,249,250,269,257,235,256,252,256,212,175,403,238,260,321,244
"760",199,284,293,261,262,298,274,275,246,270,252,217,187,396,247,265,330,294
"761",249,279,346,294,241,291,297,256,260,287,273,271,216,344,224,295,380,330
"762",199,275,314,268,250,288,270,273,250,272,265,194,178,444,241,267,360,310
"763",186,271,311,274,246,284,283,262,230,272,270,240,192,441,258,266,352,310
"764",248,227,271,261,252,286,261,240,270,253,256,223,184,401,246,272,328,250
"765",277,251,329,282,248,297,289,290,288,302,289,239,235,380,245,285,336,283
"766",292,253,308,287,258,320,294,269,285,274,299,239,218,409,244,286,342,271
"767",259,278,329,286,240,294,290,267,245,281,275,260,202,375,238,285,367,345
"768",261,285,335,290,259,327,295,280,248,304,286,265,199,378,246,287,343,354
"769",243,272,331,283,256,327,283,282,277,283,273,253,209,426,231,270,355,338
"770",223,275,274,258,258,273,256,217,237,265,256,231,165,382,235,250,341,339
"771",203,250,262,259,250,282,261,223,246,249,250,194,176,381,265,271,349,313
"772",256,280,320,282,265,319,285,240,263,282,285,253,184,378,230,282,383,343
"773",259,280,301,274,261,314,300,272,261,278,309,244,231,360,237,293,360,345
"774",242,283,302,271,255,324,294,286,247,291,286,252,202,393,244,286,375,328
"775",205,268,300,267,244,279,274,268,254,268,269,214,209,386,239,264,320,262
"776",224,264,278,252,260,264,252,222,243,261,253,229,167,386,238,272,346,326
"777",258,259,326,290,261,298,277,296,279,279,267,248,218,370,223,289,351,267
"778",202,280,276,280,259,320,266,266,259,264,265,208,180,391,246,281,354,293
"779",220,256,267,260,249,295,262,192,220,253,259,241,171,355,260,257,323,318
"780",205,257,305,283,266,316,267,249,239,284,271,222,183,369,241,276,346,328
"781",214,259,261,255,240,258,247,218,240,246,249,202,168,363,235,249,323,314
"782",222,245,256,263,258,289,262,250,246,259,240,235,164,415,240,256,322,258
"783",244,252,256,255,245,275,259,228,231,256,248,224,182,345,247,272,359,322
"784",249,294,304,290,258,318,276,269,244,294,287,231,206,388,223,280,373,324
"785",210,281,296,279,251,285,271,244,245,267,266,224,196,390,247,267,343,318
"786",212,267,298,257,253,275,265,206,234,261,260,224,159,400,235,251,362,310
"787",195,262,301,254,244,304,282,249,247,273,282,202,199,407,246,263,331,302
"788",228,260,268,263,244,274,269,210,235,252,263,221,168,379,260,265,343,320
"789",203,269,305,257,257,281,269,271,263,257,270,201,210,407,231,264,327,240
"790",223,267,278,255,259,256,253,215,237,260,268,237,170,357,241,270,381,330
"791",223,258,302,277,270,292,279,265,270,275,268,227,218,447,261,270,323,247
"792",217,271,308,262,250,294,275,259,244,262,274,232,184,361,243,291,356,306
"793",223,255,246,260,236,271,256,217,232,259,260,184,180,406,254,255,331,321
"794",211,269,322,272,249,287,267,253,250,246,266,226,175,363,254,270,353,317
"795",262,303,348,310,277,325,303,258,267,301,274,258,206,376,236,285,368,337
"796",213,235,271,244,243,262,255,217,246,244,243,187,161,372,242,255,326,242
"797",254,290,318,286,267,331,277,276,279,278,291,243,211,345,222,273,368,338
"798",209,286,326,275,280,323,270,267,238,272,270,222,186,424,250,267,337,317
"799",207,260,225,249,230,275,246,215,233,263,246,187,162,362,224,253,337,301
"800",216,268,280,258,254,293,249,221,239,258,260,197,156,396,231,263,348,291
"801",213,264,254,252,246,260,247,230,241,250,259,206,161,412,231,268,322,308
"802",221,247,265,262,233,272,253,237,244,271,252,239,202,425,240,236,331,251
"803",223,250,262,259,253,292,262,208,227,244,264,214,167,323,247,262,338,337
"804",202,290,304,269,268,311,267,274,230,264,267,196,195,405,244,256,341,305
"805",215,265,303,270,254,286,270,237,226,268,281,238,201,368,243,286,349,315
"806",250,258,313,280,252,303,284,278,263,280,277,266,210,389,214,292,355,262
"807",231,277,259,256,239,254,260,225,222,267,240,242,146,348,238,257,350,308
"808",231,249,285,264,239,274,263,217,243,263,260,230,169,374,246,262,343,325
"809",202,258,316,274,243,279,264,264,264,258,279,209,210,431,239,264,316,258
"810",234,248,253,248,263,289,262,228,230,265,260,201,181,414,241,260,332,293
"811",197,251,224,248,231,282,255,228,234,257,242,171,176,385,242,244,346,308
"812",251,273,339,297,247,295,292,282,278,297,286,241,213,422,235,270,346,272
"813",203,257,309,269,265,291,266,279,264,258,269,232,206,399,227,272,306,239
"814",205,283,293,280,241,294,275,253,248,280,264,203,187,430,242,269,331,300
"815",220,272,311,297,275,331,290,264,251,284,279,245,173,393,240,265,345,317
"816",266,276,323,305,236,330,282,251,276,290,279,263,218,358,240,292,356,362
"817",245,270,312,293,249,296,303,281,278,283,282,238,229,417,236,270,334,291
"818",248,260,265,257,257,263,259,201,232,279,259,228,170,365,253,248,322,319
"819",264,309,351,303,257,303,285,260,259,290,282,252,183,371,223,295,383,358
"820",238,292,305,279,248,307,275,273,263,273,265,224,191,391,218,285,349,323
"821",199,260,296,275,253,278,263,281,256,285,271,213,212,405,252,262,325,236
"822",241,253,322,273,235,297,271,285,252,284,275,240,209,401,219,289,335,271
"823",224,237,259,254,257,272,250,229,265,259,261,210,197,405,246,259,305,265
"824",216,243,277,267,248,269,262,255,251,252,234,205,161,438,241,246,315,254
"825",219,250,307,268,263,302,292,242,254,266,280,225,178,378,242,268,344,307
"826",226,262,315,268,270,319,277,266,250,276,285,225,216,378,232,283,342,331
"827",249,282,327,285,251,302,287,258,251,269,276,253,192,382,236,278,376,352
"828",214,264,304,268,243,284,268,285,239,269,273,242,194,375,249,284,353,332
"829",248,289,323,298,257,340,283,251,259,285,272,259,209,396,235,290,352,341
"830",257,277,347,296,238,299,283,307,270,289,272,217,211,438,249,274,328,276
"831",246,255,306,281,248,300,279,284,232,276,291,222,186,370,252,279,376,339
"832",232,289,329,287,253,364,280,292,233,267,287,219,202,364,228,271,366,326
"833",199,256,261,241,237,278,251,236,215,263,248,180,166,363,233,244,353,295
"834",227,262,292,275,260,281,261,226,236,269,253,205,146,400,266,258,336,318
"835",199,269,264,272,247,270,252,227,218,254,246,181,152,393,247,259,335,298
"836",216,274,318,276,268,286,280,225,234,262,272,251,185,400,260,266,334,318
"837",206,288,308,274,266,308,276,260,243,270,264,231,200,408,234,264,362,315
"838",206,269,260,257,249,279,264,246,228,263,258,186,163,370,236,256,355,304
"839",233,283,346,297,261,310,301,278,266,294,273,238,215,410,247,302,351,336
"840",219,287,323,277,250,303,262,260,254,281,278,233,179,380,247,290,343,317
"841",209,283,294,280,272,291,284,237,252,268,270,249,197,387,269,268,346,310
"842",236,250,355,287,270,306,301,261,261,292,300,222,236,434,213,282,355,272
"843",241,255,321,275,247,306,274,290,278,270,270,254,220,391,220,287,345,278
"844",217,249,270,253,226,255,250,243,248,242,255,210,157,397,238,252,311,251
"845",217,275,291,281,256,308,298,269,238,278,281,200,206,403,238,286,343,314
"846",232,294,328,280,263,324,277,292,264,302,292,250,217,385,216,279,379,325
"847",209,231,265,249,232,246,270,238,253,258,252,207,177,400,236,258,313,241
"848",226,250,284,247,241,264,252,211,245,253,252,222,176,325,244,265,335,303
"849",213,270,317,277,276,316,280,226,247,274,283,253,192,372,254,281,336,317
"850",262,269,326,283,264,298,288,266,244,287,291,245,212,352,214,280,368,333
"851",225,227,252,251,228,274,244,230,243,248,239,210,192,371,246,251,318,248
"852",220,258,313,276,249,300,281,263,252,285,280,236,211,375,242,275,335,326
"853",198,293,308,269,259,307,269,274,246,278,266,201,178,394,236,277,336,290
"854",229,245,306,285,261,285,277,273,271,277,277,214,212,414,253,277,327,252
"855",220,291,340,263,254,296,281,286,275,264,260,217,188,425,240,258,336,264
"856",234,274,272,267,232,266,264,207,227,267,278,222,185,371,241,273,350,321
"857",261,247,327,269,249,300,285,252,255,282,277,234,224,392,238,286,338,275
"858",212,252,255,243,234,273,253,209,228,251,244,182,155,352,220,244,320,299
"859",212,276,306,272,250,295,272,263,234,259,281,208,174,399,252,274,355,312
"860",233,245,340,269,254,308,288,296,302,276,276,241,196,389,234,286,349,273
"861",246,265,315,297,252,314,281,272,271,280,279,240,201,433,211,287,340,266
"862",217,248,279,266,255,252,254,230,245,264,249,243,178,429,238,259,314,247
"863",221,238,318,262,257,281,270,292,276,271,269,211,232,417,240,277,310,256
"864",204,278,349,279,262,290,285,266,248,287,291,234,228,395,251,289,336,317
"865",212,267,298,271,238,284,255,250,246,267,259,235,194,393,250,265,318,224
"866",221,269,246,247,266,268,252,215,237,263,255,186,154,406,249,272,330,319
"867",250,275,321,289,259,337,268,251,263,290,287,257,198,369,238,284,368,355
"868",229,278,280,245,258,261,261,206,264,264,244,220,175,399,223,256,349,331
"869",239,236,250,261,260,276,262,232,250,252,256,214,156,387,245,263,325,265
"870",246,282,329,284,260,329,286,249,274,291,286,232,206,395,226,294,401,330
"871",248,264,333,284,259,307,278,284,264,284,282,226,199,388,225,280,350,284
"872",241,274,338,277,244,324,290,252,243,285,270,274,189,345,258,285,368,347
"873",186,277,280,259,268,305,266,247,225,266,262,191,193,387,248,267,322,300
"874",257,251,330,273,261,314,288,269,272,302,290,267,235,410,239,276,345,289
"875",237,283,329,285,238,320,294,251,267,266,280,251,209,358,234,285,345,338
"876",209,259,311,270,254,302,265,263,261,283,281,245,187,360,270,278,347,329
"877",197,270,291,271,248,292,266,242,254,275,261,202,204,402,240,268,331,318
"878",240,252,313,284,242,308,285,279,284,272,283,241,211,395,217,279,344,282
"879",238,245,272,270,245,260,254,233,251,257,256,219,199,414,239,249,310,244
"880",228,252,282,267,255,254,272,244,248,258,253,206,186,431,235,255,318,256
"881",270,281,310,279,256,333,297,303,251,282,278,222,220,371,241,272,346,326
"882",216,259,270,257,253,268,255,225,229,256,253,192,156,395,249,257,353,290
"883",216,260,312,268,246,274,275,296,266,279,269,225,212,445,256,276,330,236
"884",213,285,290,276,250,320,276,260,250,262,275,213,198,389,249,278,338,323
"885",225,254,271,273,267,275,254,204,233,252,244,211,170,383,260,257,334,309
"886",201,278,293,267,251,293,278,298,234,268,264,210,193,391,237,253,331,290
"887",221,259,318,277,271,289,279,249,242,275,282,246,195,394,241,262,329,309
"888",252,279,350,289,259,325,291,299,270,294,279,256,215,429,212,290,359,259
"889",214,264,305,273,257,285,271,276,254,260,262,214,215,415,248,263,341,243
"890",250,268,347,291,283,314,296,268,276,290,293,252,216,366,245,289,370,341
"891",193,278,302,269,258,307,290,275,257,279,257,197,185,438,247,262,355,304
"892",217,268,270,267,245,274,248,230,238,272,249,225,170,373,232,258,350,329
"893",233,262,268,267,244,290,267,213,215,256,261,197,187,363,241,266,340,291
"894",216,246,328,276,254,292,268,293,259,276,259,216,222,424,235,273,315,242
"895",215,264,281,264,249,270,279,225,231,279,251,207,187,373,239,249,339,315
"896",262,264,328,296,242,330,283,272,244,301,285,274,180,345,233,289,379,341
"897",185,271,299,277,244,309,263,275,253,268,270,188,187,381,234,260,348,301
"898",230,235,269,243,220,246,254,240,222,252,269,201,176,381,243,244,322,238
"899",241,264,348,282,267,303,283,318,274,301,275,239,211,418,235,273,352,276
"900",218,241,256,250,236,251,246,219,239,254,247,213,152,356,227,250,326,246
"901",278,274,321,290,280,316,295,247,260,277,297,253,209,375,212,285,366,346
"902",208,279,319,300,262,310,277,238,262,275,269,196,203,399,246,266,340,297
"903",253,287,328,309,250,332,274,264,249,296,318,262,202,380,241,293,359,359
"904",207,269,301,267,275,284,253,233,230,276,276,227,171,369,240,269,335,320
"905",233,258,322,289,249,331,283,295,286,286,272,253,226,406,231,283,339,276
"906",218,244,258,254,261,275,253,229,222,256,231,177,160,383,232,252,336,297
"907",225,278,307,278,252,327,280,254,257,265,280,237,192,365,236,279,348,312
"908",243,250,277,261,263,277,272,228,243,260,255,216,175,343,249,262,360,313
"909",197,289,301,265,247,327,271,267,234,271,274,215,201,412,231,261,338,295
"910",209,238,254,256,254,289,261,202,225,252,242,192,154,363,232,249,343,297
"911",198,239,246,255,228,296,245,212,221,250,255,174,159,369,235,253,343,299
"912",227,282,329,295,269,328,295,284,265,292,282,205,206,406,214,291,376,321
"913",253,267,316,282,252,282,266,260,260,274,278,263,222,400,234,271,354,271
"914",201,263,321,263,259,284,271,281,269,272,253,227,207,420,239,262,330,271
"915",190,258,251,241,229,272,265,233,230,251,244,200,155,360,247,240,338,308
"916",210,264,315,273,261,303,277,270,263,278,270,216,207,440,249,252,332,238
"917",218,302,321,281,275,284,279,253,240,280,276,231,202,388,252,274,352,324
"918",254,265,344,284,236,330,274,296,268,291,278,268,211,417,230,298,344,284
"919",217,249,296,272,235,277,265,274,263,270,277,226,189,385,220,265,325,233
"920",185,282,286,271,246,314,256,241,250,272,272,211,178,384,243,260,332,292
"921",220,234,264,238,227,276,253,207,245,245,261,213,169,386,237,254,297,227
"922",212,234,264,250,234,245,248,225,245,229,260,209,190,385,230,246,334,261
"923",203,257,300,273,257,299,261,258,269,276,264,233,225,474,250,260,332,263
"924",242,281,308,273,255,298,281,289,277,281,265,250,221,391,223,271,350,271
"925",200,251,270,246,248,270,255,229,227,253,263,201,155,369,260,243,330,304
"926",202,263,289,263,234,295,262,223,243,253,257,205,145,401,225,260,345,301
"927",196,282,279,259,252,261,260,241,245,267,268,202,166,403,220,244,362,293
"928",235,311,315,283,269,298,277,260,242,281,270,238,190,365,238,290,358,328
"929",250,253,331,288,276,308,284,294,279,297,288,241,222,389,235,291,333,282
"930",226,264,252,250,249,263,264,232,236,256,248,194,182,389,242,264,341,311
"931",227,259,309,261,271,286,284,281,257,270,269,228,218,433,257,269,326,249
"932",214,264,253,253,247,274,264,214,229,252,271,240,160,341,234,248,343,331
"933",255,260,350,260,238,305,294,277,261,268,271,251,197,392,213,288,349,283
"934",217,263,326,281,275,324,274,259,251,272,274,236,208,404,250,282,366,325
"935",241,279,329,308,260,312,295,247,242,285,298,261,198,341,215,282,368,341
"936",239,247,346,280,251,311,287,270,269,290,275,266,214,416,240,293,350,262
"937",232,258,307,309,253,307,281,281,257,295,321,240,218,381,247,296,342,324
"938",198,247,312,267,236,295,274,262,277,286,268,217,195,432,249,271,326,231
"939",230,263,307,281,249,288,272,297,281,276,264,223,216,398,240,274,327,244
"940",221,287,293,286,247,302,278,265,237,281,268,216,195,404,227,275,338,303
"941",248,269,328,285,278,320,295,248,253,296,288,264,196,370,250,302,383,358
"942",189,252,268,256,238,294,248,240,242,262,258,197,155,348,237,254,339,292
"943",230,268,328,284,258,284,264,251,273,270,277,235,215,434,237,272,311,247
"944",194,279,280,259,254,305,270,247,243,264,268,195,179,381,247,268,350,302
"945",214,228,279,246,236,272,249,252,244,259,254,232,184,397,233,252,331,241
"946",210,249,308,265,256,307,283,282,263,280,285,245,236,428,246,270,335,245
"947",200,232,251,238,246,271,239,247,236,253,257,204,150,382,248,255,323,239
"948",262,226,257,253,237,267,266,226,257,251,255,221,187,392,253,255,324,249
"949",213,241,256,251,242,289,272,257,223,254,250,201,165,382,239,256,332,294
"950",225,240,283,258,254,262,256,242,245,256,254,245,197,416,240,250,327,248
"951",244,275,310,272,275,343,291,277,264,292,290,215,206,394,197,292,371,331
"952",227,236,269,259,230,277,254,242,246,245,262,206,173,392,217,243,328,247
"953",238,272,287,255,248,291,260,204,243,266,261,214,160,371,228,264,351,323
"954",247,251,275,253,264,278,266,212,254,270,265,211,163,381,254,265,336,304
"955",255,292,344,281,287,354,279,280,250,278,294,238,219,384,229,269,397,348
"956",219,263,299,260,282,317,279,285,252,273,269,214,206,430,219,268,321,237
"957",228,233,285,260,252,270,256,245,261,262,248,223,197,403,246,263,325,244
"958",243,284,350,291,257,331,291,275,256,302,292,254,201,366,248,304,354,336
"959",223,248,265,253,233,270,265,217,228,267,258,190,175,412,249,263,347,303
"960",229,305,306,291,247,333,277,257,264,286,289,249,212,386,256,272,354,325
"961",254,274,329,293,253,325,297,277,272,292,301,256,212,363,231,290,393,340
"962",250,269,316,292,243,311,289,282,274,301,282,290,213,379,230,280,372,337
"963",264,285,324,289,244,308,288,240,259,290,281,240,228,353,232,269,389,351
"964",220,253,266,250,226,267,249,233,256,242,258,203,170,374,230,244,295,230
"965",186,273,281,279,240,310,277,260,247,269,258,201,179,392,250,250,353,307
"966",217,245,267,259,246,269,263,229,242,251,258,179,150,361,236,268,344,295
"967",195,258,262,254,236,291,239,242,238,238,245,195,166,352,234,244,341,287
"968",256,260,312,282,278,269,286,283,302,302,279,251,212,437,214,264,340,306
"969",234,276,315,275,269,335,277,262,258,277,289,203,220,365,232,306,366,331
"970",194,273,309,275,249,311,277,275,261,280,267,231,201,433,248,265,323,227
"971",258,290,359,285,268,318,285,285,279,286,283,261,215,398,237,276,378,330
"972",221,278,335,277,254,311,283,255,243,285,262,238,198,401,242,275,363,324
"973",235,229,273,267,240,255,258,222,248,260,240,222,195,388,236,249,351,262
"974",213,262,310,288,272,314,282,288,270,266,260,216,218,433,228,280,337,236
"975",239,298,318,290,280,311,290,301,268,302,271,249,201,420,233,287,371,325
"976",187,255,245,257,234,283,269,220,230,263,250,212,160,367,239,257,342,283
"977",223,248,242,237,243,241,255,242,249,256,242,208,152,392,230,241,310,251
"978",210,265,296,279,262,292,270,258,251,272,263,229,198,433,234,261,329,248
"979",213,243,287,246,251,263,250,220,256,255,255,226,175,415,241,251,317,244
"980",207,265,300,283,242,294,268,253,237,273,294,194,191,390,230,272,354,305
"981",220,270,329,274,254,300,268,236,257,278,282,230,185,376,247,266,360,323
"982",211,269,305,261,263,304,274,223,247,275,283,248,199,363,236,263,361,316
"983",230,263,285,265,247,287,266,229,253,252,268,235,173,389,257,262,340,312
"984",240,270,278,257,244,264,258,217,262,259,248,223,154,390,243,261,352,314
"985",229,287,313,296,254,331,302,280,262,300,312,198,201,386,246,296,382,345
"986",221,234,264,248,225,261,256,271,252,254,262,231,164,412,244,251,317,253
"987",205,255,244,266,255,281,256,228,239,249,239,191,165,366,232,266,349,293
"988",202,287,331,272,263,310,273,266,252,272,276,263,204,406,247,284,339,335
"989",230,267,328,265,274,308,278,290,278,279,269,229,229,417,256,267,335,241
"990",253,284,330,270,267,319,282,271,265,281,292,233,222,385,216,287,366,324
"991",202,294,333,271,268,295,273,237,260,272,282,244,184,362,243,283,348,319
"992",196,281,319,259,254,278,280,309,248,268,255,207,179,441,251,270,335,312
"993",222,230,263,260,244,267,245,226,242,260,261,242,150,390,236,264,314,256
"994",192,241,267,250,235,262,253,226,240,255,258,221,202,378,248,244,325,241
"995",200,269,303,264,232,315,284,262,244,262,273,208,200,413,232,264,344,301
"996",264,257,328,288,255,313,281,306,276,293,294,244,234,407,227,278,350,280
"997",270,266,319,279,267,347,286,303,273,303,276,214,195,411,221,288,356,345
"998",198,273,288,279,261,336,264,270,235,272,256,197,191,380,245,258,342,311
"999",249,233,266,266,254,280,270,234,260,253,244,199,184,407,244,238,314,248
"1000",269,249,330,275,247,298,278,284,264,290,278,259,234,392,233,291,356,272
