"","v Afghanistan","v Australia","v Bangladesh","v Bermuda","v Canada","v England","v Hong Kong","v India","v Ireland","v Kenya","v Netherlands","v New Zealand","v Pakistan","v Scotland","v South Africa","v Sri Lanka","v U.A.E.","v Zimbabwe"
"1",376,261,351,295,328,315,292,276,335,1712,271,301,287,226,298,321,356,305
"2",327,275,342,294,341,263,310,263,350,331,410,326,302,330,284,250,331,384
"3",351,237,340,300,329,265,294,285,310,276,291,355,311,234,270,322,344,301
"4",350,280,352,283,328,301,281,289,350,306,277,210,290,238,292,310,360,351
"5",327,279,341,297,372,281,362,261,366,325,421,302,289,330,259,292,368,370
"6",276,256,342,331,379,285,325,315,284,332,408,313,240,311,304,327,456,367
"7",268,244,247,299,358,298,310,284,313,348,380,339,275,370,274,346,397,352
"8",255,224,267,296,358,281,314,297,370,346,423,219,246,381,312,310,357,380
"9",235,232,294,317,379,328,328,293,372,353,422,244,191,335,289,330,506,376
"10",284,230,271,320,371,328,306,290,335,341,375,319,284,360,263,308,480,348
"11",363,291,344,292,334,306,304,306,364,293,311,243,301,239,299,342,391,379
"12",280,225,282,286,326,261,288,251,352,284,329,284,192,277,283,321,353,298
"13",306,226,272,283,743,318,277,290,376,293,291,210,303,270,301,299,386,307
"14",272,266,347,323,378,316,333,310,380,360,404,254,214,318,296,346,528,398
"15",260,220,256,288,326,268,292,304,329,296,302,310,240,272,264,326,376,336
"16",275,234,292,296,325,281,294,272,372,304,321,282,188,293,284,311,382,282
"17",314,269,329,328,383,297,347,295,384,356,430,283,270,348,306,339,342,339
"18",312,249,331,300,362,273,308,302,333,302,298,280,258,232,311,380,365,313
"19",298,277,332,318,344,284,318,316,348,315,353,284,243,249,317,361,372,321
"20",321,274,312,308,341,304,301,295,329,304,308,361,240,235,286,348,361,293
"21",341,268,317,309,1258,313,311,265,369,343,394,295,345,323,2082,356,400,396
"22",357,278,347,287,346,344,301,303,388,299,405,245,296,254,322,309,426,362
"23",287,274,270,325,379,291,323,318,388,366,414,298,267,384,304,345,372,357
"24",254,282,284,319,388,287,328,321,343,355,443,293,247,322,299,320,471,347
"25",242,242,255,304,368,252,313,267,366,334,419,280,211,364,277,343,399,351
"26",303,261,265,278,332,338,275,289,411,286,314,220,297,274,302,326,404,329
"27",342,240,331,318,349,290,283,274,354,343,383,235,319,316,260,290,373,405
"28",256,237,251,291,327,322,297,276,363,296,298,271,241,294,285,339,372,306
"29",273,230,346,316,373,278,327,280,293,334,384,299,227,264,292,318,448,382
"30",234,216,287,315,375,298,326,303,379,342,413,225,231,327,305,276,460,343
"31",284,237,331,332,359,257,337,259,377,346,431,308,204,310,296,294,351,363
"32",320,267,327,317,347,298,318,307,391,307,334,267,228,256,306,339,370,325
"33",223,241,268,336,378,318,323,328,373,348,438,243,201,360,309,333,496,351
"34",292,274,368,307,348,265,307,308,330,300,336,299,204,266,287,324,368,323
"35",322,267,301,325,379,288,311,271,334,324,374,333,304,336,254,292,374,396
"36",283,278,340,333,396,309,346,303,329,354,414,310,231,334,307,372,469,374
"37",329,308,345,308,378,282,317,292,378,330,420,224,335,359,309,284,352,387
"38",282,249,353,337,380,278,349,286,342,356,429,285,183,331,301,314,489,349
"39",309,223,354,294,344,277,286,274,328,300,293,300,201,231,276,331,338,330
"40",320,250,309,307,348,314,309,298,364,302,304,226,212,244,272,320,388,364
"41",269,250,254,319,380,253,316,318,375,334,438,295,279,403,303,354,371,341
"42",278,243,254,306,383,307,318,272,351,347,443,286,272,342,283,321,451,353
"43",276,262,301,312,464,329,314,323,352,342,383,256,320,320,294,358,474,379
"44",300,263,319,302,318,272,328,255,361,327,341,228,198,250,297,336,402,347
"45",342,285,336,309,364,319,320,309,345,341,401,389,322,290,278,331,471,358
"46",322,248,320,290,340,296,302,280,337,312,283,260,263,234,305,355,349,349
"47",250,281,267,327,358,311,326,292,400,341,405,283,259,361,310,327,340,364
"48",319,245,265,285,333,306,296,303,354,278,282,369,305,301,266,308,335,275
"49",228,222,270,318,357,327,338,291,335,333,417,221,218,310,297,317,494,378
"50",361,233,344,290,339,297,305,296,369,294,343,218,301,254,296,298,358,342
"51",315,269,315,314,360,318,306,308,326,312,283,297,248,236,297,365,389,343
"52",274,276,346,331,392,309,341,296,323,358,420,271,237,301,286,362,481,376
"53",298,296,333,317,364,219,334,250,356,345,417,304,219,320,283,324,375,369
"54",315,207,275,293,332,299,283,310,345,296,269,256,350,293,278,357,368,300
"55",254,236,235,309,367,303,325,263,344,344,388,347,222,377,257,348,410,370
"56",262,242,259,306,369,260,320,257,366,345,386,278,262,367,308,322,357,337
"57",298,210,265,292,355,304,296,279,336,324,363,316,321,373,279,283,346,356
"58",311,249,238,312,367,296,320,303,345,339,391,374,333,376,280,358,336,337
"59",302,297,326,295,337,266,305,272,339,324,317,314,204,267,311,322,392,336
"60",317,232,269,302,350,317,285,294,382,287,287,292,304,295,268,343,385,308
"61",231,237,249,309,369,295,311,288,353,345,386,328,252,371,262,337,425,364
"62",303,271,246,305,362,321,313,294,371,339,366,300,319,362,262,310,398,378
"63",264,218,250,314,380,256,322,291,352,337,401,298,260,366,291,355,351,366
"64",274,256,326,330,382,325,328,297,321,344,392,337,212,314,285,352,498,385
"65",285,213,262,310,352,326,295,296,350,342,383,277,308,350,268,324,442,365
"66",316,210,282,294,372,303,322,325,377,333,397,272,326,357,556,313,425,326
"67",330,282,383,342,366,306,321,365,395,348,423,229,304,259,322,291,487,369
"68",293,249,317,330,380,284,322,289,346,359,398,288,264,354,288,332,389,376
"69",297,309,266,301,357,265,297,288,358,347,418,274,331,353,292,328,343,308
"70",314,277,341,315,369,288,322,280,336,335,406,288,284,328,293,349,338,395
"71",356,233,328,282,315,331,287,251,352,291,289,310,281,230,274,307,364,342
"72",300,242,262,319,688,286,296,293,389,334,387,290,341,386,265,320,336,341
"73",314,267,354,288,342,314,314,280,375,295,313,212,225,257,302,296,353,373
"74",318,235,355,308,319,302,288,310,359,295,340,213,213,238,302,334,348,336
"75",297,197,261,283,339,327,280,291,343,280,273,217,292,234,290,297,387,351
"76",276,250,287,299,366,307,314,288,356,583,410,300,282,356,275,293,458,330
"77",259,256,281,294,335,261,298,273,397,291,317,218,218,265,303,313,369,325
"78",278,256,347,335,387,327,329,307,314,352,381,319,212,283,285,357,467,370
"79",302,272,334,318,354,320,317,297,394,306,325,240,214,262,297,321,401,350
"80",295,271,317,307,369,248,340,267,316,348,424,363,254,338,261,360,363,354
"81",224,237,271,320,374,319,320,296,390,335,420,231,195,343,314,339,514,361
"82",265,217,239,315,380,305,311,270,363,345,369,313,276,374,272,339,371,385
"83",318,251,241,294,329,308,285,300,377,291,268,286,325,278,275,315,376,310
"84",299,254,323,310,394,292,327,314,344,342,417,291,263,330,322,351,327,381
"85",326,298,368,301,359,268,314,327,372,305,350,291,238,232,293,353,364,332
"86",307,219,283,326,366,297,307,301,318,826,398,400,305,319,274,297,441,315
"87",298,208,272,297,352,290,302,279,317,320,381,303,299,330,268,309,451,344
"88",286,247,276,311,359,349,300,283,403,355,417,250,332,367,283,307,374,389
"89",292,255,247,310,358,285,310,275,347,354,359,320,307,357,256,314,398,405
"90",313,257,335,308,324,287,300,270,336,296,306,336,194,246,279,331,389,344
"91",330,265,342,310,382,297,319,307,375,329,438,240,341,294,308,276,364,389
"92",268,196,274,290,332,283,313,318,354,296,272,275,259,269,314,357,345,310
"93",345,244,341,319,364,288,317,322,332,357,1784,304,366,316,300,338,325,361
"94",238,210,269,313,350,321,319,298,314,333,374,321,212,352,291,326,458,330
"95",287,265,330,313,377,317,330,325,320,334,388,371,202,295,291,331,458,365
"96",332,237,330,322,382,347,309,301,354,329,366,251,300,296,303,299,487,420
"97",239,209,241,308,362,301,319,277,342,344,397,323,220,350,259,343,401,376
"98",348,272,316,317,365,298,336,281,343,352,403,291,319,299,311,322,451,386
"99",322,273,263,306,317,293,289,302,382,303,310,250,332,267,320,322,326,282
"100",310,263,233,319,387,326,311,273,344,354,374,332,339,384,273,357,379,363
"101",302,240,243,377,354,317,297,290,349,319,348,335,315,382,267,308,398,348
"102",339,283,375,313,360,273,321,314,366,343,407,205,312,310,332,298,350,386
"103",294,239,272,323,363,308,311,335,330,341,396,289,342,298,289,334,434,330
"104",334,257,360,313,367,265,332,292,320,355,412,294,281,316,274,275,459,364
"105",349,252,344,296,306,335,294,323,360,303,279,235,307,213,284,331,381,366
"106",245,174,275,322,366,282,307,287,308,342,395,289,197,328,298,360,454,371
"107",273,257,288,320,335,360,320,301,409,350,418,211,291,364,269,313,490,356
"108",333,233,270,285,321,305,291,345,359,289,288,286,359,288,304,353,327,303
"109",284,251,267,295,380,342,320,310,337,346,385,368,315,364,302,315,442,319
"110",306,278,353,300,334,266,291,305,334,313,328,292,208,262,283,335,390,338
"111",323,278,360,312,331,241,309,318,347,298,340,291,196,253,328,327,360,340
"112",308,220,265,281,314,329,294,328,343,2375,270,218,300,284,289,301,378,330
"113",298,216,273,281,303,312,278,296,337,282,251,296,313,266,271,296,355,309
"114",234,227,257,308,364,318,314,311,335,336,392,342,194,359,279,368,517,355
"115",338,249,327,318,371,299,302,293,340,349,409,299,317,330,298,309,345,366
"116",260,251,253,308,353,311,306,324,370,299,340,218,238,291,294,320,407,322
"117",276,210,262,299,321,273,289,269,329,293,289,359,236,294,278,336,376,284
"118",237,216,266,320,377,284,326,289,344,367,400,297,205,343,298,330,480,332
"119",261,253,284,285,329,282,299,283,355,304,321,293,216,288,294,345,387,287
"120",348,255,327,290,323,311,298,267,348,277,290,303,284,242,276,304,392,355
"121",283,252,288,313,366,322,314,300,390,338,404,234,329,348,286,290,483,358
"122",250,265,239,323,367,310,322,336,396,369,394,293,266,382,301,364,363,337
"123",311,201,241,284,308,303,652,291,321,268,270,285,314,286,288,303,353,313
"124",299,248,267,327,383,343,318,323,387,330,396,292,339,359,300,361,455,341
"125",269,252,333,325,391,344,339,301,329,360,406,338,200,306,274,365,515,396
"126",320,273,342,323,388,318,323,340,340,344,401,309,327,313,278,334,476,384
"127",249,244,240,320,365,288,312,299,356,332,401,247,228,351,256,334,392,383
"128",310,230,271,311,341,296,287,280,373,331,370,256,356,346,294,336,333,369
"129",244,250,267,339,347,316,326,347,371,340,436,295,267,360,291,347,446,349
"130",297,244,304,319,376,262,322,253,290,343,386,367,246,303,285,353,346,362
"131",331,263,346,330,389,333,329,313,302,340,408,381,345,315,281,354,454,335
"132",367,264,356,309,333,301,296,295,335,276,298,261,329,226,284,318,327,342
"133",263,206,278,303,335,293,297,282,389,281,300,212,209,297,301,320,387,339
"134",340,280,339,313,369,253,311,286,337,324,408,318,306,344,281,311,367,351
"135",326,300,341,296,367,293,321,319,380,344,426,228,325,317,311,319,376,407
"136",318,223,268,299,371,294,297,321,353,328,359,288,391,358,275,361,348,354
"137",244,242,260,325,361,269,311,272,367,355,422,286,218,367,270,330,379,364
"138",303,266,320,305,327,290,290,270,303,296,313,314,208,231,287,339,395,339
"139",341,258,345,321,369,305,304,330,367,345,404,283,327,304,301,322,464,344
"140",327,242,322,324,355,320,335,335,333,339,387,270,344,280,306,344,461,354
"141",290,262,346,322,387,317,327,310,325,364,389,395,241,315,281,380,443,318
"142",286,247,338,326,365,280,329,249,295,333,385,312,240,314,277,325,346,373
"143",326,261,321,302,348,316,303,284,357,310,301,281,230,250,289,358,369,330
"144",327,235,295,274,318,327,281,297,389,287,323,221,319,280,312,286,347,314
"145",258,234,245,341,382,286,307,289,320,341,394,408,251,371,268,354,360,340
"146",358,255,339,294,333,293,290,282,323,289,287,372,306,266,260,305,326,302
"147",287,279,359,322,364,265,319,277,374,342,426,235,269,325,299,329,352,375
"148",335,267,319,313,383,325,298,264,345,338,411,242,346,304,308,291,383,418
"149",311,232,239,312,353,299,297,242,363,319,361,310,286,384,253,297,385,392
"150",302,260,290,320,384,322,321,323,376,339,394,267,374,326,310,326,333,336
"151",285,204,240,303,378,337,312,297,342,325,368,369,311,318,271,339,455,297
"152",287,231,273,300,374,263,310,285,403,326,394,306,290,335,260,287,364,331
"153",264,249,255,297,328,277,306,312,359,296,305,298,245,286,289,354,382,311
"154",268,225,274,307,363,305,310,288,358,328,386,251,337,368,256,303,366,396
"155",352,251,315,285,326,303,301,272,321,276,282,299,274,249,269,298,402,353
"156",232,229,253,307,362,262,321,246,343,321,404,329,223,361,267,305,388,363
"157",298,242,273,319,369,338,313,290,337,328,395,280,314,329,294,338,420,307
"158",365,272,311,296,315,302,301,298,358,289,293,289,307,231,289,324,376,348
"159",263,225,274,298,330,292,300,293,352,297,275,235,240,264,277,325,403,339
"160",274,230,253,297,338,289,293,295,327,308,299,253,255,272,290,362,347,307
"161",285,203,280,269,294,303,271,276,330,281,258,271,298,278,281,291,358,290
"162",337,325,345,306,373,249,318,317,362,337,412,203,332,337,293,342,364,416
"163",306,200,269,283,345,291,272,275,331,281,267,292,295,268,414,309,361,319
"164",365,282,333,295,325,279,297,292,367,302,337,271,300,251,299,296,349,310
"165",338,284,346,649,376,305,325,320,372,350,419,289,300,308,311,290,367,366
"166",303,251,272,289,355,289,315,289,385,349,406,277,335,388,276,329,349,329
"167",282,223,268,315,442,315,314,337,303,323,365,317,289,313,274,301,445,341
"168",260,224,256,288,338,281,296,312,352,298,330,300,219,284,294,336,389,307
"169",344,263,296,303,359,310,303,259,312,321,376,348,316,330,264,327,377,343
"170",311,266,334,302,370,267,311,282,354,323,494,301,287,323,296,313,477,331
"171",273,216,276,295,334,284,314,298,331,290,276,302,214,262,286,332,354,328
"172",287,274,249,302,369,301,304,313,357,334,385,233,331,342,688,293,380,382
"173",276,215,237,290,337,276,294,264,312,306,296,345,239,278,275,357,349,293
"174",303,226,302,294,366,334,306,336,333,341,377,299,361,313,304,360,445,352
"175",237,218,262,309,360,276,316,265,329,345,365,331,245,362,274,335,383,356
"176",311,220,270,272,321,332,286,304,368,288,286,229,294,284,295,306,390,351
"177",327,299,384,325,379,279,321,262,360,333,405,308,304,333,276,311,424,385
"178",253,237,263,297,339,285,308,305,350,292,286,225,236,274,279,332,390,323
"179",277,221,323,330,378,290,330,283,291,354,419,384,235,302,293,350,434,371
"180",283,254,286,309,389,337,319,332,396,334,405,277,328,348,326,334,441,338
"181",293,282,333,319,381,280,330,256,302,361,390,382,248,323,276,351,331,356
"182",338,238,322,280,332,270,289,280,337,294,274,344,312,266,292,335,353,305
"183",321,257,234,283,327,323,305,276,367,284,279,312,282,270,242,291,394,319
"184",328,290,336,313,388,300,316,284,398,337,435,242,307,322,293,277,339,388
"185",278,242,263,315,365,349,305,306,366,348,396,306,340,315,291,345,484,349
"186",324,309,336,322,372,308,387,331,363,353,425,296,338,288,305,319,460,334
"187",351,271,332,314,373,268,307,286,391,328,445,278,352,350,287,314,374,372
"188",313,220,283,314,382,345,301,327,339,342,380,274,356,342,304,330,432,359
"189",265,226,268,292,339,282,290,294,395,308,319,216,221,288,314,317,370,324
"190",242,200,255,309,370,286,321,288,308,339,394,371,428,340,307,344,442,321
"191",299,247,356,329,363,259,332,291,368,351,430,233,254,350,335,302,348,396
"192",319,274,333,314,340,316,296,303,314,295,306,283,256,238,299,371,339,324
"193",311,250,251,296,342,278,287,283,346,304,406,297,295,320,265,296,389,318
"194",238,218,273,323,376,355,314,334,346,343,406,237,242,334,271,345,492,373
"195",248,236,231,305,375,251,322,277,351,354,379,258,272,341,283,317,400,385
"196",245,229,260,319,374,312,332,345,348,361,399,292,256,320,316,376,429,352
"197",311,246,363,320,370,320,315,293,354,331,426,222,287,332,300,287,459,392
"198",295,233,288,306,367,321,310,279,392,335,407,233,301,364,269,298,391,377
"199",301,238,338,309,339,294,301,298,323,291,292,234,228,243,297,325,397,379
"200",225,242,273,314,388,357,305,263,364,339,433,229,201,371,288,308,504,380
"201",303,238,344,291,312,323,285,259,322,289,279,302,199,237,280,308,349,347
"202",334,301,321,324,384,298,329,272,386,503,445,239,312,317,289,307,379,396
"203",270,247,348,321,371,294,314,274,297,330,394,333,218,287,292,339,456,357
"204",281,259,317,324,377,307,341,334,316,352,377,303,266,295,319,384,462,391
"205",320,272,342,341,362,297,310,258,332,352,387,333,294,321,274,333,398,382
"206",333,265,300,295,371,338,328,273,331,328,385,325,300,355,266,299,368,399
"207",319,209,336,309,353,325,310,283,311,347,393,300,303,293,263,306,454,418
"208",300,286,317,335,370,271,335,288,363,356,422,286,273,333,290,366,352,361
"209",267,259,359,343,388,342,321,306,329,347,411,252,211,279,277,340,478,397
"210",351,265,336,299,324,286,306,330,383,297,328,249,324,249,302,325,334,317
"211",325,294,347,306,359,283,308,280,378,326,413,229,320,335,296,283,348,389
"212",241,207,235,291,336,310,297,247,334,297,294,300,185,286,289,301,402,336
"213",288,281,315,299,369,291,319,243,363,341,374,337,205,328,271,309,434,394
"214",234,240,273,326,367,299,302,300,311,356,391,350,236,320,282,361,461,321
"215",313,260,363,327,386,321,320,310,359,325,430,298,454,319,790,300,463,341
"216",334,272,365,310,389,302,320,312,328,347,394,286,338,261,301,314,456,328
"217",237,248,287,310,371,305,310,283,314,337,424,297,190,339,275,330,468,351
"218",328,281,350,333,385,330,354,351,383,353,441,294,344,296,383,342,455,335
"219",326,272,334,301,349,287,314,311,387,307,319,267,246,252,325,344,373,322
"220",272,236,355,341,388,272,320,282,349,358,422,319,201,321,309,329,461,355
"221",305,238,314,318,374,295,308,280,303,332,378,287,266,333,303,344,335,367
"222",303,284,335,319,377,257,319,245,323,343,391,375,245,318,279,365,364,338
"223",236,256,310,316,363,307,317,306,365,323,417,223,224,345,308,344,453,346
"224",284,230,336,322,382,306,337,301,305,348,399,279,250,303,306,393,420,351
"225",308,272,312,314,368,289,300,262,318,320,385,318,318,365,252,306,400,388
"226",341,280,365,327,377,289,1445,292,371,334,413,186,323,309,297,282,345,409
"227",330,278,389,314,369,316,340,346,347,327,430,247,306,281,294,313,457,368
"228",285,244,326,309,366,304,351,244,357,333,375,255,226,301,298,330,353,438
"229",293,210,265,292,345,306,297,238,329,316,350,306,329,333,267,284,324,368
"230",306,189,301,278,312,307,270,278,344,276,274,280,278,279,285,287,351,294
"231",354,250,349,309,347,286,314,263,345,291,318,276,264,241,287,287,340,318
"232",281,191,255,300,347,332,315,297,360,326,398,327,280,323,268,286,513,355
"233",321,263,312,308,354,274,310,307,342,313,317,277,246,252,306,345,386,318
"234",285,244,262,296,359,325,305,306,403,337,417,214,334,366,275,297,371,358
"235",270,236,304,324,372,280,311,242,356,330,373,329,233,330,291,324,343,427
"236",332,247,336,307,343,263,324,325,334,310,280,293,274,243,307,359,338,326
"237",274,204,256,315,371,296,323,294,361,327,383,290,285,373,299,351,326,347
"238",321,233,310,313,352,281,297,281,342,309,306,385,413,250,295,370,347,306
"239",231,219,260,323,371,332,315,290,345,341,391,285,244,338,283,358,484,351
"240",335,259,339,314,366,329,328,316,326,340,389,271,328,286,310,344,451,368
"241",336,282,299,414,380,321,333,300,346,346,404,307,339,341,282,340,366,388
"242",291,243,342,311,348,295,307,290,370,293,337,215,212,263,293,326,390,349
"243",295,261,338,292,376,241,315,289,309,335,389,301,262,305,292,329,317,363
"244",291,222,258,306,340,343,310,270,315,331,385,355,305,331,280,327,483,335
"245",335,266,325,298,347,340,291,296,373,283,294,236,315,236,284,312,412,354
"246",272,266,261,313,390,268,313,295,390,342,429,263,265,378,289,346,363,330
"247",380,294,338,300,332,289,316,315,369,308,322,274,313,235,307,318,344,316
"248",365,239,330,294,335,288,298,297,349,298,288,253,345,236,293,309,349,321
"249",304,248,246,316,373,306,302,301,359,336,371,307,354,383,275,335,376,399
"250",242,219,275,329,364,316,320,279,372,344,436,229,215,358,300,328,504,360
"251",261,231,241,330,385,299,323,315,368,335,382,313,291,362,288,345,373,362
"252",291,238,323,329,377,236,306,271,313,332,418,314,227,316,266,357,341,382
"253",315,242,333,301,379,342,334,296,307,350,398,267,313,306,282,317,481,403
"254",328,250,260,283,329,297,306,316,398,297,294,283,329,278,281,347,398,312
"255",356,265,344,309,361,314,308,286,352,356,380,296,345,329,304,305,315,375
"256",300,277,309,339,384,279,323,300,332,350,414,301,283,325,271,384,358,411
"257",343,242,352,297,358,259,307,246,331,335,378,284,325,304,1258,284,350,391
"258",315,252,371,305,360,262,303,330,360,303,358,220,231,242,321,316,347,349
"259",299,256,281,293,365,281,299,285,328,307,370,346,368,379,266,305,342,320
"260",331,246,353,320,373,317,320,320,313,342,387,272,353,309,303,326,450,372
"261",282,250,328,325,374,304,327,292,324,349,385,237,262,301,300,355,379,409
"262",280,219,282,291,335,324,270,318,324,297,288,304,220,284,286,337,379,300
"263",247,246,235,296,339,318,301,267,336,299,300,323,199,307,279,346,405,342
"264",321,207,266,285,305,296,287,292,362,286,268,341,328,292,286,340,336,278
"265",218,240,284,343,372,339,317,279,389,327,429,240,204,364,299,314,474,357
"266",297,278,350,351,381,318,366,339,362,344,444,260,259,318,299,369,476,379
"267",341,263,353,309,363,277,306,275,310,338,382,311,315,303,265,295,362,402
"268",337,278,343,323,364,315,319,347,362,351,427,292,328,299,317,366,456,349
"269",293,265,298,350,378,277,317,265,341,349,402,296,265,329,267,360,391,385
"270",289,226,271,307,337,308,295,274,327,319,368,303,338,351,274,315,360,383
"271",260,223,254,302,371,265,324,267,350,331,373,293,249,380,283,329,333,344
"272",370,243,312,292,328,319,293,301,368,306,284,280,305,237,301,313,350,344
"273",337,246,241,291,339,299,281,319,388,298,330,263,331,300,297,322,355,311
"274",292,229,275,302,349,285,299,269,386,303,436,288,300,347,266,281,322,340
"275",281,244,281,304,355,355,330,315,321,341,372,328,305,331,3195,320,470,366
"276",298,220,299,316,368,341,312,320,383,337,393,211,307,339,316,284,463,349
"277",275,266,322,321,385,330,334,298,315,348,389,245,228,271,299,346,479,377
"278",280,246,265,301,350,277,289,314,367,304,330,253,239,291,302,365,359,288
"279",259,245,233,304,381,317,314,287,376,342,401,257,255,342,271,365,395,388
"280",271,239,319,325,373,292,341,309,333,354,407,296,226,320,273,332,468,369
"281",258,237,252,334,373,275,318,335,326,340,390,294,288,341,315,363,464,332
"282",305,262,302,329,375,286,333,292,353,357,388,288,285,328,300,375,387,386
"283",273,214,285,305,370,321,315,316,342,338,374,229,312,347,291,294,502,399
"284",274,243,336,342,378,337,337,304,325,350,426,250,226,300,285,335,470,402
"285",317,282,327,321,390,319,328,308,368,343,422,240,278,307,284,298,472,365
"286",261,257,273,314,375,265,327,294,381,349,424,279,264,384,304,318,340,332
"287",324,280,320,343,398,369,1434,309,360,344,383,281,324,315,280,343,468,381
"288",278,244,339,328,370,285,314,263,310,363,445,308,194,331,288,309,496,362
"289",288,273,345,332,378,309,320,268,352,346,386,257,247,310,292,343,362,415
"290",332,225,263,284,326,275,276,283,316,278,284,333,307,294,264,315,347,291
"291",261,264,374,318,375,286,328,313,293,328,400,324,231,294,291,378,454,382
"292",297,280,362,323,376,283,313,294,403,354,410,226,237,307,313,339,372,371
"293",287,236,284,312,363,361,351,334,336,346,386,285,327,338,304,359,459,329
"294",322,232,270,292,332,307,289,254,338,329,355,310,300,380,880,295,404,352
"295",207,228,263,312,377,333,328,280,322,338,401,322,216,328,269,343,492,350
"296",258,236,290,1375,373,327,300,311,390,344,402,220,302,354,302,323,499,368
"297",262,250,324,324,359,330,328,288,295,359,393,324,195,309,299,313,518,386
"298",254,214,255,323,355,300,315,283,359,339,365,280,287,352,291,353,349,383
"299",248,259,270,330,372,320,331,353,341,348,399,278,281,325,297,367,433,332
"300",274,254,317,326,379,289,326,276,290,337,402,314,192,292,299,360,500,354
"301",242,252,265,319,394,321,313,341,380,353,427,260,222,342,305,318,485,358
"302",255,258,229,309,378,324,308,277,333,334,393,287,261,356,302,368,384,354
"303",351,265,316,307,337,314,307,320,375,308,319,309,319,240,294,354,367,343
"304",255,236,353,322,383,343,339,314,320,355,408,239,219,256,286,339,481,407
"305",309,252,272,281,326,320,293,307,394,288,308,219,298,291,288,306,401,309
"306",307,293,306,295,333,272,303,281,333,292,310,275,238,228,306,372,326,324
"307",278,270,333,327,381,307,332,288,333,364,385,354,207,331,328,348,522,389
"308",296,244,341,307,378,304,325,293,376,356,426,286,268,316,314,347,451,347
"309",333,290,316,323,378,306,308,305,401,344,414,216,303,347,282,311,407,415
"310",344,300,340,316,368,294,323,266,390,1543,421,243,311,341,280,320,381,402
"311",276,233,265,290,353,302,299,289,326,333,388,306,293,332,271,335,421,334
"312",342,281,361,303,369,304,318,279,375,345,403,215,295,301,292,281,344,395
"313",311,266,377,330,386,328,314,316,337,355,418,330,272,324,288,287,449,345
"314",272,218,246,295,332,340,292,281,344,288,268,215,223,273,301,344,401,337
"315",283,223,251,312,370,374,322,300,372,339,411,310,327,363,268,332,457,366
"316",325,250,357,305,391,306,323,291,294,337,420,386,307,303,287,359,436,344
"317",276,241,261,283,335,271,310,302,391,309,353,272,244,286,309,365,341,301
"318",313,250,275,291,329,286,281,301,392,264,382,214,311,297,312,311,344,302
"319",277,246,262,304,332,315,286,322,349,300,303,296,251,285,297,377,387,336
"320",347,274,333,310,338,341,313,291,373,306,302,275,316,256,283,311,343,353
"321",265,270,359,328,387,323,364,327,378,357,454,253,217,298,305,351,466,430
"322",289,238,338,317,394,326,337,335,322,349,405,308,260,298,296,401,465,368
"323",327,260,316,310,357,314,312,253,341,329,390,301,301,343,271,300,381,372
"324",251,216,258,328,384,274,315,256,374,337,412,309,217,361,301,316,503,343
"325",274,221,229,294,335,300,294,308,322,296,286,354,229,313,278,366,365,294
"326",265,277,304,327,390,341,339,303,369,365,449,226,201,317,311,327,528,413
"327",321,263,291,289,321,319,285,331,373,903,318,197,309,251,288,295,359,329
"328",275,229,255,287,354,317,309,254,347,324,384,313,345,369,258,282,396,389
"329",300,279,325,322,353,297,309,261,332,339,384,323,312,363,258,274,364,371
"330",258,238,275,323,375,254,315,301,388,327,441,228,254,351,317,343,342,385
"331",322,278,364,314,390,276,317,307,319,345,391,285,299,299,273,379,333,377
"332",319,262,354,311,346,278,307,275,360,305,339,254,242,264,302,331,360,309
"333",307,239,256,281,328,323,286,285,368,281,280,294,314,285,281,308,390,320
"334",364,251,339,296,346,296,295,301,356,292,302,255,311,237,301,311,327,323
"335",275,272,356,334,378,284,323,312,340,355,416,298,207,301,281,369,466,362
"336",279,298,328,318,377,308,325,287,374,362,432,234,217,348,306,324,368,402
"337",251,242,268,315,362,260,325,302,370,343,421,281,264,355,309,375,341,327
"338",339,227,340,322,374,346,321,329,311,346,409,306,313,302,301,292,476,372
"339",249,200,269,314,363,299,308,279,308,338,377,304,646,320,298,336,447,352
"340",304,228,328,302,338,292,309,283,321,302,293,316,205,215,284,342,345,345
"341",286,255,337,307,345,290,307,299,323,298,307,233,238,224,311,337,389,375
"342",312,222,294,294,323,306,271,296,341,266,286,299,296,263,266,312,376,307
"343",277,242,271,374,352,327,322,322,298,341,376,368,307,349,264,334,421,310
"344",328,252,336,320,380,332,310,334,333,351,375,291,324,309,293,340,435,360
"345",296,273,288,310,378,294,1117,331,360,344,442,285,320,337,278,337,469,327
"346",227,287,266,324,387,323,324,321,377,366,428,265,221,349,296,318,509,358
"347",233,233,283,302,369,314,322,275,368,327,394,217,254,341,286,331,376,389
"348",333,254,326,306,380,309,311,300,291,354,382,373,307,342,294,329,420,371
"349",223,199,263,297,376,339,315,301,344,338,382,221,252,354,305,334,473,356
"350",238,264,244,326,365,284,323,272,397,356,423,236,244,392,278,335,434,358
"351",300,235,295,309,376,343,319,334,374,346,403,289,330,372,290,324,446,342
"352",317,240,238,290,336,338,272,285,339,298,278,284,316,300,275,303,386,309
"353",315,283,347,352,386,362,340,325,349,353,438,282,337,294,308,331,429,337
"354",237,183,262,323,366,336,298,268,300,333,367,299,208,309,311,330,453,376
"355",248,208,267,312,380,283,327,305,350,340,449,291,211,379,319,285,485,362
"356",345,259,336,300,328,287,287,278,324,282,288,318,260,261,283,290,369,337
"357",324,237,310,298,345,323,296,331,402,296,320,201,309,287,284,319,356,355
"358",290,233,261,287,329,324,290,285,339,288,282,297,217,278,292,351,382,307
"359",315,241,263,318,361,269,296,272,393,332,416,283,356,409,296,295,375,326
"360",285,229,285,305,362,316,314,299,359,324,401,209,278,317,302,328,450,357
"361",295,230,326,317,390,284,324,262,324,344,387,301,246,308,293,323,359,387
"362",228,226,255,313,362,324,313,278,327,345,375,324,213,336,269,329,533,371
"363",373,276,318,328,358,271,337,303,350,345,378,371,325,312,286,308,336,346
"364",348,237,326,304,366,321,314,271,376,350,379,280,347,313,284,341,333,354
"365",262,238,257,319,358,379,295,289,323,336,384,335,309,328,275,317,521,369
"366",284,243,290,302,355,325,321,300,370,329,426,220,298,350,306,322,459,366
"367",305,229,321,291,336,286,304,262,290,292,276,358,223,256,295,346,357,310
"368",305,240,339,309,346,279,305,284,318,294,280,288,209,250,299,327,373,337
"369",317,220,250,318,371,325,313,284,359,319,375,224,332,371,300,306,388,392
"370",316,259,238,304,351,309,299,305,375,319,377,297,348,376,260,328,372,366
"371",270,249,339,321,375,278,322,284,350,335,409,217,224,315,308,322,483,380
"372",250,215,276,293,371,282,300,268,323,327,374,336,212,363,293,339,350,357
"373",252,233,274,308,330,259,300,291,314,299,294,293,218,252,297,350,353,324
"374",357,284,300,303,343,339,315,317,389,306,299,273,348,254,283,344,388,331
"375",306,231,286,290,308,300,281,293,325,284,272,299,307,280,289,304,355,306
"376",259,227,239,291,330,315,302,284,330,306,287,314,915,288,262,320,411,329
"377",363,279,358,290,318,312,297,318,361,297,312,268,294,241,306,350,338,334
"378",295,251,264,308,361,274,321,294,325,330,377,359,324,378,265,323,357,319
"379",287,229,309,338,393,318,324,350,382,334,424,216,336,349,306,336,460,368
"380",307,224,271,308,375,309,309,341,340,347,374,291,351,328,268,348,423,324
"381",332,268,312,321,363,271,311,293,327,363,411,377,339,349,279,343,382,348
"382",286,285,319,345,392,347,339,312,325,364,381,313,247,311,303,381,502,394
"383",325,257,334,312,336,275,303,291,312,307,290,365,221,254,287,349,338,317
"384",374,249,320,286,326,267,294,282,328,297,304,387,309,241,284,321,341,292
"385",297,243,261,284,355,304,371,264,351,316,379,306,286,382,261,306,397,363
"386",317,256,354,308,349,258,303,287,362,296,326,247,236,280,286,352,370,328
"387",311,248,332,299,341,339,293,308,335,312,284,209,226,227,296,339,387,351
"388",231,236,248,318,383,353,329,297,361,336,399,304,250,347,294,363,485,348
"389",268,253,322,307,364,286,330,273,322,345,404,327,207,353,260,327,397,409
"390",301,247,325,328,351,318,316,280,346,340,362,225,307,319,295,289,478,371
"391",307,267,362,328,388,356,306,289,337,331,387,229,305,296,282,302,495,395
"392",221,247,300,319,370,281,330,299,327,347,405,296,203,333,296,344,481,345
"393",260,223,247,332,362,262,307,261,371,334,415,216,226,396,299,321,356,363
"394",356,299,312,310,354,290,309,309,350,300,291,321,329,261,273,338,371,338
"395",309,201,247,282,323,319,274,296,367,275,275,224,313,264,268,281,360,332
"396",243,217,272,334,380,321,329,325,348,356,381,305,244,334,291,340,481,377
"397",280,225,388,339,373,313,327,285,352,334,445,298,236,319,286,323,467,349
"398",318,228,262,305,322,268,274,305,406,302,322,269,311,293,290,291,340,291
"399",352,262,362,550,340,296,293,312,407,293,349,211,289,238,310,287,375,361
"400",265,293,360,335,375,338,327,309,344,346,426,251,233,338,293,320,484,369
"401",349,289,367,288,338,305,295,290,395,288,321,213,283,239,292,294,389,347
"402",276,214,290,326,360,290,299,312,387,314,321,277,254,321,297,311,370,298
"403",303,254,260,301,371,299,321,322,351,348,384,287,366,333,302,338,339,374
"404",332,236,365,330,365,351,476,330,383,362,434,298,341,315,283,330,421,342
"405",312,241,330,293,332,266,292,255,306,293,288,309,200,241,308,313,362,335
"406",301,274,304,317,382,310,325,276,347,359,402,321,262,304,298,354,380,373
"407",265,236,257,299,339,296,287,293,353,284,281,302,204,286,276,321,415,341
"408",309,246,258,289,318,316,287,334,367,290,285,225,324,265,284,292,407,350
"409",289,230,266,301,351,316,300,295,314,342,808,377,293,338,256,334,437,316
"410",275,266,348,321,389,284,327,264,333,346,412,336,193,298,300,313,463,357
"411",333,295,348,315,378,295,320,302,406,364,407,241,317,344,299,342,440,408
"412",339,265,345,308,362,297,305,297,369,336,418,224,323,330,302,300,354,402
"413",280,256,325,330,399,309,334,294,349,337,396,307,245,305,296,354,480,388
"414",273,203,262,308,358,309,289,269,338,359,389,305,297,349,273,295,532,351
"415",298,239,272,306,371,278,287,283,402,318,423,301,293,364,282,296,392,359
"416",248,238,261,332,375,344,309,289,385,343,430,253,230,383,299,321,383,396
"417",249,263,268,317,373,294,292,276,370,331,412,277,242,378,280,300,368,342
"418",346,317,340,328,370,295,337,333,385,338,418,292,365,315,305,318,374,358
"419",328,230,260,286,313,321,278,292,369,280,280,280,310,293,275,324,380,327
"420",306,241,313,346,367,320,341,279,359,346,392,298,257,341,272,346,360,405
"421",290,233,321,322,373,266,305,241,327,362,380,338,242,316,285,340,367,380
"422",250,218,244,328,379,272,308,304,343,345,387,364,268,359,261,380,359,340
"423",325,274,360,311,370,308,336,355,316,334,379,277,365,305,284,353,425,359
"424",295,263,350,333,396,328,345,309,352,358,435,291,237,332,312,357,468,364
"425",343,290,336,301,328,264,295,309,350,303,322,307,285,247,304,280,365,312
"426",332,245,244,288,596,315,445,309,359,293,284,285,328,298,268,311,375,315
"427",331,229,343,314,359,337,327,329,321,342,390,267,327,299,303,337,426,387
"428",352,268,336,331,395,277,333,336,387,348,424,286,337,339,300,352,392,396
"429",286,232,347,331,390,300,336,304,309,350,397,360,220,298,281,378,426,330
"430",320,233,297,287,322,292,278,279,334,269,277,302,267,272,258,307,361,320
"431",287,270,271,318,366,323,330,300,352,339,403,290,319,344,269,330,482,358
"432",317,246,237,281,311,336,280,265,347,268,265,305,284,281,262,293,395,302
"433",331,286,288,307,541,286,297,325,394,290,338,297,347,289,308,322,361,294
"434",334,286,347,322,358,351,337,329,366,367,428,282,319,362,296,347,455,360
"435",284,260,283,305,372,375,308,316,354,436,401,322,335,351,289,308,503,329
"436",322,247,310,332,336,274,304,300,312,311,294,302,240,264,292,372,365,335
"437",329,271,346,325,387,299,324,305,298,338,377,364,296,297,302,357,459,330
"438",349,241,369,291,332,293,294,292,362,307,331,223,308,246,303,315,362,346
"439",367,267,342,315,358,334,304,318,347,312,303,290,323,263,273,345,391,352
"440",265,244,230,302,369,269,306,287,312,320,381,358,243,376,285,346,324,293
"441",265,251,247,300,334,313,298,294,356,290,278,286,254,287,275,353,398,315
"442",344,264,289,308,376,296,323,281,376,359,363,303,335,316,282,315,383,383
"443",350,264,343,452,350,282,314,302,381,332,424,230,323,309,290,277,359,405
"444",325,257,355,325,367,270,313,287,389,345,394,223,315,327,288,313,347,388
"445",364,294,362,296,328,336,297,343,387,294,342,225,302,255,302,315,448,339
"446",292,219,250,322,366,293,286,285,375,321,404,280,375,381,300,349,332,362
"447",290,248,342,326,371,256,330,314,375,365,432,221,261,325,322,327,362,418
"448",304,245,257,301,362,284,297,286,389,348,417,283,353,408,285,283,337,353
"449",277,247,342,323,387,338,346,274,315,336,409,336,180,324,310,325,479,373
"450",290,259,338,293,370,255,325,241,373,336,390,226,240,340,312,299,344,422
"451",228,253,286,315,395,320,318,341,387,358,435,241,246,324,309,328,470,343
"452",297,261,273,291,357,269,300,341,371,312,345,274,250,267,316,345,369,289
"453",226,217,279,305,364,294,308,315,311,330,379,313,216,299,290,342,486,348
"454",233,202,304,318,381,303,321,296,323,318,394,209,262,329,304,327,507,371
"455",326,265,345,314,375,314,307,300,383,345,400,227,300,298,317,304,445,373
"456",259,262,301,328,379,272,304,306,393,338,420,232,283,379,292,339,366,370
"457",227,248,265,319,386,307,338,307,307,335,388,333,204,349,270,347,508,363
"458",299,241,266,288,314,314,288,301,348,278,263,215,321,249,292,303,395,336
"459",261,242,287,299,338,253,299,331,377,294,330,218,222,260,304,340,369,337
"460",299,252,345,313,369,250,319,230,325,344,412,295,223,346,300,303,333,344
"461",320,284,336,323,378,367,307,320,332,326,372,229,316,297,286,322,458,404
"462",264,228,279,349,382,329,315,302,373,348,420,229,282,374,292,291,527,363
"463",302,273,319,329,390,272,327,331,383,359,422,268,247,365,305,356,355,367
"464",281,287,339,333,391,308,358,324,317,345,393,303,252,324,291,378,446,395
"465",286,213,262,307,356,316,290,258,358,345,372,348,308,364,278,341,402,356
"466",335,273,321,295,313,323,333,278,311,301,302,321,275,218,273,297,412,346
"467",356,256,325,320,347,286,318,255,351,330,371,373,316,324,273,326,370,337
"468",327,242,273,306,381,290,334,317,357,328,906,290,381,354,286,368,325,334
"469",274,257,328,319,392,300,335,308,301,356,415,366,260,320,292,354,487,360
"470",350,238,330,313,391,293,324,292,313,322,430,374,342,310,271,324,316,345
"471",313,205,269,312,362,299,309,285,368,340,387,287,360,358,288,321,330,342
"472",314,202,275,270,315,297,264,273,324,270,272,283,279,263,272,288,339,288
"473",316,262,346,298,339,297,300,313,307,310,276,264,259,241,314,352,352,315
"474",273,237,319,325,395,308,322,286,330,351,363,224,221,282,288,324,443,441
"475",312,223,269,277,301,310,267,290,328,280,280,302,301,286,266,298,326,292
"476",323,218,261,303,391,287,287,320,333,288,285,269,329,267,283,339,328,306
"477",242,227,269,284,303,304,285,257,321,279,293,293,200,279,286,323,389,313
"478",343,247,276,286,340,293,285,303,390,288,339,253,323,290,280,312,357,281
"479",347,266,335,285,312,285,285,256,380,274,320,282,290,269,282,296,374,313
"480",295,231,346,322,388,301,317,303,297,341,375,312,194,304,275,338,474,350
"481",282,242,297,332,373,329,331,315,373,355,417,252,297,321,282,305,500,347
"482",348,258,328,311,382,349,311,296,350,330,388,267,314,321,279,301,404,446
"483",383,249,316,289,318,320,277,264,344,283,273,322,271,258,271,276,357,341
"484",298,257,317,336,403,290,334,358,325,356,408,283,257,311,311,392,464,358
"485",271,241,353,307,388,285,337,300,353,339,434,305,209,284,308,337,464,373
"486",320,223,350,317,330,253,316,288,300,299,284,339,263,276,297,351,342,295
"487",252,243,270,324,400,325,325,321,376,344,426,297,259,361,297,364,443,320
"488",316,236,289,277,333,299,307,321,400,283,309,206,304,269,292,301,378,310
"489",338,279,320,321,371,305,291,274,325,320,432,364,327,343,287,327,314,331
"490",311,253,269,308,335,323,560,322,410,292,329,216,291,298,274,300,399,349
"491",328,288,333,324,370,322,313,303,336,331,407,307,343,305,274,328,482,371
"492",237,266,289,350,378,328,337,327,364,350,430,278,248,350,299,359,453,333
"493",282,269,324,351,388,352,332,336,331,360,435,312,269,288,282,342,493,373
"494",231,233,277,331,392,319,317,299,355,356,397,253,220,317,285,313,457,366
"495",292,255,286,286,370,293,297,302,374,329,416,300,295,365,289,293,370,380
"496",326,244,249,293,326,364,307,319,361,294,294,298,336,274,276,328,379,302
"497",297,290,350,317,329,276,311,322,381,303,318,217,227,235,317,332,360,335
"498",281,299,323,327,401,298,325,276,291,371,413,374,244,337,281,382,429,344
"499",244,262,250,315,363,312,305,288,365,335,385,246,237,347,286,336,387,390
"500",364,291,327,310,378,310,336,302,393,323,421,299,334,304,287,322,328,364
"501",319,260,321,313,351,319,320,245,324,326,371,335,279,308,273,281,386,404
"502",292,250,382,335,377,292,330,329,345,367,422,323,263,317,310,385,465,360
"503",258,238,295,292,332,327,314,309,398,317,329,232,229,305,298,347,405,328
"504",266,214,276,311,369,347,311,347,340,327,395,224,340,366,292,327,449,380
"505",250,224,245,270,307,317,289,256,330,282,262,306,183,289,268,317,413,325
"506",333,263,329,301,347,285,310,322,318,307,292,284,257,243,300,370,369,327
"507",327,297,373,309,374,313,314,376,362,330,422,239,297,282,308,327,442,394
"508",302,294,354,334,375,319,309,310,355,346,426,288,298,287,309,303,509,356
"509",333,263,324,325,357,286,323,281,369,325,388,296,356,342,297,312,353,394
"510",256,252,246,296,342,315,307,311,341,296,294,296,252,292,277,364,397,315
"511",313,241,314,301,393,362,313,295,325,347,375,330,263,298,284,342,482,377
"512",271,226,255,296,319,274,293,295,322,297,295,303,199,258,267,329,348,307
"513",256,249,240,316,372,353,330,290,374,356,380,295,272,357,290,342,397,378
"514",355,280,353,331,383,331,312,311,347,347,448,289,326,306,286,358,491,412
"515",319,219,284,276,326,300,289,284,321,275,284,341,301,278,277,312,344,280
"516",255,207,308,338,378,325,332,251,307,338,405,342,196,323,306,320,463,376
"517",330,282,320,323,370,311,323,307,334,337,420,285,347,290,317,350,447,351
"518",271,212,251,301,361,280,312,273,360,335,385,275,272,358,285,339,312,359
"519",307,247,301,325,368,256,316,264,283,349,381,384,241,339,271,349,346,366
"520",351,276,312,316,368,299,312,287,360,340,369,295,345,310,298,324,337,350
"521",305,215,294,273,388,284,275,261,320,278,272,284,352,275,304,302,343,311
"522",290,274,355,315,349,283,296,304,381,304,345,238,212,247,299,323,397,362
"523",332,233,333,308,363,270,301,256,342,294,370,286,297,331,272,327,339,377
"524",265,222,262,288,330,302,298,287,388,276,318,205,214,272,326,320,362,317
"525",333,237,344,305,358,270,309,294,348,307,292,293,263,251,329,350,326,335
"526",267,221,268,319,366,290,314,310,320,341,384,292,305,294,276,355,432,350
"527",266,203,242,293,333,279,288,275,335,294,289,296,201,284,257,343,394,328
"528",297,257,340,307,331,270,308,273,339,310,313,301,201,278,294,314,383,325
"529",236,230,248,305,351,269,297,262,370,359,406,325,219,408,274,294,360,354
"530",347,254,326,319,356,289,323,296,334,332,364,277,364,311,261,317,353,370
"531",309,231,328,305,373,288,318,301,344,350,410,296,291,321,315,347,345,371
"532",313,267,239,297,364,275,304,300,378,322,413,274,357,377,311,318,365,335
"533",316,261,258,298,372,277,312,328,391,350,426,283,354,358,281,330,373,343
"534",315,266,337,322,386,308,312,321,335,338,401,299,315,312,293,308,446,372
"535",311,269,354,317,380,359,315,303,353,338,411,215,285,326,332,286,472,379
"536",266,255,276,290,335,263,293,282,344,291,314,274,207,283,286,324,389,272
"537",284,245,261,325,379,363,308,306,358,334,380,294,310,375,287,376,473,352
"538",269,223,278,303,351,352,300,282,339,331,376,342,277,315,277,296,497,343
"539",290,250,320,315,378,290,311,244,330,343,399,331,235,327,293,320,396,388
"540",292,222,325,290,342,294,304,271,355,302,286,233,224,239,310,312,383,383
"541",265,263,340,328,384,355,342,295,342,362,392,267,228,311,283,349,510,390
"542",246,243,252,300,365,293,317,289,374,349,424,285,270,373,284,342,397,336
"543",242,241,267,318,381,284,325,279,323,362,391,377,225,376,287,351,458,290
"544",276,265,348,330,389,316,334,300,348,348,441,220,213,307,320,334,488,390
"545",276,233,244,288,352,284,304,318,358,287,303,299,248,281,299,356,400,314
"546",342,254,315,294,329,294,294,274,338,292,283,314,274,238,269,287,366,345
"547",297,223,279,281,321,316,280,272,341,276,294,293,272,290,267,301,383,312
"548",304,250,322,334,377,266,310,282,359,351,384,299,289,328,309,348,326,373
"549",335,236,353,308,337,279,314,278,344,311,287,257,256,254,315,351,328,351
"550",310,259,310,297,315,246,286,272,310,293,329,350,233,218,293,352,358,298
"551",269,237,278,298,339,273,294,300,373,301,312,205,209,284,305,322,383,306
"552",290,240,311,311,372,340,324,295,405,325,431,276,312,337,283,308,463,322
"553",302,240,242,303,337,284,345,297,336,300,268,297,278,274,271,286,403,307
"554",296,247,335,316,347,302,314,283,338,303,303,239,240,214,301,326,394,361
"555",235,203,268,325,374,319,336,310,331,344,395,248,227,305,292,329,461,361
"556",267,247,252,298,370,281,321,298,338,349,394,294,282,362,300,347,341,388
"557",305,209,260,313,347,288,301,270,339,321,364,323,329,350,263,289,354,353
"558",288,218,284,316,368,295,320,321,328,334,372,315,301,333,266,338,460,342
"559",306,277,280,322,373,280,320,314,397,332,419,285,358,393,277,349,359,329
"560",248,230,264,313,360,331,322,305,340,341,381,301,252,347,293,325,524,342
"561",256,224,264,306,378,315,304,283,371,318,382,222,241,334,289,332,370,380
"562",294,192,257,319,367,339,323,282,351,320,371,293,346,337,284,329,481,350
"563",314,243,325,310,354,300,303,295,354,315,287,276,238,249,294,351,378,342
"564",285,214,246,294,331,281,308,277,317,287,288,330,240,300,291,369,362,286
"565",277,252,334,338,397,330,328,298,302,366,408,364,220,315,288,369,445,329
"566",337,267,324,308,380,312,309,275,396,333,417,222,303,363,283,292,396,406
"567",245,241,258,302,355,272,310,267,325,338,393,329,232,357,260,330,376,367
"568",241,186,252,319,371,310,324,303,334,335,394,372,254,339,284,359,462,322
"569",261,216,302,302,324,282,284,285,364,301,328,303,200,295,290,327,392,300
"570",306,222,251,301,363,280,305,294,366,337,387,278,362,364,269,339,311,344
"571",297,261,342,281,337,261,299,274,381,308,318,297,207,268,301,326,383,327
"572",336,271,369,318,352,326,313,305,311,334,392,310,302,266,284,315,465,360
"573",328,280,348,325,348,271,305,252,383,323,416,308,291,331,313,290,379,367
"574",226,231,251,314,379,362,322,282,388,349,422,241,205,397,297,306,491,344
"575",345,238,339,282,319,271,296,276,323,277,284,286,285,266,306,304,349,355
"576",248,223,262,336,372,253,320,280,359,341,393,289,219,379,294,304,387,348
"577",372,287,354,311,337,296,294,285,352,319,332,322,279,260,286,325,362,340
"578",242,206,271,309,369,314,328,295,289,339,388,311,214,310,277,367,426,328
"579",261,201,240,283,337,290,282,262,342,284,267,301,181,299,249,320,427,315
"580",356,321,325,314,374,300,340,312,354,360,416,286,336,328,297,301,398,353
"581",362,244,319,283,343,319,285,270,337,297,291,299,280,245,265,246,412,341
"582",285,251,319,299,346,244,303,304,341,306,328,308,208,250,291,302,351,310
"583",287,260,283,448,370,329,312,326,370,327,436,270,306,347,303,338,443,383
"584",295,239,237,305,349,312,290,251,350,324,367,336,483,375,250,304,399,358
"585",270,261,319,353,381,313,348,325,323,365,397,292,247,306,296,389,503,393
"586",271,239,293,313,379,340,301,309,353,328,372,248,301,341,286,314,465,385
"587",262,207,262,272,304,266,276,259,308,267,281,291,202,286,278,339,355,295
"588",323,224,281,287,321,280,295,303,363,284,312,282,272,285,281,296,364,313
"589",309,237,322,310,348,271,310,276,318,322,400,319,235,317,305,344,380,373
"590",270,211,251,292,333,265,296,305,339,283,285,282,254,274,290,348,326,326
"591",303,234,294,516,382,311,290,279,392,319,389,216,343,361,280,285,360,358
"592",362,274,346,282,569,277,289,263,336,304,311,286,276,244,272,281,349,317
"593",297,240,319,316,344,308,310,324,336,307,313,306,262,257,290,359,391,331
"594",319,239,280,304,314,310,316,282,370,285,299,286,282,267,285,296,390,286
"595",266,278,371,339,383,296,346,301,372,352,444,261,217,322,308,349,506,376
"596",273,266,345,327,372,300,322,261,312,344,381,333,208,313,291,329,383,398
"597",220,233,241,313,366,288,316,253,380,349,370,329,222,357,251,328,422,369
"598",333,278,321,604,345,252,315,279,334,333,394,293,276,323,305,268,361,372
"599",275,277,302,320,372,269,318,259,321,352,390,329,718,320,291,328,408,385
"600",218,208,260,307,375,356,320,294,363,342,384,267,239,331,296,346,499,379
"601",287,236,270,338,364,329,327,316,393,354,411,286,316,373,287,325,451,337
"602",327,242,315,305,374,308,305,258,360,1285,836,256,324,273,285,269,418,422
"603",336,269,319,309,366,289,326,251,418,358,430,226,309,331,300,296,383,409
"604",314,252,291,287,347,307,300,304,339,303,287,311,227,253,303,355,360,322
"605",298,205,282,311,369,331,302,285,335,334,408,367,318,352,290,320,470,310
"606",365,246,324,313,359,301,365,276,316,329,407,269,360,329,302,322,309,354
"607",244,226,254,318,391,282,339,314,298,345,394,363,256,349,298,388,452,345
"608",277,236,263,315,367,355,326,311,340,358,371,295,296,354,271,302,490,358
"609",261,249,263,310,378,273,325,311,375,338,422,275,275,378,272,351,356,358
"610",340,286,346,413,366,297,315,309,380,346,425,252,313,313,295,320,451,354
"611",357,272,340,399,336,321,290,288,378,305,320,229,297,248,289,292,395,359
"612",257,245,295,311,382,329,327,306,384,349,415,282,232,316,309,355,442,322
"613",318,282,332,328,359,315,531,270,332,323,385,321,301,306,283,308,388,383
"614",296,246,332,321,374,269,331,279,329,359,402,384,244,321,317,350,369,356
"615",249,213,235,324,369,297,305,275,355,347,384,283,263,355,282,349,323,361
"616",250,253,256,327,381,279,312,288,382,345,407,304,252,358,291,317,381,334
"617",308,240,327,311,321,302,295,252,328,298,277,304,190,251,269,318,368,347
"618",276,219,300,325,375,327,305,304,358,324,396,204,317,337,281,271,454,312
"619",293,247,364,314,374,287,318,264,372,333,419,201,234,305,319,332,363,394
"620",331,267,337,334,381,286,334,303,361,344,408,309,312,298,314,325,451,345
"621",297,276,336,303,344,261,318,290,365,296,338,281,204,261,300,326,398,322
"622",291,288,310,315,384,311,308,304,340,344,411,306,246,349,290,364,354,402
"623",330,257,323,297,329,329,293,314,396,296,330,224,278,235,607,291,380,363
"624",257,242,358,327,391,259,320,280,338,350,419,299,196,322,314,309,480,370
"625",331,257,327,299,357,328,310,234,335,356,396,317,291,304,271,281,379,402
"626",336,268,325,321,373,260,331,268,353,361,410,349,292,319,274,265,334,368
"627",307,224,288,484,355,287,704,258,392,311,399,311,319,351,276,312,388,370
"628",304,235,322,318,404,260,322,307,368,352,449,292,262,346,306,347,371,362
"629",220,247,237,318,377,310,315,294,341,352,380,317,210,332,283,351,517,325
"630",296,236,332,326,379,267,317,266,293,343,399,325,229,339,295,370,339,377
"631",307,240,277,293,346,298,315,276,313,308,412,311,294,330,271,319,356,360
"632",342,292,390,296,351,296,318,300,388,329,434,208,327,307,318,310,381,372
"633",289,249,234,306,372,313,294,252,338,320,1493,339,300,388,254,269,377,370
"634",262,231,326,313,380,323,316,265,299,364,379,354,198,324,277,334,491,375
"635",271,224,286,304,349,335,310,269,330,335,378,316,372,376,274,281,476,356
"636",269,227,255,326,359,285,316,290,324,348,379,374,236,388,280,328,373,327
"637",342,257,295,310,374,303,317,270,335,337,383,301,330,345,284,313,355,361
"638",275,215,267,297,333,283,313,280,357,300,345,301,194,292,282,308,370,302
"639",302,214,263,271,315,321,289,272,319,283,263,306,261,294,270,265,379,335
"640",274,270,275,320,369,349,323,331,394,329,422,247,308,342,280,297,525,364
"641",318,231,246,291,335,270,298,288,352,330,384,371,326,348,256,284,348,342
"642",265,245,250,305,370,287,317,299,328,348,366,264,271,369,292,366,350,368
"643",323,206,263,272,313,282,282,283,321,284,271,344,297,275,268,275,341,291
"644",239,235,254,323,376,293,330,306,365,351,422,287,248,333,295,338,446,307
"645",325,240,233,299,473,329,2893,311,348,290,296,275,340,295,284,318,399,313
"646",214,238,298,309,400,323,324,321,376,360,446,244,225,377,315,346,530,385
"647",239,235,240,311,372,286,315,271,349,331,398,234,244,339,284,352,390,392
"648",303,207,276,274,327,279,279,265,361,275,320,290,260,296,295,268,380,299
"649",285,215,285,323,364,343,296,295,358,327,353,287,335,335,296,334,422,328
"650",312,223,251,284,317,289,285,284,355,284,278,343,312,288,277,331,364,277
"651",293,267,289,295,330,296,305,299,379,742,305,306,286,304,262,296,363,292
"652",323,245,357,309,327,262,300,262,339,295,317,286,2260,261,293,319,385,329
"653",301,275,324,325,359,289,337,275,358,352,422,313,216,327,309,326,366,387
"654",288,255,319,324,368,296,323,280,342,347,375,324,225,343,277,330,406,398
"655",316,283,348,308,368,344,321,295,335,356,400,332,282,308,300,295,471,382
"656",284,254,271,299,356,339,313,302,366,333,383,296,324,320,278,329,480,337
"657",357,274,350,299,352,300,290,309,361,298,304,271,322,246,315,322,356,313
"658",271,254,373,327,397,285,320,271,349,353,413,286,201,288,294,313,432,334
"659",264,233,271,289,326,315,295,280,336,289,303,316,219,284,261,336,413,326
"660",377,274,354,290,304,291,308,286,351,310,308,288,270,251,289,304,408,309
"661",228,195,273,310,369,327,323,292,343,341,385,243,227,329,298,346,471,371
"662",327,253,339,331,368,307,319,280,282,341,394,388,280,300,276,329,435,315
"663",272,229,251,318,378,306,302,292,342,340,404,280,291,348,302,349,377,349
"664",320,283,347,312,362,305,304,312,345,341,394,265,346,337,288,293,389,412
"665",273,224,327,319,372,371,337,311,330,338,395,241,215,292,300,335,477,399
"666",251,213,274,320,368,252,316,263,369,307,412,298,214,378,275,335,362,366
"667",320,283,369,317,357,326,319,325,366,345,418,292,310,323,307,314,438,323
"668",251,253,256,314,376,319,303,308,381,326,401,211,260,347,310,344,369,367
"669",231,224,272,305,367,333,320,266,360,342,396,301,221,344,290,359,505,335
"670",292,254,332,335,360,316,330,255,322,357,417,339,226,324,287,330,391,410
"671",269,223,360,320,385,322,321,287,378,350,424,234,213,296,301,335,508,386
"672",343,273,316,327,375,341,343,307,344,772,2283,318,345,315,259,349,392,376
"673",302,237,332,303,365,311,307,277,377,307,321,215,204,248,294,309,417,358
"674",263,242,237,329,379,280,306,259,329,318,384,380,245,396,281,332,321,337
"675",283,203,287,316,360,343,312,285,306,337,365,283,321,356,286,306,448,336
"676",325,247,304,282,327,303,283,340,392,286,300,295,280,299,277,291,374,293
"677",326,247,329,2066,373,327,304,318,324,348,385,316,325,334,288,333,484,416
"678",262,236,279,293,345,309,299,266,393,294,320,225,213,288,285,316,407,345
"679",290,224,253,296,353,294,302,269,361,423,373,244,318,348,274,313,372,407
"680",359,291,328,298,333,327,305,280,352,290,294,249,317,219,279,314,366,365
"681",314,262,353,298,360,334,314,284,341,328,411,322,272,303,295,297,481,346
"682",242,256,248,324,383,296,323,280,394,337,403,219,224,340,284,275,406,386
"683",330,267,281,293,319,299,283,339,382,285,337,198,324,286,281,294,372,316
"684",341,267,368,301,367,289,2114,287,373,331,385,217,330,347,297,288,336,352
"685",346,310,349,336,366,280,322,280,382,344,431,295,333,329,271,306,348,363
"686",340,259,361,318,372,292,305,280,327,343,387,261,343,315,330,352,327,350
"687",376,261,348,295,339,285,287,288,369,289,316,263,334,274,307,316,340,300
"688",247,237,282,325,399,329,323,323,308,339,395,379,244,320,289,362,448,306
"689",249,215,229,295,356,290,320,293,339,321,373,292,255,378,319,354,343,353
"690",324,295,347,314,362,294,317,321,357,320,356,272,236,260,293,337,351,336
"691",249,249,269,324,372,307,321,298,362,358,420,271,246,352,285,354,429,308
"692",259,257,349,314,386,338,325,300,358,363,420,213,205,306,324,334,530,396
"693",309,269,244,316,355,293,304,276,388,335,455,287,329,353,290,291,347,344
"694",289,246,353,324,373,276,302,260,392,341,427,206,246,316,303,331,345,395
"695",279,252,351,322,362,283,329,278,301,358,408,368,233,348,300,362,442,357
"696",261,228,253,317,366,311,318,317,345,344,386,277,289,354,303,369,338,344
"697",297,247,249,304,328,324,287,309,357,299,288,295,308,275,278,339,365,320
"698",360,266,329,313,371,286,319,321,338,322,383,299,349,329,286,337,310,355
"699",234,233,262,327,378,349,325,338,402,359,406,257,221,349,280,341,527,357
"700",331,277,330,367,352,269,297,266,318,407,386,306,310,302,294,305,348,376
"701",269,290,311,319,378,293,332,265,363,353,378,243,238,305,261,349,388,417
"702",283,235,353,327,380,306,313,283,324,346,388,314,207,338,313,334,439,377
"703",302,276,331,337,369,252,320,286,371,351,445,280,277,362,312,344,364,376
"704",290,236,334,337,387,288,333,329,328,363,409,278,247,303,302,380,456,362
"705",283,250,325,332,364,294,326,259,347,338,389,263,242,326,306,301,375,425
"706",243,233,268,323,382,380,345,323,325,359,374,296,259,346,272,384,480,345
"707",327,226,246,291,326,323,294,320,335,293,283,294,317,305,282,352,373,313
"708",336,295,348,306,337,270,412,260,351,310,411,309,290,324,273,268,374,374
"709",224,213,250,299,352,291,302,254,349,324,387,305,225,326,281,320,385,344
"710",316,258,384,299,361,336,319,318,323,372,396,308,1327,276,297,299,446,352
"711",275,250,240,303,343,284,297,268,366,298,321,251,239,287,295,344,375,303
"712",288,230,306,291,356,347,291,287,343,319,368,278,310,353,268,284,351,373
"713",302,269,273,318,378,313,305,295,391,346,424,244,315,390,281,303,384,366
"714",333,276,359,325,382,297,331,343,330,349,418,310,258,310,286,304,474,345
"715",285,238,286,314,356,327,313,335,357,348,393,262,348,321,288,333,440,335
"716",251,259,263,323,358,283,306,279,370,322,406,306,227,360,301,328,403,349
"717",291,252,347,342,395,299,338,290,360,341,428,297,239,335,331,326,462,354
"718",361,283,334,283,352,295,296,298,337,305,1092,283,319,231,298,308,393,355
"719",355,275,346,300,326,308,279,290,292,297,269,327,275,250,274,298,381,339
"720",306,261,362,313,330,286,314,306,381,306,311,211,233,233,316,334,357,355
"721",343,250,357,302,376,269,310,312,348,513,376,323,303,293,272,319,352,382
"722",356,270,326,308,335,301,299,271,310,297,291,371,314,268,271,321,346,299
"723",263,237,228,324,369,263,305,298,340,330,397,309,308,363,292,373,366,346
"724",227,245,290,340,372,291,330,330,339,356,424,205,217,355,338,331,463,358
"725",309,240,265,293,309,300,284,292,361,280,283,314,288,307,246,278,394,326
"726",305,222,263,305,954,310,292,329,331,344,383,284,320,345,321,351,425,283
"727",246,244,249,312,352,295,321,262,344,345,379,313,228,394,269,366,387,362
"728",294,245,277,285,321,346,285,302,355,296,277,239,333,281,275,321,366,340
"729",273,220,333,323,381,314,331,296,303,384,401,375,235,319,292,352,448,373
"730",232,258,275,332,380,326,337,301,393,355,418,247,192,336,304,346,504,365
"731",268,215,246,324,350,335,317,280,278,353,397,340,252,315,280,343,445,325
"732",232,271,275,317,363,316,302,282,398,323,415,249,244,376,291,331,422,363
"733",274,252,269,326,354,347,306,352,391,340,401,210,321,326,316,304,457,357
"734",377,252,340,295,326,328,297,287,323,286,279,257,333,233,308,320,350,345
"735",301,268,273,296,360,285,293,275,374,326,392,302,308,380,260,301,406,341
"736",260,202,248,282,327,274,273,261,340,281,272,303,214,317,306,313,365,294
"737",283,249,328,345,401,318,331,344,325,358,394,299,266,302,315,358,457,373
"738",329,237,293,283,319,258,281,322,400,277,331,191,300,272,303,313,393,305
"739",257,211,260,291,331,258,304,307,380,300,327,225,244,274,323,347,371,315
"740",255,253,287,320,381,322,325,328,347,355,399,272,266,332,297,355,445,354
"741",270,255,257,310,349,277,301,321,325,298,277,296,265,270,302,366,342,319
"742",336,276,330,310,380,267,320,263,330,320,390,371,407,331,286,331,327,334
"743",337,265,326,296,313,294,287,285,306,269,292,295,298,233,283,312,362,322
"744",261,234,276,289,331,284,295,285,317,279,288,315,226,256,281,323,359,299
"745",295,246,300,306,351,279,307,285,382,328,387,217,317,333,299,303,351,382
"746",279,264,264,313,370,341,315,321,341,358,398,293,336,346,272,365,468,347
"747",332,211,235,283,316,299,275,260,338,292,265,355,311,273,278,301,343,294
"748",322,234,335,301,344,273,301,300,335,301,308,272,250,245,290,348,338,315
"749",271,233,337,337,370,314,328,308,311,350,398,303,215,299,306,343,462,359
"750",289,240,259,297,351,303,295,293,349,328,371,305,295,358,287,309,356,344
"751",288,248,309,316,363,273,314,245,317,329,383,346,200,318,262,313,391,391
"752",334,250,338,327,364,270,293,279,346,321,407,302,281,288,301,282,407,390
"753",296,258,283,296,316,338,284,284,404,293,335,223,284,288,277,291,411,326
"754",266,234,257,298,331,256,295,290,380,306,309,284,192,293,294,312,387,308
"755",315,258,343,331,386,253,347,294,378,351,409,277,266,329,308,377,349,396
"756",239,231,260,312,371,308,322,298,312,341,379,367,237,358,261,377,429,350
"757",307,244,264,287,333,308,284,275,396,313,308,211,278,295,301,302,389,334
"758",302,247,333,303,328,322,309,268,340,287,308,230,222,254,286,336,399,356
"759",330,282,357,322,378,330,314,282,357,343,397,282,311,310,297,324,436,360
"760",297,211,266,307,359,322,1123,309,350,335,366,277,325,303,290,356,441,348
"761",276,271,386,324,396,294,321,291,331,360,428,321,208,298,304,354,488,348
"762",296,247,325,285,342,279,324,303,368,331,412,321,309,358,309,291,376,359
"763",255,214,254,279,340,296,317,310,353,294,279,219,230,276,317,350,394,361
"764",309,239,249,303,358,323,399,259,335,336,374,372,343,377,267,305,320,343
"765",252,226,273,314,370,270,312,301,377,336,423,227,252,339,308,303,333,378
"766",311,250,392,346,380,292,332,315,345,329,441,206,292,328,311,283,443,371
"767",345,271,331,301,546,278,305,262,336,2626,372,313,320,295,254,308,363,354
"768",228,223,238,315,373,347,324,306,333,363,422,320,210,327,272,324,508,367
"769",363,285,320,296,368,295,308,285,319,333,380,366,327,345,283,320,312,359
"770",297,255,312,304,328,266,308,286,322,301,308,325,193,253,264,342,413,341
"771",292,256,313,319,381,291,322,284,314,352,393,251,250,321,301,343,406,406
"772",285,255,306,338,403,297,328,302,323,385,391,296,235,337,285,403,474,381
"773",300,239,268,306,350,272,307,265,354,314,380,325,340,344,363,313,349,371
"774",279,269,307,329,381,316,329,303,342,352,378,267,262,362,291,342,374,425
"775",284,233,270,293,338,284,294,342,337,297,286,264,261,283,296,354,347,312
"776",265,248,235,330,364,265,313,268,314,341,384,377,274,381,278,366,368,326
"777",269,220,271,290,337,290,298,279,375,292,311,276,193,278,282,314,361,296
"778",343,253,332,279,328,279,276,253,308,281,281,308,269,238,275,301,386,344
"779",303,260,303,349,388,328,316,310,346,360,412,295,273,334,303,363,383,387
"780",249,248,260,330,382,300,332,289,409,353,401,236,243,378,330,333,404,398
"781",281,271,380,323,367,331,318,316,343,360,445,206,235,285,302,320,462,396
"782",308,290,330,311,369,259,328,302,393,350,452,297,268,351,300,331,365,371
"783",315,232,321,303,348,264,304,320,334,307,299,279,249,230,295,346,335,333
"784",262,213,267,301,347,285,281,278,416,290,325,230,218,290,295,304,406,333
"785",287,263,282,329,369,262,336,303,397,334,421,270,281,384,294,363,353,340
"786",299,283,349,316,351,263,314,276,350,307,335,300,185,249,295,331,389,310
"787",245,273,286,330,388,319,336,302,388,357,439,285,245,349,311,345,449,325
"788",289,259,279,310,2120,285,307,278,389,313,380,216,319,331,293,291,337,364
"789",330,257,329,298,350,297,303,323,300,279,306,372,208,263,302,343,369,292
"790",360,291,357,286,342,296,301,302,340,297,331,304,284,262,288,300,374,320
"791",346,231,310,318,360,295,301,265,330,338,363,274,343,310,281,324,340,351
"792",328,281,333,328,368,290,314,259,356,324,414,310,312,363,295,297,369,369
"793",285,260,348,314,376,300,322,303,274,371,408,287,248,292,308,358,408,344
"794",299,260,263,320,361,268,302,295,374,336,418,300,298,378,278,314,361,336
"795",316,226,286,281,329,314,281,319,390,280,332,229,300,287,280,301,366,336
"796",308,247,328,302,353,268,304,286,290,302,280,305,214,251,297,343,354,325
"797",283,263,369,340,385,302,339,325,333,361,449,282,252,315,334,365,460,343
"798",286,219,242,409,351,299,295,271,332,399,366,368,321,371,263,341,353,340
"799",283,271,333,310,358,294,307,265,336,325,398,322,208,344,276,318,385,404
"800",274,236,277,298,316,268,288,301,406,305,336,213,237,277,299,323,378,322
"801",267,224,294,294,347,312,303,286,398,295,330,221,203,299,296,295,410,317
"802",328,285,337,310,372,328,303,288,341,350,369,250,322,336,287,304,420,392
"803",298,270,350,308,338,275,320,292,357,301,332,293,193,230,306,316,382,321
"804",333,266,336,317,370,306,386,261,394,333,394,296,309,364,284,279,411,382
"805",351,245,342,284,338,309,275,282,317,297,722,360,287,265,302,321,339,295
"806",349,244,349,281,335,285,293,278,357,301,314,306,980,260,279,306,344,333
"807",267,252,252,308,375,282,302,285,358,352,393,288,261,372,292,384,395,349
"808",308,230,324,311,379,291,322,274,331,352,394,270,290,326,305,353,312,392
"809",244,230,275,326,373,306,317,315,364,349,438,212,236,342,303,320,474,345
"810",269,233,349,321,359,299,338,279,284,337,380,285,196,281,298,318,432,379
"811",250,190,275,315,380,339,317,319,354,351,380,278,281,315,302,348,438,354
"812",324,279,335,324,362,319,329,285,398,357,412,254,305,330,276,277,384,413
"813",262,235,247,316,387,241,315,279,309,330,393,354,268,365,276,384,374,329
"814",334,277,323,316,358,313,316,293,329,335,370,364,333,348,303,315,358,349
"815",318,245,263,305,366,308,296,301,365,313,361,275,369,332,276,317,329,389
"816",240,221,302,307,359,324,309,279,379,346,420,218,218,329,311,354,467,366
"817",294,222,263,303,359,317,293,294,368,316,365,214,321,373,271,291,361,412
"818",259,218,240,304,369,278,305,266,360,345,379,272,277,342,315,347,341,349
"819",317,244,341,305,338,281,307,280,340,296,307,324,221,263,277,333,394,345
"820",328,235,303,305,348,282,3086,330,405,299,315,279,341,273,288,352,357,303
"821",226,191,253,292,383,333,319,288,323,333,392,344,206,345,303,346,500,391
"822",232,200,258,317,365,298,319,307,320,348,381,312,217,295,291,350,464,347
"823",298,287,321,328,384,273,341,289,356,345,456,281,248,321,304,337,387,361
"824",318,231,250,284,325,290,296,314,332,294,308,346,307,293,270,323,357,283
"825",342,288,291,305,1304,281,652,290,303,328,382,363,325,328,276,333,323,331
"826",267,221,244,300,327,312,296,273,350,292,286,285,245,292,306,365,371,317
"827",242,232,266,339,375,286,336,335,334,369,392,284,247,331,295,378,444,345
"828",276,203,284,292,337,317,297,283,335,358,369,321,281,326,285,314,458,338
"829",265,253,253,315,365,275,319,255,329,330,384,345,292,364,273,356,369,318
"830",241,238,248,336,386,351,314,313,331,366,386,280,253,366,283,390,475,361
"831",279,284,321,313,397,341,310,274,330,356,418,309,262,348,287,382,376,390
"832",239,223,231,300,364,324,320,247,339,339,400,316,249,380,258,364,404,355
"833",290,239,261,314,358,334,808,257,401,357,455,221,332,382,806,290,345,383
"834",249,235,249,318,368,259,316,258,352,335,410,304,197,365,276,334,399,360
"835",249,252,267,310,376,252,322,285,373,367,397,298,262,355,281,349,358,347
"836",218,240,261,314,386,311,317,287,351,336,372,311,198,340,251,326,512,349
"837",338,250,370,308,347,314,297,286,401,291,306,232,282,242,278,300,402,354
"838",289,282,273,308,337,275,302,285,385,292,326,256,251,289,306,323,369,296
"839",293,207,287,272,326,276,307,267,360,294,310,299,235,290,284,297,388,301
"840",273,221,234,296,330,294,293,303,317,305,297,347,245,300,270,326,370,285
"841",251,224,247,320,377,298,315,312,317,337,388,293,258,339,290,353,441,313
"842",254,244,249,315,372,296,314,287,318,338,379,388,250,371,259,340,345,306
"843",322,272,336,309,351,274,319,300,370,307,326,267,251,249,292,367,374,329
"844",299,245,263,306,561,339,316,353,334,352,2246,282,356,336,317,345,454,326
"845",268,310,354,338,390,297,337,301,362,352,419,235,222,293,329,347,517,382
"846",346,232,327,301,330,295,294,282,333,379,282,369,296,264,279,329,331,306
"847",311,282,309,332,379,277,338,309,351,341,430,287,276,344,290,345,375,347
"848",315,234,307,304,311,293,284,279,408,286,317,205,291,249,2713,295,344,335
"849",275,226,261,308,332,265,299,322,362,301,335,250,231,289,295,363,368,283
"850",339,264,309,294,364,301,315,266,305,325,345,366,323,334,274,312,333,375
"851",322,277,283,296,334,292,297,331,368,297,325,263,317,295,296,332,360,292
"852",323,240,304,292,329,334,304,316,345,314,304,294,231,266,298,338,376,328
"853",293,238,308,310,377,315,317,257,332,331,384,313,211,328,280,321,373,394
"854",364,268,349,288,333,290,299,259,329,289,379,367,299,254,263,336,339,286
"855",337,253,330,313,359,291,315,274,334,315,290,353,213,258,276,326,341,315
"856",263,252,335,339,389,288,325,265,317,339,395,305,203,262,290,341,434,378
"857",311,255,314,318,335,266,294,259,326,301,296,319,200,247,275,321,386,347
"858",261,216,237,298,353,281,298,242,326,314,375,321,215,352,254,294,375,378
"859",318,230,315,315,345,303,303,268,309,302,323,346,230,263,286,349,345,307
"860",255,212,246,315,359,284,318,268,326,328,377,303,233,373,317,335,350,357
"861",299,262,304,304,372,276,310,268,403,304,393,216,313,373,283,292,345,366
"862",223,207,248,312,367,342,318,274,332,331,396,334,202,334,273,342,512,368
"863",284,258,339,299,360,305,308,282,318,304,300,315,559,246,298,324,422,351
"864",327,195,278,266,319,314,293,272,354,279,260,299,289,278,270,310,387,322
"865",311,245,253,290,326,293,292,295,337,286,279,305,283,284,275,287,404,316
"866",266,243,250,322,362,310,329,280,365,345,378,310,259,369,272,342,368,357
"867",295,236,240,309,364,286,298,302,329,334,391,386,308,347,266,365,447,339
"868",297,256,269,283,322,302,270,284,332,280,283,297,290,267,255,293,398,334
"869",251,210,236,293,331,299,299,269,332,298,289,290,191,275,269,292,398,329
"870",273,256,285,320,374,333,319,352,395,354,409,242,286,354,289,334,500,367
"871",336,289,348,300,334,311,276,247,326,285,282,314,278,255,264,296,370,336
"872",307,252,273,297,325,325,290,315,395,301,313,211,301,280,277,305,398,326
"873",251,179,288,326,393,282,321,331,348,343,411,283,251,340,300,348,421,344
"874",281,208,258,288,335,272,279,289,325,307,285,387,234,291,277,372,364,283
"875",311,272,307,298,362,268,309,311,352,306,296,302,223,239,299,381,395,347
"876",311,303,340,344,405,348,348,309,362,335,438,212,288,313,279,309,497,411
"877",322,198,287,267,317,303,284,270,331,280,280,300,1104,243,283,318,338,305
"878",326,269,335,306,358,302,307,274,304,324,361,304,326,319,308,291,331,388
"879",319,218,263,291,345,290,287,282,350,326,372,266,357,348,296,302,339,354
"880",302,247,283,313,502,314,300,284,325,334,368,356,310,308,263,352,430,337
"881",284,245,347,330,381,286,331,280,333,368,436,321,182,307,305,317,476,358
"882",309,276,361,309,336,286,310,298,368,313,332,220,214,222,299,332,374,348
"883",278,240,325,308,387,320,318,240,311,362,378,330,194,313,255,333,511,368
"884",357,239,322,298,330,308,282,279,341,284,302,277,345,236,302,293,354,327
"885",277,263,305,320,378,289,312,260,308,357,394,339,215,342,285,320,378,395
"886",275,233,235,288,344,299,307,270,322,289,275,370,236,292,277,381,372,275
"887",296,236,324,313,371,317,333,272,348,325,383,214,245,310,282,318,368,401
"888",351,293,332,299,345,335,297,283,386,302,297,241,285,255,304,290,402,357
"889",245,244,249,353,390,320,321,315,355,348,409,304,259,350,272,327,482,368
"890",287,228,270,320,352,313,292,296,333,345,397,380,325,348,263,317,447,325
"891",330,249,267,298,320,291,284,304,383,1018,335,270,325,276,277,307,331,293
"892",301,258,288,297,358,299,290,279,390,288,325,227,278,286,281,286,390,341
"893",293,216,283,298,326,281,295,293,357,305,301,287,267,275,310,334,341,307
"894",294,228,353,343,387,312,316,300,327,350,409,287,247,313,332,369,421,357
"895",302,231,340,309,372,313,335,277,343,329,383,237,225,304,292,325,410,428
"896",323,270,314,336,367,350,324,329,351,347,1641,251,309,296,283,345,463,391
"897",366,284,377,291,333,302,314,303,371,303,318,213,301,232,305,291,331,345
"898",313,265,314,312,376,335,322,329,393,345,401,264,308,358,281,291,425,315
"899",318,216,243,286,313,298,285,321,366,285,276,254,340,274,283,327,326,322
"900",347,289,333,326,364,319,306,304,384,334,413,282,343,333,295,297,358,381
"901",221,243,280,314,398,295,326,319,344,348,424,315,223,341,288,334,480,335
"902",314,242,364,306,385,301,330,288,344,340,421,299,273,330,302,297,457,372
"903",304,239,269,305,359,295,302,268,340,312,369,296,307,343,269,276,341,350
"904",286,273,270,301,355,299,298,288,395,324,408,265,325,344,272,312,405,367
"905",259,254,263,293,344,283,311,283,364,304,336,214,215,314,298,327,403,327
"906",260,258,248,309,384,267,305,294,342,323,374,378,277,402,267,354,350,302
"907",336,261,364,291,324,321,298,295,402,286,319,214,282,270,259,279,418,361
"908",293,213,265,289,314,291,288,281,309,295,256,277,293,282,278,301,346,291
"909",296,218,256,299,369,281,306,284,373,326,383,239,308,371,255,315,389,370
"910",224,248,274,308,396,325,325,333,373,341,435,252,213,353,292,339,500,368
"911",288,286,332,331,373,270,340,306,369,328,432,225,230,353,297,336,415,402
"912",316,257,333,307,356,273,290,276,312,305,297,347,223,274,276,333,364,308
"913",236,206,261,316,375,330,317,309,341,353,396,278,240,321,306,366,448,347
"914",238,248,269,312,363,319,319,297,351,332,394,255,255,368,273,331,397,399
"915",303,242,321,292,326,269,287,245,328,294,287,308,197,243,290,300,348,334
"916",269,220,289,305,330,293,291,275,322,293,289,294,211,288,291,357,376,305
"917",241,217,273,319,372,268,334,279,363,344,443,219,214,308,306,331,459,343
"918",279,287,333,338,399,305,333,306,380,351,411,278,262,297,302,359,448,344
"919",310,278,326,355,400,227,327,273,373,355,424,292,250,334,309,382,397,383
"920",307,254,291,293,323,277,273,311,370,291,305,294,270,288,279,301,394,317
"921",223,235,262,342,360,329,324,326,355,347,395,247,242,336,292,355,481,372
"922",321,297,343,332,460,316,435,329,381,335,425,245,282,319,273,302,477,393
"923",339,250,345,316,372,312,330,306,310,340,402,363,309,330,285,345,428,366
"924",311,251,238,304,355,337,297,290,358,334,384,295,346,382,292,302,365,378
"925",373,252,321,304,321,289,293,293,320,295,281,370,298,221,277,314,361,304
"926",314,242,327,288,341,280,307,238,306,289,290,360,250,261,286,351,341,303
"927",304,288,377,328,371,359,325,282,324,327,411,225,326,266,293,325,434,396
"928",329,272,334,333,366,335,331,311,348,354,396,293,341,308,270,333,467,381
"929",236,213,278,317,376,311,317,307,304,347,377,260,259,359,277,348,455,328
"930",235,233,230,323,364,337,322,277,322,354,391,358,221,374,277,369,507,376
"931",310,225,249,304,353,314,299,275,384,318,427,222,309,343,266,290,368,393
"932",291,234,286,284,324,308,299,284,324,264,262,307,563,300,283,295,362,304
"933",340,271,338,337,391,305,334,334,382,369,416,274,329,330,316,368,461,347
"934",307,208,320,303,331,309,308,275,351,310,276,246,243,224,288,323,378,371
"935",271,233,226,289,331,348,314,325,353,306,299,272,237,282,285,349,389,328
"936",232,222,283,346,376,327,310,298,385,374,422,207,273,324,302,358,473,375
"937",287,293,352,321,390,331,336,257,385,366,416,236,230,337,283,334,403,406
"938",348,265,349,313,360,281,329,261,383,348,406,217,322,304,297,273,313,392
"939",347,265,370,318,357,279,304,279,372,322,416,211,334,325,296,267,363,379
"940",246,221,274,324,351,265,303,266,354,358,376,301,239,364,276,347,355,378
"941",345,279,357,330,361,325,313,282,371,342,429,239,320,310,299,301,374,396
"942",307,280,315,313,369,343,320,322,318,352,392,315,313,306,274,337,483,368
"943",309,262,348,301,341,284,315,282,335,295,305,271,265,235,310,344,363,324
"944",316,252,327,304,332,252,308,287,346,306,294,267,255,232,313,347,322,327
"945",255,221,247,315,363,293,310,298,341,331,389,279,290,361,288,355,370,337
"946",368,273,343,299,343,314,291,316,335,306,300,266,322,252,302,317,335,320
"947",349,241,328,298,330,278,298,279,356,302,282,363,316,240,285,315,351,290
"948",260,234,255,314,381,308,319,288,407,326,421,214,222,346,284,319,386,370
"949",313,272,335,318,361,256,317,303,355,355,428,268,273,345,287,360,365,349
"950",342,267,348,287,337,302,306,259,347,404,317,293,279,253,279,298,362,329
"951",250,245,274,299,372,294,328,265,355,338,396,305,217,340,273,314,379,354
"952",297,278,343,323,396,291,340,321,381,367,427,300,286,348,295,354,379,373
"953",232,214,277,344,369,335,327,333,324,358,393,310,469,351,278,368,443,350
"954",337,277,330,314,363,329,335,274,415,339,378,236,314,364,276,283,389,419
"955",289,226,305,287,338,278,312,265,319,317,300,310,193,248,266,327,415,345
"956",316,238,291,302,386,314,307,295,377,346,409,287,330,368,305,324,354,327
"957",368,257,332,270,347,289,286,264,310,299,276,353,293,282,281,317,352,314
"958",349,247,337,291,329,313,287,267,332,284,307,278,272,232,284,282,367,326
"959",262,233,246,332,370,310,313,270,358,337,408,278,276,361,297,337,380,331
"960",244,198,253,308,378,291,323,346,315,361,386,298,285,343,282,373,425,346
"961",260,215,223,305,326,279,305,289,348,301,304,286,239,297,284,361,368,310
"962",282,257,300,315,378,314,320,273,319,340,393,389,234,317,277,337,344,342
"963",355,228,347,300,331,293,284,291,361,289,295,199,314,215,301,273,371,363
"964",237,197,314,328,382,282,327,321,285,355,390,319,204,358,280,353,463,331
"965",247,238,231,317,371,263,310,266,319,342,379,375,256,392,277,352,374,335
"966",212,238,256,309,378,352,308,295,336,343,377,332,200,341,268,330,494,353
"967",247,234,261,309,357,301,298,278,360,338,379,309,251,386,271,327,393,353
"968",290,236,254,304,344,286,303,302,371,296,294,319,263,292,284,380,386,309
"969",317,289,344,333,399,334,323,288,366,354,447,260,302,308,292,314,504,384
"970",236,215,264,317,372,310,316,291,351,332,426,315,185,339,285,315,466,326
"971",313,214,251,274,304,279,286,299,307,907,271,358,299,283,263,316,355,286
"972",284,227,244,311,367,278,304,263,345,336,374,289,431,387,240,301,375,357
"973",308,278,329,315,378,264,328,298,321,353,404,296,267,339,302,381,325,376
"974",310,248,249,286,324,329,283,289,362,292,277,279,300,278,279,316,355,317
"975",384,268,356,308,335,291,287,324,375,301,316,272,303,253,293,279,376,319
"976",278,207,263,299,360,347,303,252,316,329,379,325,278,344,252,299,463,381
"977",310,245,343,309,375,254,324,262,345,355,404,313,216,318,287,318,388,349
"978",318,228,337,324,368,329,319,297,313,345,476,332,1646,286,279,327,467,357
"979",274,232,327,317,360,248,291,265,311,342,394,320,240,312,311,340,330,380
"980",342,260,310,332,380,295,329,304,337,358,399,304,335,334,266,326,352,381
"981",247,255,245,313,374,313,319,299,379,328,387,300,279,368,291,339,364,366
"982",374,285,319,309,327,307,300,310,352,301,299,297,331,288,282,352,384,334
"983",309,261,313,336,384,260,311,277,376,323,413,290,267,317,324,341,341,366
"984",291,250,298,317,376,340,361,336,345,389,366,301,345,344,272,365,441,339
"985",282,263,301,320,377,252,332,272,301,340,409,393,253,342,269,367,330,350
"986",357,284,337,292,768,302,295,289,343,294,333,220,303,229,289,317,390,365
"987",238,217,271,321,372,288,311,269,352,336,406,288,185,330,297,307,456,336
"988",287,234,368,317,380,290,339,275,378,353,422,200,249,310,316,328,350,394
"989",284,251,304,328,373,295,316,232,327,348,395,337,233,361,290,307,392,371
"990",316,247,335,315,365,251,333,257,364,350,430,300,220,323,266,291,370,378
"991",359,237,319,289,339,296,299,287,319,289,298,371,294,270,280,299,351,325
"992",283,253,340,336,392,328,319,327,330,358,415,303,268,312,300,369,463,369
"993",363,236,330,296,334,308,275,255,343,298,282,313,297,249,277,299,385,333
"994",305,236,349,281,321,250,298,259,298,292,280,295,197,219,295,303,363,340
"995",222,249,252,311,377,324,329,295,334,338,396,317,216,328,284,328,498,375
"996",241,236,261,314,377,270,327,279,374,326,452,330,213,349,280,313,379,346
"997",294,244,320,357,374,343,336,299,342,350,420,301,226,315,303,338,447,397
"998",346,295,378,301,618,332,285,303,366,288,297,209,307,241,294,294,380,342
"999",327,222,266,287,337,328,281,311,378,299,284,223,308,255,285,301,384,333
"1000",281,218,269,302,365,337,316,325,319,338,370,314,315,335,286,348,444,330
