"","v Afghanistan","v Australia","v Bangladesh","v Bermuda","v Canada","v England","v Hong Kong","v India","v Ireland","v Kenya","v Netherlands","v New Zealand","v Pakistan","v Scotland","v South Africa","v Sri Lanka","v U.A.E.","v West Indies"
"1",248,158,230,289,285,232,169,232,247,312,307,408,255,227,193,186,327,308
"2",249,150,250,306,311,231,200,220,236,321,342,383,287,238,204,223,341,269
"3",271,167,230,321,310,246,189,248,244,324,348,399,273,227,225,204,353,266
"4",243,161,230,310,299,237,191,245,241,316,347,392,248,247,179,199,333,260
"5",252,135,234,309,295,230,195,237,251,333,336,391,217,221,212,218,364,257
"6",263,163,215,310,277,226,211,204,256,332,315,378,250,221,197,209,328,265
"7",251,154,222,298,297,245,203,228,244,315,336,394,273,242,193,207,337,276
"8",247,181,236,317,316,249,209,244,235,322,346,415,263,223,204,212,343,283
"9",227,151,239,287,280,237,213,229,231,345,318,383,214,230,189,210,355,263
"10",232,152,233,303,295,240,203,247,247,316,336,390,260,250,195,221,341,278
"11",237,160,260,310,318,245,221,245,257,341,351,371,245,240,215,231,367,254
"12",248,146,229,287,291,213,198,230,238,328,314,374,212,234,199,231,365,302
"13",251,170,234,325,309,233,231,236,247,330,344,398,294,233,208,218,351,293
"14",269,154,229,308,311,230,176,237,259,317,314,415,259,217,182,196,328,273
"15",227,161,238,282,297,230,188,252,253,331,314,389,222,237,168,188,365,274
"16",260,167,216,295,293,222,211,240,246,319,327,415,265,220,162,197,325,300
"17",236,144,236,319,299,236,213,245,254,327,354,407,239,247,231,207,356,268
"18",261,165,228,292,279,211,183,223,219,307,320,390,246,219,168,195,332,292
"19",209,168,252,303,288,240,200,248,244,340,343,376,259,231,208,229,359,275
"20",253,170,220,301,295,240,177,239,231,312,304,390,260,232,193,195,325,248
"21",235,155,229,301,281,235,198,225,246,328,338,406,271,247,205,203,336,277
"22",266,157,249,310,329,230,199,234,264,335,350,399,270,236,223,207,355,289
"23",235,152,212,305,288,242,186,245,246,338,342,378,240,255,212,224,360,246
"24",251,168,240,298,273,224,184,248,243,330,306,387,265,245,180,202,325,273
"25",270,163,208,312,273,222,176,246,230,328,313,379,243,211,177,204,312,297
"26",239,163,210,288,272,220,192,262,244,318,327,377,235,247,182,216,358,284
"27",219,156,228,289,284,216,178,242,241,327,320,370,223,231,183,215,362,276
"28",222,147,224,304,318,243,203,239,247,327,337,371,235,230,206,215,360,257
"29",252,156,227,298,288,241,197,233,256,306,335,401,273,241,208,212,337,290
"30",250,159,239,303,261,216,187,231,233,323,310,387,213,238,165,206,363,261
"31",257,163,238,324,307,226,194,266,247,340,352,384,235,237,219,231,373,285
"32",269,149,227,318,294,245,216,252,243,340,345,398,281,254,216,213,355,270
"33",233,153,236,314,277,239,208,242,231,335,320,403,281,249,196,197,335,677
"34",275,160,226,297,281,238,182,253,229,307,304,379,261,246,166,183,320,291
"35",225,158,228,302,289,232,184,223,232,322,346,395,231,240,212,219,359,255
"36",285,160,214,294,293,224,164,251,232,325,314,383,262,225,182,199,333,289
"37",270,153,228,304,315,232,181,216,250,322,335,382,263,232,225,218,343,260
"38",252,158,224,298,285,222,202,228,252,327,316,377,249,248,162,189,325,292
"39",266,177,235,317,286,242,202,229,245,354,356,405,293,266,212,224,345,263
"40",229,154,227,298,283,231,192,218,241,333,321,369,201,223,177,218,359,271
"41",236,156,251,308,320,236,183,236,270,320,325,397,241,221,229,222,376,268
"42",224,144,218,305,299,230,212,248,244,325,345,395,240,229,215,216,362,253
"43",216,167,231,311,307,251,201,246,252,336,340,400,244,245,225,205,367,272
"44",252,174,224,311,287,247,205,232,246,323,346,406,269,257,203,220,345,290
"45",222,151,237,297,310,230,196,243,242,327,335,409,229,244,217,218,358,256
"46",230,158,245,299,301,253,204,253,249,344,346,397,244,237,233,217,381,269
"47",245,155,219,288,276,236,193,229,237,329,318,363,224,233,180,201,355,270
"48",226,141,242,307,277,243,194,220,247,337,337,394,221,219,216,214,363,268
"49",247,147,222,292,306,222,197,233,219,332,316,360,221,213,187,237,347,291
"50",266,151,242,319,317,250,221,229,266,344,357,399,240,247,215,238,377,744
"51",249,145,213,301,314,221,220,229,220,341,329,392,257,240,227,211,371,265
"52",259,173,226,299,302,225,178,236,251,331,306,372,223,227,168,216,359,281
"53",247,153,240,304,287,229,180,228,226,321,319,394,261,215,170,193,325,285
"54",250,169,202,277,306,218,218,254,235,311,312,390,252,236,189,197,314,272
"55",236,145,223,305,290,231,202,219,245,338,335,389,233,240,221,231,381,247
"56",297,158,236,319,302,231,203,247,235,342,350,416,279,233,199,217,341,257
"57",234,159,249,312,326,245,190,246,249,338,349,392,232,255,231,202,387,275
"58",259,166,237,289,276,238,178,227,245,302,311,377,260,230,162,186,326,276
"59",259,161,236,314,304,252,223,290,252,347,353,403,274,249,223,220,345,289
"60",231,153,238,309,290,241,213,244,222,351,354,402,256,255,226,204,370,263
"61",279,168,235,295,289,239,180,238,239,328,302,385,251,233,193,190,331,289
"62",264,162,218,289,296,216,196,204,212,328,329,392,264,233,187,183,325,268
"63",232,154,237,299,307,242,201,240,229,327,330,383,262,230,202,200,347,278
"64",250,157,232,304,303,227,241,231,234,327,335,390,226,256,218,232,359,246
"65",232,155,247,296,286,243,209,247,245,333,362,403,257,248,230,231,362,271
"66",248,165,239,299,301,232,187,233,259,327,331,405,296,237,206,214,332,293
"67",252,166,230,306,284,228,202,244,225,306,342,370,264,229,210,209,330,269
"68",247,163,240,311,288,233,201,229,248,325,341,391,250,241,201,210,337,276
"69",230,158,238,307,297,248,212,232,238,334,343,406,278,236,207,218,345,277
"70",264,154,234,298,269,233,215,224,221,314,308,383,255,228,165,195,327,290
"71",255,156,243,310,295,237,208,241,244,332,353,412,248,253,215,222,371,252
"72",217,154,231,316,286,236,189,242,252,337,351,368,233,229,207,217,363,262
"73",247,158,237,306,297,244,212,256,262,334,347,386,245,246,219,211,363,278
"74",240,149,221,310,290,237,172,262,253,345,333,386,246,244,213,215,354,273
"75",244,156,244,316,314,246,217,243,245,346,358,400,236,249,228,214,374,1419
"76",236,155,249,317,317,239,201,235,262,340,351,386,246,240,228,210,381,294
"77",245,148,218,297,273,216,212,223,236,333,320,388,219,247,181,217,359,296
"78",269,155,220,292,289,227,180,218,233,313,314,387,244,218,172,204,330,276
"79",238,156,248,314,289,227,179,257,244,319,333,408,281,242,201,194,334,248
"80",224,156,232,310,304,232,211,256,265,328,334,412,238,234,227,221,359,275
"81",240,145,223,304,290,231,194,244,240,323,342,382,274,250,196,222,335,271
"82",222,145,229,305,281,240,223,239,261,333,335,395,231,246,212,242,367,266
"83",260,157,227,288,274,218,209,236,216,320,319,381,259,219,171,190,327,278
"84",263,153,215,303,306,240,209,235,242,337,334,404,264,242,195,227,334,269
"85",252,163,221,304,303,225,186,217,228,315,309,367,255,226,161,211,337,279
"86",213,163,259,304,286,257,210,231,241,346,347,399,232,260,223,215,366,258
"87",237,154,234,298,282,230,185,231,222,325,313,381,224,216,197,220,352,294
"88",260,170,213,297,284,222,204,241,212,319,308,380,241,219,181,185,333,274
"89",263,155,241,316,329,246,188,229,268,326,361,380,247,240,208,228,370,274
"90",244,163,236,306,297,237,206,247,237,340,346,379,239,247,226,223,377,283
"91",247,162,227,294,284,226,200,231,236,321,332,401,257,216,194,212,337,283
"92",256,166,245,310,311,253,216,274,247,348,343,382,233,250,209,220,368,274
"93",229,160,215,294,281,218,160,242,229,337,306,368,209,225,196,209,352,262
"94",262,155,268,309,298,238,197,256,257,341,344,397,246,251,230,207,362,298
"95",259,171,231,307,281,245,217,236,268,344,353,402,279,245,202,204,331,792
"96",280,167,262,317,320,243,225,243,244,332,347,421,284,250,205,207,342,280
"97",267,166,230,286,287,235,202,239,230,317,330,389,264,252,169,182,330,283
"98",232,150,249,307,286,240,205,237,258,349,340,376,220,250,200,236,352,253
"99",268,155,250,307,290,237,193,222,248,325,336,404,276,247,201,226,330,266
"100",244,157,218,309,280,230,184,238,221,325,305,367,205,237,176,202,364,290
"101",251,157,234,303,301,233,220,225,237,310,337,405,284,254,212,216,333,273
"102",277,161,245,317,284,240,177,272,235,340,352,420,271,244,234,206,346,270
"103",242,154,229,319,282,230,195,239,255,336,348,392,244,239,226,237,361,267
"104",228,148,259,313,289,236,179,231,237,336,343,374,241,249,210,220,361,256
"105",245,150,215,301,277,219,166,233,241,349,312,374,219,249,211,210,356,271
"106",268,171,231,310,289,230,184,243,232,306,305,398,264,229,186,189,325,306
"107",246,163,229,310,297,230,203,241,227,334,315,379,209,227,185,212,365,296
"108",239,156,243,305,307,248,195,240,260,344,335,377,237,243,239,241,374,266
"109",274,159,220,307,290,232,204,233,226,341,351,409,267,256,211,207,350,288
"110",286,153,251,310,302,229,176,233,263,328,334,395,298,238,211,224,337,301
"111",217,146,249,309,269,243,208,243,239,338,341,395,247,252,204,209,365,269
"112",253,147,240,299,293,237,189,236,236,338,332,374,228,238,213,212,362,283
"113",243,144,225,311,298,232,193,229,232,325,337,392,249,221,218,243,368,257
"114",273,161,208,303,288,230,160,214,233,310,314,385,274,207,169,202,324,277
"115",274,155,232,298,285,237,195,210,257,329,325,400,261,225,199,207,341,266
"116",240,152,219,298,301,238,195,226,240,314,312,377,217,246,171,218,360,276
"117",271,170,226,299,284,228,179,244,236,311,325,385,263,229,168,213,325,281
"118",246,164,238,295,302,233,201,219,224,334,336,400,276,228,226,187,340,272
"119",280,167,252,316,308,243,218,250,258,339,351,396,270,235,210,210,339,283
"120",212,147,228,296,287,225,200,248,251,344,346,371,242,253,204,239,361,276
"121",223,161,224,294,303,240,197,221,236,331,312,369,212,235,196,223,363,265
"122",225,163,232,299,304,232,160,225,248,326,313,373,232,233,176,202,361,263
"123",237,146,250,308,285,239,198,232,251,337,330,408,289,236,198,191,333,270
"124",240,153,235,308,281,227,239,245,245,315,339,398,265,236,208,188,342,265
"125",224,148,236,314,286,239,211,242,238,336,338,371,223,244,224,222,368,329
"126",245,168,249,303,291,252,201,221,266,329,342,384,291,239,205,202,343,283
"127",253,157,238,289,286,235,210,221,251,308,322,391,264,232,174,178,330,274
"128",261,160,232,307,288,237,206,244,220,322,315,399,277,218,178,195,324,275
"129",267,162,206,297,296,233,209,243,250,298,320,400,248,216,165,191,335,276
"130",201,157,234,312,311,246,191,249,265,344,339,397,250,230,232,224,373,273
"131",261,165,232,309,281,244,196,219,249,335,341,390,280,238,187,206,334,264
"132",250,160,241,314,286,233,203,224,255,330,351,387,228,241,217,237,357,255
"133",241,144,262,314,320,238,172,241,247,350,351,382,222,254,211,206,376,1893
"134",226,153,214,287,292,228,191,245,258,317,308,379,219,233,182,210,369,282
"135",249,154,213,310,305,241,194,229,245,317,348,402,269,257,190,205,336,261
"136",230,158,236,324,310,245,179,237,243,345,343,394,268,251,198,211,334,271
"137",269,164,231,295,295,236,187,244,219,316,309,386,263,235,183,182,333,268
"138",241,160,225,298,305,238,190,239,261,318,344,405,273,258,205,213,339,266
"139",233,150,274,306,303,227,214,207,251,324,337,386,219,247,223,224,358,923
"140",237,151,240,303,281,238,174,246,247,318,344,395,265,222,199,206,337,285
"141",258,141,233,294,287,236,199,221,243,347,339,401,260,224,204,214,343,275
"142",235,148,236,308,323,240,210,230,241,349,333,384,222,245,233,229,377,278
"143",267,150,257,315,286,250,215,255,258,340,338,392,248,250,220,215,363,279
"144",228,145,217,301,291,231,227,223,253,330,346,395,234,228,218,209,363,279
"145",268,159,260,310,298,246,199,242,266,338,332,386,243,241,220,228,376,278
"146",225,168,251,313,303,244,217,242,238,351,348,391,269,236,201,203,339,303
"147",223,164,227,311,302,232,212,219,248,334,351,393,230,238,214,233,371,258
"148",263,156,252,318,306,241,231,231,252,328,350,421,287,254,242,210,344,318
"149",245,167,227,300,302,227,192,229,217,331,297,368,198,231,175,219,366,268
"150",267,152,204,298,275,228,186,221,234,304,308,372,251,238,177,179,317,286
"151",239,153,215,295,297,227,191,241,226,315,311,385,232,223,187,201,364,270
"152",280,168,213,290,294,235,189,224,228,312,307,385,227,220,181,194,323,273
"153",259,156,220,304,307,229,198,238,260,323,310,394,237,235,186,192,326,280
"154",258,160,209,297,306,224,203,234,238,319,327,390,260,235,197,185,340,273
"155",249,158,241,312,308,240,215,255,246,346,354,388,272,252,202,221,344,290
"156",248,153,234,305,299,235,213,225,230,328,350,399,252,234,194,205,328,269
"157",239,175,260,318,305,244,206,253,240,334,342,392,251,255,232,227,373,261
"158",262,149,216,299,276,230,174,244,240,322,315,380,213,232,192,230,349,287
"159",271,172,220,292,279,214,169,232,225,309,303,376,270,220,163,203,331,267
"160",241,142,240,309,307,231,201,212,255,336,343,387,268,229,202,217,374,272
"161",274,169,240,311,292,239,192,242,242,333,347,406,277,229,207,208,343,291
"162",224,148,212,309,292,223,196,236,248,331,344,378,238,249,214,238,368,240
"163",271,159,226,314,298,246,203,229,263,318,349,400,262,238,215,205,335,288
"164",274,163,218,300,313,226,174,218,225,328,334,374,257,216,166,194,326,289
"165",266,158,231,307,311,229,204,217,245,329,343,413,273,243,220,205,326,267
"166",227,161,229,292,311,212,193,234,216,315,308,369,255,239,178,192,334,314
"167",235,149,223,311,279,230,193,237,240,319,342,368,225,237,239,251,370,263
"168",269,163,252,319,329,238,216,250,258,337,350,407,273,247,202,202,347,282
"169",231,161,246,309,300,238,177,249,257,317,340,404,266,250,210,213,332,278
"170",241,167,235,305,306,242,198,235,239,347,345,402,227,238,224,235,355,252
"171",242,154,252,316,313,247,209,233,262,344,339,396,236,243,220,214,369,268
"172",264,172,226,293,280,218,190,221,241,310,338,389,241,222,165,181,327,284
"173",247,152,222,304,291,232,198,223,236,322,303,382,201,232,192,220,358,268
"174",254,154,220,300,298,208,199,233,247,306,308,364,193,242,179,212,352,275
"175",261,153,218,297,289,223,197,221,243,321,308,398,248,229,175,207,329,273
"176",217,151,228,309,286,231,201,242,234,319,350,384,227,240,203,230,356,265
"177",247,167,238,302,271,225,181,241,252,330,320,360,225,237,170,207,345,263
"178",236,150,234,302,284,226,209,242,252,326,353,386,233,238,208,214,364,285
"179",240,146,228,316,304,237,181,238,227,330,332,410,265,252,212,216,334,269
"180",270,171,237,303,289,231,193,223,225,313,306,384,236,240,172,190,335,280
"181",249,158,262,324,308,243,197,264,270,349,348,382,275,257,226,212,347,276
"182",253,163,269,309,307,235,202,270,245,346,355,375,229,232,218,243,368,268
"183",233,169,254,311,320,241,220,227,247,336,332,403,296,258,227,181,349,283
"184",262,149,228,300,282,233,211,215,224,319,315,389,260,227,196,196,321,289
"185",262,162,241,296,306,223,200,241,227,306,308,383,263,221,192,197,335,277
"186",231,163,225,293,315,236,209,232,235,331,305,372,219,227,170,211,362,271
"187",247,144,261,302,298,237,182,233,252,347,343,374,231,231,234,228,357,248
"188",223,159,231,295,304,219,201,233,242,336,311,374,227,236,186,231,348,279
"189",274,159,267,308,316,243,170,228,235,334,351,407,289,246,214,222,338,281
"190",243,161,251,310,329,237,196,250,254,333,342,382,247,239,228,200,376,264
"191",250,143,224,309,286,227,178,221,234,317,308,376,226,240,170,202,361,274
"192",253,157,240,316,290,241,186,242,257,330,357,412,275,230,209,196,347,294
"193",235,164,231,317,309,228,187,238,253,342,341,410,241,240,214,246,366,258
"194",238,172,221,290,284,234,184,234,234,347,309,375,230,246,174,205,353,274
"195",240,152,228,300,296,238,188,259,258,339,354,362,231,241,232,219,369,277
"196",243,161,236,303,271,226,198,227,252,308,313,402,287,220,190,202,326,272
"197",220,154,222,298,295,215,167,230,237,337,324,375,222,218,178,227,362,273
"198",259,162,234,294,297,222,166,227,225,335,311,381,255,206,178,185,338,278
"199",234,161,224,295,311,217,184,226,233,333,310,386,213,232,180,209,355,281
"200",263,160,215,290,302,226,164,241,226,311,320,396,260,220,211,181,326,279
"201",239,153,217,299,275,232,193,236,227,321,306,357,224,245,180,238,354,274
"202",229,158,222,303,314,234,214,246,264,327,332,378,217,242,218,225,357,259
"203",260,158,215,293,257,228,177,235,227,319,330,383,249,237,163,201,337,276
"204",241,154,239,300,293,231,216,249,248,323,301,390,206,231,170,224,359,278
"205",248,161,242,315,298,252,203,245,271,343,350,389,236,229,220,233,371,271
"206",247,148,238,299,294,225,209,238,256,311,350,404,269,242,228,179,338,276
"207",215,153,223,309,299,230,187,235,255,341,338,381,246,241,225,215,360,260
"208",235,141,211,309,296,221,169,254,233,322,348,381,234,225,233,226,360,249
"209",239,156,241,303,297,253,213,245,251,326,336,414,281,238,209,215,348,269
"210",250,166,230,315,309,238,221,236,252,345,344,394,269,241,222,211,332,275
"211",254,167,229,314,306,240,208,238,262,322,337,395,276,232,205,227,345,278
"212",275,160,208,293,275,217,210,237,238,322,312,373,261,257,171,185,327,277
"213",260,143,256,302,309,232,204,224,243,327,347,397,281,243,201,202,335,265
"214",262,170,254,323,314,251,209,241,240,339,352,396,293,244,217,205,350,293
"215",235,146,249,298,298,232,193,257,243,326,350,378,239,254,201,229,374,280
"216",244,161,228,312,273,216,215,231,252,325,309,374,227,227,195,206,351,291
"217",258,153,219,303,292,229,177,250,220,331,355,416,285,252,215,198,344,250
"218",218,154,219,306,282,221,188,253,254,330,318,377,216,241,195,217,356,263
"219",255,152,219,296,281,211,197,232,235,312,294,392,260,236,179,184,320,286
"220",222,147,232,309,283,249,193,238,253,325,350,390,222,244,234,224,366,268
"221",233,151,224,302,289,213,183,247,248,324,307,383,218,222,196,249,350,278
"222",229,143,249,298,312,235,204,238,219,321,354,378,207,228,200,218,370,261
"223",258,156,238,310,293,244,201,271,242,339,333,385,285,247,211,224,341,270
"224",257,158,199,311,273,237,196,234,235,336,354,388,289,252,217,212,347,271
"225",216,155,220,304,284,227,212,234,248,327,303,371,205,234,175,194,362,272
"226",255,163,224,298,309,235,181,222,224,326,335,385,275,241,204,204,342,263
"227",244,155,235,286,281,223,182,236,233,334,300,380,267,233,155,203,335,281
"228",231,147,227,300,291,245,193,227,234,341,343,388,231,228,218,233,359,242
"229",265,158,218,295,289,227,198,251,234,313,308,380,241,233,164,186,319,273
"230",241,173,229,305,287,214,194,227,228,314,314,384,199,248,191,225,348,268
"231",250,173,216,302,293,225,179,225,225,312,314,389,239,213,154,200,329,276
"232",229,169,246,322,313,251,188,237,249,340,359,390,275,233,197,204,338,276
"233",226,163,264,321,305,249,209,228,266,332,349,397,242,245,214,224,364,270
"234",258,150,223,301,283,241,220,226,233,329,336,405,266,242,208,194,325,258
"235",261,155,234,304,294,229,191,229,229,328,344,386,261,255,211,204,332,299
"236",219,155,205,304,284,220,192,229,261,318,321,375,228,217,171,206,364,256
"237",244,168,250,303,316,235,222,236,277,313,343,376,247,256,223,218,363,275
"238",240,144,223,299,286,228,198,235,227,315,320,390,219,238,185,225,362,263
"239",240,148,218,308,302,228,190,226,257,323,336,398,233,246,213,239,361,266
"240",247,154,208,302,286,247,193,245,238,334,344,402,243,243,197,228,360,258
"241",264,161,252,311,286,232,200,236,249,348,347,393,250,248,220,224,374,269
"242",215,146,230,305,310,226,200,236,241,326,326,377,216,237,201,241,369,268
"243",272,164,238,318,315,238,189,244,270,352,343,393,252,260,225,228,370,256
"244",248,151,224,300,266,230,192,229,242,322,329,382,226,232,183,209,343,257
"245",238,169,220,290,275,223,185,231,234,306,313,372,264,223,177,193,331,286
"246",242,168,244,303,289,225,190,250,248,320,304,374,205,239,175,237,359,261
"247",220,166,220,291,298,213,173,220,242,323,313,394,234,233,188,211,350,274
"248",253,163,227,302,277,225,200,258,229,326,307,381,220,238,204,232,350,299
"249",236,163,257,315,290,245,208,224,235,351,351,380,235,238,219,237,380,269
"250",217,142,233,298,299,240,185,237,244,332,341,388,261,226,204,219,359,268
"251",233,146,240,301,307,238,202,245,244,326,350,411,261,243,215,205,342,318
"252",259,160,235,286,296,237,186,221,260,334,321,369,226,218,185,227,354,280
"253",240,151,238,305,310,242,178,237,246,350,354,409,243,257,234,236,365,284
"254",264,172,244,312,314,249,221,218,253,324,349,389,283,228,209,192,339,270
"255",264,155,256,308,303,245,201,217,257,338,341,413,261,238,193,220,344,290
"256",222,145,261,319,305,251,262,263,254,332,356,399,248,241,234,230,361,264
"257",259,161,215,300,291,216,179,231,250,317,325,399,256,233,184,189,328,286
"258",253,160,254,316,313,240,171,242,256,340,353,410,254,238,214,226,362,278
"259",257,168,213,296,294,225,191,236,240,311,314,414,265,248,192,182,326,279
"260",264,168,232,308,304,231,193,226,253,331,335,391,279,242,202,209,334,259
"261",261,165,220,301,295,224,174,239,232,313,330,385,249,232,183,203,332,301
"262",253,156,200,294,281,233,202,237,241,321,312,383,218,238,191,228,354,273
"263",257,174,224,294,290,245,182,228,226,320,311,380,254,231,167,179,327,287
"264",255,155,221,304,299,227,194,236,232,330,324,388,209,229,190,217,347,273
"265",274,158,241,298,293,243,177,231,234,315,311,368,270,241,182,195,334,287
"266",265,156,249,320,315,230,186,234,248,325,335,382,272,214,220,209,335,258
"267",258,143,219,304,307,244,201,228,237,316,338,398,271,251,203,219,342,286
"268",260,164,236,304,310,241,207,232,244,337,344,400,296,249,210,206,346,269
"269",256,146,221,304,309,239,187,243,235,343,345,373,226,227,206,220,351,263
"270",266,184,242,315,294,238,198,247,253,348,334,393,280,251,215,196,337,263
"271",264,165,229,295,288,236,231,237,219,312,304,375,257,234,177,210,329,291
"272",232,161,252,292,272,230,164,245,247,334,309,384,218,225,178,211,341,264
"273",248,153,233,297,293,237,176,229,247,331,299,374,215,221,181,216,366,271
"274",261,161,220,294,278,223,208,227,240,320,320,371,240,236,188,219,359,271
"275",221,154,231,312,298,224,177,235,246,322,349,399,247,244,194,201,333,284
"276",274,150,206,314,300,240,180,247,236,325,337,399,276,229,208,190,333,265
"277",255,156,237,308,299,243,184,240,223,344,355,393,284,242,218,203,340,283
"278",265,157,222,291,286,216,177,243,224,340,315,363,237,235,184,212,363,256
"279",253,170,221,308,288,230,186,232,240,336,322,395,239,236,184,184,329,276
"280",251,147,216,307,297,244,187,251,252,318,339,372,232,248,221,225,373,263
"281",243,177,214,310,304,247,186,250,254,335,346,402,296,256,217,206,341,283
"282",224,169,244,318,302,234,211,270,248,333,343,384,247,235,211,229,378,270
"283",221,153,219,285,274,217,190,244,254,325,305,386,217,232,176,232,362,275
"284",225,160,232,310,293,228,202,244,250,342,336,367,220,238,211,205,366,274
"285",251,158,204,297,290,223,163,220,246,331,304,383,257,225,182,198,327,290
"286",235,139,216,302,287,238,204,234,266,346,336,379,229,223,226,212,364,268
"287",246,160,233,305,283,241,195,252,224,322,351,409,276,255,209,211,348,295
"288",246,165,242,296,291,233,194,236,241,326,327,388,213,240,172,216,355,257
"289",221,154,209,292,277,225,197,233,219,326,317,368,224,211,186,193,353,275
"290",271,158,203,291,276,220,162,246,232,323,322,384,273,234,178,210,330,272
"291",235,143,223,307,288,231,199,247,253,311,350,395,270,242,217,192,337,349
"292",228,156,221,287,284,228,180,230,221,314,320,386,213,223,178,217,360,274
"293",236,162,252,305,306,245,201,247,242,353,352,396,233,263,212,202,365,284
"294",249,172,230,318,284,243,202,258,249,351,356,407,277,244,209,217,343,274
"295",244,154,250,312,310,243,207,241,253,340,351,403,275,241,200,190,343,283
"296",266,161,247,317,313,242,171,235,243,321,346,398,278,259,214,203,349,276
"297",242,158,232,294,267,227,182,228,221,326,309,378,230,220,190,231,354,251
"298",225,145,257,304,319,227,220,230,245,325,339,391,245,233,214,222,372,266
"299",208,154,238,303,311,233,198,226,242,344,342,385,229,233,212,231,368,269
"300",254,171,247,308,299,257,213,250,241,324,346,408,260,250,191,214,357,285
"301",248,155,229,302,299,238,229,224,256,324,330,402,251,255,208,211,338,279
"302",223,153,245,328,299,236,198,258,269,346,369,374,235,240,228,212,365,281
"303",252,160,236,309,313,239,200,239,261,330,342,398,256,247,211,213,342,286
"304",271,170,243,317,291,240,202,235,255,324,342,409,290,253,212,200,338,266
"305",228,159,228,299,281,230,213,237,244,312,315,370,204,242,197,219,353,261
"306",270,171,239,329,311,238,192,240,252,331,335,401,290,234,204,200,347,275
"307",223,154,260,307,309,228,199,228,235,340,346,393,240,242,214,218,354,260
"308",241,172,199,299,294,230,211,229,246,331,311,382,252,232,178,175,325,266
"309",242,157,234,315,297,248,207,241,242,333,345,414,288,243,224,207,357,279
"310",219,149,216,292,290,232,172,239,230,318,305,378,207,215,184,204,353,298
"311",217,149,228,300,280,230,192,246,264,332,341,382,228,250,220,203,373,265
"312",227,149,239,303,294,249,220,225,231,338,334,384,235,248,207,217,368,257
"313",253,155,237,310,320,242,207,240,278,360,348,404,264,241,208,218,345,306
"314",261,165,235,317,304,237,208,239,237,342,356,387,274,244,212,211,336,287
"315",218,156,263,303,286,219,198,225,251,316,318,373,215,240,189,210,365,257
"316",253,150,217,294,290,241,186,241,241,328,349,378,242,239,244,234,365,245
"317",230,163,245,309,316,248,238,243,249,338,366,406,292,258,207,208,345,269
"318",257,167,241,312,302,252,207,242,271,334,350,392,252,247,216,219,379,275
"319",264,152,220,293,295,227,180,232,236,319,315,389,239,229,175,197,334,267
"320",276,150,235,309,282,227,191,236,224,311,351,380,264,237,201,226,335,269
"321",266,156,204,309,303,230,202,218,256,317,341,361,266,242,205,196,345,337
"322",225,152,238,317,290,248,192,234,248,349,365,392,237,246,221,226,379,275
"323",276,151,229,306,297,236,189,237,228,319,333,403,253,236,204,198,349,258
"324",259,164,237,311,299,255,191,245,254,336,350,423,285,241,227,192,328,411
"325",228,159,244,309,299,236,188,243,260,331,355,397,244,234,213,216,354,264
"326",249,157,231,318,312,237,185,265,262,347,359,401,237,240,218,216,371,274
"327",268,153,237,309,262,230,183,238,229,304,308,388,243,235,207,191,328,289
"328",239,150,224,303,282,222,190,236,255,325,297,371,240,222,183,223,349,277
"329",226,152,229,294,283,233,196,217,248,318,310,378,206,241,184,207,348,280
"330",254,155,221,299,300,221,186,219,233,322,301,418,258,242,170,197,320,278
"331",254,153,240,309,301,245,224,230,266,352,344,415,239,252,219,228,377,283
"332",268,165,244,316,291,239,181,246,240,351,363,422,272,246,205,214,354,287
"333",265,155,242,302,295,249,199,243,245,339,344,393,265,247,205,200,344,257
"334",249,153,227,299,308,239,187,247,247,336,345,379,226,245,239,226,368,278
"335",247,162,203,291,294,225,196,247,241,339,311,373,207,222,185,200,360,280
"336",237,142,253,309,305,240,210,237,230,339,338,380,245,237,213,233,364,267
"337",281,160,239,316,311,245,202,244,257,371,343,378,233,244,231,209,370,267
"338",246,167,203,299,291,226,162,224,221,317,309,404,260,244,147,204,327,289
"339",257,163,220,296,273,218,179,247,243,331,302,376,225,237,182,213,356,276
"340",267,167,239,316,317,244,199,257,232,329,354,391,277,257,220,207,348,285
"341",245,155,240,315,298,243,189,234,263,342,348,409,231,254,213,228,362,267
"342",236,138,208,310,285,216,182,236,240,329,321,384,206,229,185,228,356,260
"343",260,159,219,291,273,220,203,229,242,336,304,401,274,249,170,187,318,265
"344",244,159,238,309,271,235,186,228,224,327,332,405,278,247,207,203,331,271
"345",228,153,245,308,283,233,198,233,263,335,342,388,244,211,215,229,363,260
"346",258,147,242,301,310,250,197,249,246,330,352,404,287,245,221,218,346,277
"347",228,169,238,313,300,247,186,263,252,366,348,390,239,250,227,223,380,266
"348",263,161,240,310,301,234,194,223,246,337,346,405,251,239,213,226,333,273
"349",265,164,208,294,287,233,170,245,234,298,321,383,268,211,173,197,329,280
"350",251,158,241,308,314,233,205,234,247,334,351,398,280,250,211,219,329,291
"351",256,151,232,310,305,241,189,251,233,320,341,401,274,257,212,203,335,266
"352",258,159,221,293,293,225,192,244,240,332,363,400,270,227,208,208,329,286
"353",239,165,267,298,305,236,203,247,241,334,351,379,220,242,216,244,377,261
"354",228,157,238,309,317,234,199,249,282,348,356,394,234,237,208,238,352,271
"355",260,156,203,304,301,236,184,237,249,316,344,407,273,237,210,218,336,261
"356",276,139,247,312,278,237,200,230,266,355,344,399,278,232,210,184,351,284
"357",240,160,246,310,292,239,189,259,264,344,350,400,249,269,214,220,383,279
"358",241,155,245,313,295,236,227,236,253,336,347,394,225,254,222,229,374,275
"359",258,152,230,294,278,231,178,259,238,323,324,378,245,233,186,215,349,269
"360",256,158,229,317,298,240,229,239,264,339,357,415,265,229,207,230,345,298
"361",217,160,212,299,305,224,201,234,271,336,313,360,215,231,197,212,357,273
"362",220,153,241,306,300,236,220,224,264,339,353,388,213,224,219,225,360,259
"363",224,146,254,316,300,244,207,246,248,335,338,385,230,264,204,217,369,332
"364",246,165,202,293,282,219,194,231,228,317,320,391,258,226,189,204,318,260
"365",217,176,251,310,307,242,196,237,250,324,360,412,235,249,236,241,377,309
"366",276,155,240,318,308,248,186,235,249,342,345,408,268,249,215,209,335,285
"367",210,151,221,292,284,224,191,253,244,341,309,373,213,200,178,219,361,274
"368",266,161,217,303,262,236,184,227,222,320,318,391,269,234,183,209,331,266
"369",237,152,242,315,286,240,209,243,246,336,369,392,245,249,209,229,387,285
"370",227,161,223,305,292,236,190,225,238,332,349,383,208,242,216,219,364,262
"371",248,161,226,318,300,256,214,251,239,332,354,407,270,260,222,229,349,283
"372",266,162,229,294,299,225,186,223,228,320,321,399,251,226,177,189,332,261
"373",217,156,223,315,319,255,195,245,239,327,345,397,241,239,239,221,379,279
"374",247,154,254,290,297,237,229,237,262,331,344,379,244,245,230,221,376,260
"375",239,150,229,306,278,222,161,247,233,326,314,377,208,246,177,215,349,278
"376",228,168,245,323,294,244,173,229,256,349,346,394,241,236,205,231,372,259
"377",244,165,254,307,305,254,201,255,257,342,332,389,248,240,230,223,357,255
"378",237,169,221,306,288,219,203,260,253,320,313,398,260,209,186,200,326,271
"379",228,160,259,319,307,233,221,243,257,338,351,396,250,258,210,231,369,254
"380",227,155,228,298,298,227,206,238,244,322,321,369,214,232,170,200,343,275
"381",243,165,248,313,293,244,215,264,282,348,342,380,242,255,210,226,386,251
"382",220,168,244,309,306,249,179,233,255,344,349,410,232,255,217,229,376,274
"383",242,157,250,316,292,245,190,227,244,342,346,431,287,255,232,201,344,267
"384",241,173,217,301,292,236,182,244,241,330,311,364,237,233,196,215,359,259
"385",224,154,257,310,287,235,205,245,240,319,359,376,224,245,217,226,357,1211
"386",260,153,239,307,326,243,194,248,266,334,364,394,262,241,219,212,343,289
"387",269,163,234,319,311,245,200,250,255,328,353,407,279,237,226,207,341,271
"388",241,150,250,312,318,246,188,231,257,319,351,397,247,245,226,208,369,277
"389",215,148,237,310,296,236,211,229,254,323,333,387,227,238,211,222,364,259
"390",285,157,226,301,297,218,189,214,232,318,316,385,256,212,184,182,325,284
"391",262,150,229,301,301,224,212,235,254,317,338,387,216,238,217,234,356,264
"392",256,163,226,303,292,235,214,233,231,330,342,399,287,236,215,202,329,273
"393",245,157,226,287,286,232,176,224,256,328,320,395,194,237,176,196,363,288
"394",255,157,254,303,278,242,204,239,248,361,342,404,235,248,220,220,366,270
"395",245,153,226,304,291,237,199,218,236,326,346,396,276,235,227,198,336,268
"396",235,155,210,300,271,232,190,225,250,344,302,360,213,224,204,208,342,284
"397",266,161,211,298,282,231,192,234,235,321,315,395,232,240,176,185,331,286
"398",238,156,238,310,295,234,190,234,238,330,344,386,269,250,199,196,329,268
"399",232,170,235,324,320,231,219,242,255,331,344,383,254,248,212,205,362,256
"400",224,151,232,311,290,233,189,242,222,339,334,396,226,235,214,233,357,259
"401",276,159,228,325,296,235,225,258,245,330,350,404,279,254,218,218,342,266
"402",254,159,234,303,314,239,216,250,252,344,347,410,268,242,230,209,342,264
"403",235,149,232,307,318,231,184,234,241,323,334,401,264,242,202,234,341,268
"404",245,169,227,311,299,230,218,230,229,323,340,382,278,249,210,199,338,270
"405",254,144,218,297,289,240,204,245,257,342,340,391,267,250,217,198,334,258
"406",273,145,227,304,285,229,205,230,240,318,351,398,279,235,199,210,333,321
"407",274,167,251,314,304,240,185,235,262,328,369,399,268,248,230,199,340,290
"408",249,156,225,297,297,241,190,264,230,337,351,400,251,243,202,201,330,260
"409",239,144,224,295,304,241,204,227,248,330,337,392,246,236,202,216,368,258
"410",224,153,235,290,297,238,187,229,254,328,301,370,227,249,199,214,365,283
"411",219,143,245,293,305,233,212,267,254,324,334,393,246,257,186,219,378,261
"412",244,167,267,308,324,248,223,249,264,334,353,407,255,263,220,232,372,267
"413",244,164,233,313,316,246,228,253,233,323,349,401,279,246,216,195,344,297
"414",214,162,216,305,284,224,204,256,231,320,305,386,208,236,197,222,335,261
"415",243,151,271,311,315,245,212,249,244,340,351,401,243,243,222,220,372,301
"416",239,156,238,308,324,244,225,257,255,344,343,413,236,239,225,216,372,287
"417",251,175,250,321,293,242,218,250,263,323,337,406,271,234,232,209,335,290
"418",250,147,224,295,288,233,206,231,240,329,311,369,229,236,169,208,353,261
"419",229,149,233,300,279,221,203,236,245,330,313,365,219,217,163,227,348,255
"420",251,157,229,293,267,225,201,233,231,324,331,377,220,221,193,213,359,263
"421",240,183,226,303,283,221,184,223,270,315,308,381,239,243,177,210,326,290
"422",296,151,224,315,295,248,202,224,254,328,342,400,277,250,208,206,346,269
"423",246,148,230,304,317,245,195,218,249,317,334,387,286,245,205,203,333,264
"424",241,155,236,294,288,233,216,270,235,332,331,400,255,246,203,209,338,288
"425",243,153,216,293,314,222,214,230,212,317,319,380,242,236,176,197,326,278
"426",267,161,236,320,307,246,200,252,258,328,345,382,238,239,212,226,371,262
"427",217,143,232,314,281,225,205,234,251,335,349,384,247,225,204,227,365,257
"428",255,161,232,301,289,229,184,246,250,334,331,387,271,233,199,188,337,269
"429",249,155,235,331,296,247,232,237,248,336,349,387,259,251,231,239,389,257
"430",241,150,255,300,305,238,219,235,230,331,335,381,226,222,222,215,366,273
"431",254,157,262,316,314,250,220,224,265,353,368,409,254,266,227,214,370,284
"432",249,166,248,304,301,246,242,220,246,341,349,392,287,253,190,212,350,278
"433",260,153,238,293,266,228,202,223,237,308,309,386,207,232,179,217,355,270
"434",212,138,223,308,291,236,193,237,243,327,332,389,213,244,207,234,350,264
"435",268,155,224,299,299,225,195,226,236,318,315,402,251,228,189,212,326,269
"436",224,148,221,304,272,228,204,237,252,325,324,370,205,271,172,206,354,266
"437",248,158,258,304,336,243,210,251,226,344,353,411,250,259,204,216,343,280
"438",261,158,212,295,274,227,183,236,220,299,323,384,250,238,174,201,333,270
"439",234,141,243,311,301,235,173,240,238,343,363,385,243,229,210,241,368,264
"440",234,155,252,309,291,239,222,244,260,320,346,381,238,248,225,214,365,271
"441",263,168,229,316,299,247,212,244,245,325,341,409,269,258,193,208,336,269
"442",248,156,242,325,305,235,228,248,251,346,353,422,287,262,213,217,341,275
"443",217,146,237,303,283,232,188,236,241,353,339,367,232,262,214,214,355,288
"444",215,143,252,301,305,226,213,251,238,331,335,386,237,240,211,222,356,263
"445",219,141,222,303,278,229,207,234,257,346,345,382,224,238,213,239,362,445
"446",227,166,219,296,305,215,185,220,225,331,317,371,210,239,176,200,358,260
"447",239,167,247,312,289,241,198,238,253,356,358,392,243,241,212,229,364,266
"448",228,154,243,305,296,238,207,239,257,332,357,384,232,253,220,234,357,259
"449",241,149,248,309,314,247,226,237,239,355,352,378,248,240,204,239,367,264
"450",256,160,244,319,299,242,210,220,246,323,352,396,291,257,217,190,344,272
"451",205,157,227,304,295,227,213,257,256,345,326,382,255,230,218,226,368,264
"452",229,153,240,302,273,237,206,241,215,334,334,388,241,238,220,235,369,258
"453",247,167,220,298,283,214,211,211,238,321,307,385,245,222,177,189,324,284
"454",235,158,217,301,318,231,199,238,267,339,331,390,280,234,193,193,329,260
"455",254,155,200,297,280,221,196,226,256,313,316,380,223,224,188,195,352,290
"456",270,164,193,303,269,223,192,226,222,322,321,380,260,218,177,207,327,274
"457",279,166,253,317,318,245,199,235,225,352,358,404,257,241,217,205,342,265
"458",224,145,225,318,311,219,209,247,257,334,344,374,223,238,213,217,366,243
"459",217,155,242,308,297,246,189,250,259,335,349,385,255,240,210,231,373,280
"460",248,160,230,320,311,236,214,240,259,341,356,401,232,243,224,231,366,284
"461",246,154,247,304,329,234,189,244,244,343,337,411,278,243,205,216,343,277
"462",261,166,229,281,282,239,191,228,246,321,330,374,237,231,165,197,319,281
"463",220,148,243,293,296,239,214,237,254,343,340,392,228,259,221,230,340,248
"464",213,161,245,326,303,250,198,241,255,343,349,397,249,248,223,238,377,874
"465",239,144,250,297,275,230,193,248,241,310,312,394,214,222,179,198,355,266
"466",246,157,236,295,290,241,172,227,230,314,310,372,205,226,186,208,352,276
"467",233,167,243,316,302,260,193,243,254,332,363,390,242,249,222,221,373,274
"468",281,167,205,298,304,213,168,240,234,323,317,378,248,233,170,191,329,278
"469",251,148,217,301,280,227,187,234,250,315,308,376,221,226,187,204,353,295
"470",263,156,233,308,304,231,180,226,256,319,326,394,267,237,199,204,340,253
"471",263,172,238,314,307,246,202,240,259,349,349,396,281,240,217,214,349,268
"472",273,154,260,298,310,245,199,221,242,321,343,417,277,242,214,200,342,271
"473",269,179,231,290,264,231,201,243,209,308,320,381,256,216,167,206,324,273
"474",232,154,232,302,294,231,191,246,265,345,333,395,255,225,206,246,364,311
"475",234,143,227,302,294,231,196,239,245,343,340,392,229,249,230,227,364,277
"476",227,154,249,303,293,239,200,238,246,334,351,377,228,246,221,220,362,271
"477",251,156,222,303,297,236,172,249,229,317,303,383,226,253,198,219,353,284
"478",240,158,229,307,297,245,185,232,229,322,347,389,252,230,196,202,346,299
"479",221,156,255,307,299,240,185,261,242,355,343,389,235,228,195,231,356,272
"480",225,167,223,292,290,225,199,222,255,321,310,388,221,243,178,214,360,278
"481",224,161,239,293,287,208,170,235,227,332,316,382,231,253,206,216,353,270
"482",253,153,234,302,303,244,196,238,253,366,351,399,229,250,227,221,363,263
"483",230,161,205,300,279,221,194,222,237,337,323,352,204,228,184,196,348,276
"484",249,160,239,308,303,233,226,236,262,354,334,381,248,243,222,206,371,275
"485",269,153,220,296,305,233,213,240,257,313,338,389,283,222,229,201,342,277
"486",248,163,220,302,279,242,171,230,241,304,309,383,253,228,172,198,324,283
"487",289,152,202,299,310,231,178,242,239,324,304,381,252,242,184,189,325,258
"488",252,155,257,304,284,239,212,236,250,344,345,393,236,251,209,222,379,292
"489",250,139,253,319,301,238,204,245,247,363,349,390,254,255,228,216,376,277
"490",247,165,238,305,315,231,200,228,233,334,349,394,274,243,195,210,339,281
"491",279,168,213,294,282,227,178,250,221,347,330,366,235,227,201,230,357,259
"492",229,159,210,293,296,228,187,257,239,330,316,376,208,216,181,214,371,263
"493",236,151,232,311,312,234,184,234,244,309,343,408,261,239,207,195,330,288
"494",236,150,230,305,313,232,205,230,245,333,343,377,233,239,218,209,367,271
"495",241,154,248,303,302,240,191,241,257,332,352,397,261,261,231,236,375,279
"496",246,148,205,309,281,247,215,246,229,337,339,394,236,241,209,237,358,277
"497",239,155,238,300,300,249,209,224,218,333,344,398,235,244,209,208,370,269
"498",287,166,235,301,283,232,198,229,235,318,305,398,261,217,174,197,320,280
"499",263,159,196,290,296,226,185,239,223,318,311,400,244,246,174,206,325,266
"500",235,174,238,301,307,242,209,246,248,343,343,378,218,258,221,252,366,249
"501",252,144,221,322,298,234,215,234,256,341,352,407,281,241,223,207,350,301
"502",257,161,206,306,295,231,231,232,246,332,350,387,273,234,201,220,330,274
"503",243,157,225,298,270,227,177,242,226,320,311,369,221,231,183,212,354,266
"504",254,156,245,314,324,239,209,238,254,313,362,379,285,270,211,220,335,284
"505",213,134,232,323,295,240,205,228,247,362,338,397,235,240,210,199,361,275
"506",250,158,243,309,295,242,191,235,269,334,347,390,278,254,216,224,344,287
"507",250,155,245,310,287,249,208,231,250,343,343,382,243,249,228,239,373,268
"508",250,161,210,307,294,231,169,226,254,328,344,389,275,246,231,226,339,267
"509",275,155,238,324,303,244,189,249,252,332,361,403,287,237,213,208,357,292
"510",260,159,236,306,302,233,210,234,254,318,346,399,280,237,219,210,345,260
"511",261,158,220,298,275,224,193,251,242,317,318,393,258,228,177,205,327,292
"512",238,166,222,309,270,224,184,240,251,327,320,380,208,214,194,208,352,271
"513",278,155,224,309,289,222,165,236,239,340,316,365,231,226,184,214,351,263
"514",274,165,190,306,262,226,181,237,223,321,327,386,239,234,167,194,330,270
"515",268,166,224,302,306,222,193,240,236,326,319,401,246,232,171,189,330,272
"516",261,155,217,305,299,241,190,239,236,331,349,377,250,229,227,202,343,281
"517",263,151,216,298,301,220,200,225,249,328,338,372,248,237,196,193,337,267
"518",226,156,235,326,298,241,217,231,249,341,343,382,245,254,205,238,366,272
"519",224,150,233,307,295,233,179,238,246,323,338,415,284,243,203,191,338,267
"520",218,159,207,306,282,232,182,251,236,324,307,367,199,238,194,198,359,282
"521",233,153,252,305,294,235,193,238,232,333,338,398,265,246,194,212,328,292
"522",276,163,234,306,302,246,210,245,256,329,341,394,284,237,212,201,343,268
"523",219,142,243,314,298,232,212,256,254,333,338,406,240,263,219,220,363,261
"524",252,163,228,324,318,252,204,227,256,324,339,402,300,254,232,195,340,2817
"525",259,159,236,312,311,246,189,250,247,333,345,400,275,250,235,199,344,261
"526",276,169,235,313,303,240,211,245,256,315,349,398,276,263,207,206,349,289
"527",244,156,227,323,312,242,196,252,241,328,343,381,241,242,242,210,369,285
"528",236,150,265,305,295,237,189,239,266,350,350,384,242,247,235,238,360,285
"529",245,159,230,309,302,249,189,238,250,344,353,378,252,245,214,247,366,266
"530",246,174,231,286,295,228,222,244,213,329,305,372,210,229,199,224,346,266
"531",242,161,251,315,287,234,188,236,249,336,342,414,266,263,213,188,353,281
"532",228,142,232,311,315,250,205,236,272,351,335,390,227,241,213,224,372,254
"533",237,150,223,305,285,228,214,221,252,327,337,380,251,244,204,237,376,263
"534",262,167,228,308,276,232,181,244,232,321,349,378,264,240,205,196,329,281
"535",261,156,230,303,298,238,213,237,241,325,342,419,276,255,208,211,333,268
"536",272,167,224,304,299,222,191,232,228,310,309,380,250,244,178,191,320,281
"537",231,152,225,287,303,224,173,241,246,330,308,384,214,212,190,202,350,262
"538",253,153,206,291,306,227,180,247,233,320,316,374,213,201,177,209,343,278
"539",236,160,227,302,292,242,178,245,256,336,339,399,215,242,224,220,365,262
"540",244,163,211,293,303,229,179,215,216,328,325,399,275,215,178,196,338,290
"541",257,166,230,294,280,223,199,250,232,324,315,409,264,230,173,182,328,292
"542",252,166,263,305,304,245,184,256,248,324,342,407,282,252,201,210,353,284
"543",238,155,245,314,292,241,241,254,282,329,353,399,231,240,222,214,374,386
"544",231,152,223,307,277,233,185,234,230,328,312,364,215,236,164,213,354,256
"545",274,167,224,304,297,224,180,251,233,314,307,377,257,241,181,205,330,286
"546",231,151,248,300,307,229,202,222,239,321,342,407,285,241,202,217,340,256
"547",262,165,253,318,304,242,184,248,254,345,343,417,287,245,212,219,334,276
"548",244,155,235,307,305,230,193,234,229,336,315,398,223,243,182,209,353,269
"549",229,146,253,331,306,242,188,241,268,342,342,389,257,251,224,220,362,255
"550",240,157,226,294,289,227,187,230,217,335,315,385,267,228,179,195,328,283
"551",240,161,228,308,291,244,178,219,231,302,341,382,283,252,198,211,339,258
"552",256,156,248,307,307,241,199,236,259,342,362,385,245,231,236,212,368,280
"553",248,153,236,322,285,236,202,233,241,331,348,408,277,231,215,206,344,263
"554",215,154,224,308,305,237,179,231,232,317,342,397,295,234,207,219,329,251
"555",279,155,228,303,285,220,194,238,229,313,312,388,255,235,182,185,330,276
"556",232,147,225,308,281,227,189,243,233,320,311,372,231,242,190,223,359,289
"557",256,145,261,310,302,241,188,263,266,341,353,384,218,235,210,240,372,273
"558",266,168,234,305,297,249,196,237,266,325,349,400,279,251,216,203,349,282
"559",247,157,231,300,289,235,195,224,263,314,304,378,226,229,181,209,342,261
"560",253,161,238,300,293,224,185,254,229,330,322,373,231,211,159,191,355,273
"561",275,168,227,305,295,236,195,244,228,344,339,413,287,233,227,232,337,282
"562",246,157,225,298,302,233,192,245,227,317,308,381,257,235,194,198,323,280
"563",245,159,247,311,303,250,209,235,238,339,346,407,270,249,211,215,340,289
"564",280,165,250,316,323,253,201,245,253,330,348,396,284,259,221,187,339,273
"565",222,143,243,297,286,231,208,233,249,306,344,378,214,233,219,228,367,269
"566",234,164,228,317,306,243,215,220,252,352,343,387,236,246,236,223,370,269
"567",256,161,238,324,314,234,204,248,249,342,337,381,284,257,203,194,338,279
"568",232,155,268,310,288,243,188,225,259,349,345,404,238,250,225,217,372,271
"569",259,146,206,293,316,239,182,227,232,320,339,396,282,241,201,188,337,278
"570",271,151,220,306,293,233,201,237,241,337,347,392,262,237,205,192,335,272
"571",249,172,235,312,290,259,184,252,249,345,342,407,251,237,220,227,381,275
"572",250,149,209,288,280,225,185,226,247,317,311,403,252,237,179,207,327,284
"573",255,153,238,309,312,242,190,242,258,333,335,401,227,224,244,221,365,285
"574",232,153,227,288,297,227,178,249,234,333,312,381,223,241,210,221,359,275
"575",227,152,210,305,301,220,196,241,228,339,327,377,213,253,181,210,346,299
"576",253,156,225,321,295,245,213,237,269,344,350,414,246,238,214,224,366,263
"577",237,158,241,315,319,235,208,230,244,335,352,379,256,257,221,213,377,274
"578",238,150,227,307,295,235,198,240,240,328,332,384,213,244,198,223,358,267
"579",266,169,258,308,318,230,181,248,243,328,354,397,273,250,210,188,340,277
"580",240,144,221,314,314,230,200,231,231,323,332,400,233,226,221,216,368,257
"581",247,170,215,315,307,242,212,255,256,325,365,447,268,258,199,210,333,279
"582",228,144,256,311,300,228,216,246,235,346,341,378,248,250,197,232,364,253
"583",258,168,217,298,314,234,218,240,250,328,306,369,213,235,163,209,353,270
"584",229,166,226,290,297,229,182,231,221,337,322,389,247,234,176,206,339,263
"585",272,161,258,314,303,242,206,247,236,340,355,399,268,252,222,209,348,268
"586",248,168,246,296,294,223,183,227,219,330,313,394,278,233,160,190,329,263
"587",230,153,223,316,292,232,198,239,250,314,344,392,270,262,190,205,330,268
"588",254,152,251,305,296,248,176,220,242,335,361,401,274,225,196,204,333,269
"589",239,157,230,306,302,237,199,225,256,316,343,374,224,244,219,200,368,252
"590",241,158,201,303,303,225,161,223,245,323,310,380,216,212,184,223,355,273
"591",267,160,219,301,291,233,232,240,241,341,331,386,244,235,217,241,361,270
"592",228,159,240,290,302,223,183,232,244,319,318,391,214,238,183,230,358,270
"593",242,150,232,300,291,236,202,230,247,341,337,397,270,236,205,198,340,275
"594",254,165,242,316,305,245,213,253,251,331,346,385,235,222,207,207,375,281
"595",207,145,258,302,293,239,201,228,247,338,338,387,220,242,232,214,359,248
"596",263,167,224,297,281,220,182,227,243,310,311,379,250,222,175,204,323,261
"597",232,159,235,300,287,227,196,212,228,327,321,390,244,223,168,226,355,279
"598",266,174,199,297,275,225,204,223,247,321,310,376,257,228,179,196,321,276
"599",232,151,215,310,291,229,182,216,245,314,341,394,272,245,197,224,335,282
"600",224,144,240,316,297,229,197,236,229,320,339,379,212,228,207,232,365,262
"601",239,158,225,297,288,227,196,236,244,343,343,411,261,241,204,196,334,271
"602",270,164,228,304,287,229,193,217,226,310,321,396,256,221,182,196,336,290
"603",254,146,239,292,270,220,182,213,233,325,317,388,231,225,181,209,344,262
"604",247,154,246,311,322,235,180,249,243,329,343,392,215,242,232,220,356,261
"605",256,154,213,300,294,219,201,227,249,346,313,376,219,228,193,207,352,273
"606",233,172,225,292,286,218,216,245,238,317,308,384,226,246,189,214,359,290
"607",259,151,229,313,318,246,192,260,258,323,362,390,279,235,229,214,340,292
"608",268,163,245,312,295,241,214,235,237,348,355,390,271,253,211,217,342,281
"609",273,170,212,297,291,229,196,213,238,322,315,381,224,242,183,192,319,277
"610",278,163,225,315,290,252,216,234,239,315,347,384,267,232,216,206,345,248
"611",256,153,235,316,279,250,205,235,230,342,343,389,269,236,199,211,331,259
"612",236,166,233,296,298,224,203,262,235,322,320,388,211,234,185,236,356,292
"613",250,172,248,307,300,235,205,234,242,339,333,420,266,266,214,184,348,266
"614",248,158,223,317,307,233,212,230,250,321,351,405,286,254,215,203,348,284
"615",240,156,247,307,302,241,198,241,271,343,349,397,252,231,236,222,387,289
"616",239,145,229,300,302,237,184,254,250,327,343,397,238,238,213,229,349,282
"617",238,155,237,293,265,215,200,229,232,323,318,395,245,215,181,176,323,271
"618",238,160,239,328,306,256,209,246,270,343,347,399,244,247,238,221,374,271
"619",247,154,225,305,298,234,188,224,252,327,348,374,226,219,203,216,361,270
"620",261,166,240,316,293,238,212,249,251,347,353,391,233,269,193,223,366,274
"621",254,156,225,303,306,225,188,255,257,308,322,369,211,230,179,204,336,274
"622",215,156,222,293,293,231,175,248,249,312,307,367,235,222,179,213,347,268
"623",275,156,213,298,265,243,174,237,233,304,303,401,251,216,169,200,332,269
"624",246,158,205,284,288,239,194,235,227,323,311,380,247,224,191,214,321,275
"625",228,155,236,315,314,236,206,239,241,347,332,391,240,243,208,232,372,273
"626",227,154,240,290,297,223,195,239,257,311,305,371,234,216,187,213,360,266
"627",264,158,228,312,319,242,203,248,236,336,349,401,268,238,207,231,341,283
"628",270,147,226,297,300,238,201,252,242,336,330,393,270,218,186,204,334,1044
"629",264,156,243,313,312,250,216,247,278,338,351,399,237,231,219,213,373,286
"630",280,164,248,303,271,229,191,223,220,315,307,398,254,229,184,184,332,281
"631",243,149,238,302,320,239,218,241,230,315,348,390,236,256,206,243,353,261
"632",227,163,230,313,284,240,197,244,265,339,351,406,252,268,231,237,367,265
"633",246,156,242,312,299,254,211,234,255,349,355,384,251,229,223,216,365,286
"634",279,166,238,310,314,237,209,242,255,340,351,405,273,237,217,217,327,289
"635",268,167,236,306,301,241,195,239,254,344,351,397,262,251,227,206,335,290
"636",237,159,242,315,308,234,193,224,248,344,346,381,248,235,216,239,364,264
"637",251,162,236,305,317,247,215,244,259,344,355,391,230,230,224,236,378,259
"638",279,155,216,300,299,219,179,245,244,330,318,381,219,232,185,210,344,263
"639",251,177,261,309,298,243,203,225,257,329,357,412,302,240,222,219,349,303
"640",280,159,244,318,286,243,227,254,256,348,360,411,267,251,211,218,353,752
"641",212,151,210,303,303,233,181,226,240,321,336,389,245,246,220,213,355,252
"642",244,148,213,306,296,239,203,230,245,320,347,387,276,241,203,197,336,259
"643",256,161,238,314,297,234,189,255,247,350,345,393,238,246,225,223,381,270
"644",248,169,257,313,310,234,206,241,258,338,351,389,270,243,207,213,344,280
"645",258,162,240,308,297,253,207,250,259,326,339,424,266,260,211,201,340,282
"646",238,155,229,301,286,227,206,242,246,321,348,381,225,238,202,212,370,276
"647",222,146,198,290,261,224,208,251,237,311,310,391,217,228,195,211,365,273
"648",251,153,256,324,310,243,195,222,280,336,342,381,221,237,235,230,374,281
"649",234,155,230,316,326,237,190,269,260,355,337,389,231,236,228,212,379,263
"650",220,162,219,300,283,223,192,235,230,324,316,366,201,236,191,203,345,290
"651",250,155,241,322,313,243,205,250,255,342,339,389,221,259,218,242,376,259
"652",232,154,239,300,296,235,199,233,257,333,347,366,241,260,218,210,365,260
"653",238,152,239,290,306,232,194,231,226,339,308,374,230,230,185,220,364,286
"654",233,156,241,308,292,241,210,243,241,357,358,378,229,239,243,221,376,269
"655",237,164,251,320,286,227,230,272,275,355,353,406,247,247,209,208,366,268
"656",215,162,249,309,309,244,209,228,255,331,350,385,247,257,225,219,368,285
"657",242,154,209,302,296,229,193,250,232,327,313,385,231,231,171,207,357,265
"658",236,150,203,299,279,224,176,231,272,326,322,390,234,225,198,217,357,276
"659",273,160,247,315,295,243,190,234,250,358,343,405,297,242,197,200,342,293
"660",223,151,249,315,302,248,197,237,260,360,347,411,239,276,227,228,371,248
"661",251,147,235,300,293,231,210,230,229,324,342,394,285,238,216,208,342,260
"662",235,153,239,294,285,219,188,229,243,322,306,373,213,220,178,200,366,270
"663",259,146,228,294,294,226,191,248,241,333,305,386,211,226,194,213,359,267
"664",241,166,216,291,286,232,192,238,230,320,319,394,276,221,168,193,325,274
"665",240,156,251,296,287,235,158,243,265,324,314,380,208,234,173,214,361,282
"666",226,144,231,323,308,239,200,236,242,333,339,397,248,238,213,236,368,268
"667",256,165,220,299,304,226,202,227,245,318,324,376,217,231,192,208,351,283
"668",227,161,229,296,292,223,187,242,239,315,299,357,239,221,187,222,365,283
"669",246,147,251,313,296,240,196,252,268,351,357,392,249,248,225,223,370,291
"670",238,151,220,295,321,231,207,242,233,342,341,367,243,237,212,213,365,262
"671",235,157,224,312,295,234,166,240,252,335,345,380,235,254,200,203,361,268
"672",252,156,218,306,310,234,186,246,239,327,346,399,253,249,186,211,338,267
"673",214,147,228,322,286,236,189,225,243,325,355,387,228,245,227,245,359,256
"674",232,166,255,292,288,222,179,223,244,324,315,386,233,227,174,218,358,276
"675",252,160,232,288,278,213,197,225,245,332,322,394,218,210,181,217,357,258
"676",292,160,245,298,280,233,174,232,234,325,309,372,256,255,175,185,327,292
"677",264,166,244,318,297,240,194,248,245,339,356,411,268,257,204,208,333,288
"678",221,143,224,294,308,232,203,239,242,333,329,389,243,241,218,200,367,266
"679",263,163,243,312,312,247,196,229,247,335,343,383,286,246,205,214,337,261
"680",251,146,233,308,297,244,233,236,240,344,361,389,255,243,215,219,373,272
"681",237,149,229,307,293,219,193,233,255,330,311,357,232,226,205,207,348,274
"682",235,152,226,303,288,247,233,232,239,332,344,373,260,231,203,190,335,272
"683",224,150,238,308,293,226,173,234,258,342,347,388,240,247,220,215,360,269
"684",246,166,252,309,318,236,225,234,275,334,342,397,231,237,214,220,369,259
"685",261,154,230,292,291,232,205,225,238,300,309,388,256,220,172,187,321,274
"686",230,150,234,307,287,239,197,222,246,319,330,372,227,228,231,232,354,277
"687",257,165,235,293,272,222,194,241,253,328,322,358,225,215,192,206,356,268
"688",253,152,245,323,296,243,216,248,240,338,348,398,217,234,208,234,362,291
"689",242,151,248,322,301,247,204,262,263,337,341,393,242,226,247,209,357,277
"690",236,158,242,322,303,243,210,245,258,339,344,387,275,252,214,203,339,269
"691",238,156,232,302,300,239,179,235,236,329,348,402,254,233,206,205,338,271
"692",241,153,239,311,293,225,176,249,225,322,312,391,255,220,173,181,312,277
"693",224,140,232,320,298,234,204,230,230,332,338,395,228,243,210,232,367,248
"694",258,153,242,306,286,227,209,223,251,322,338,394,255,228,194,209,338,280
"695",247,148,230,294,303,229,194,238,264,322,304,374,198,249,202,214,362,300
"696",231,157,206,306,287,230,197,251,259,330,348,391,226,257,222,225,365,265
"697",266,169,223,300,281,223,197,238,242,320,317,387,251,230,175,199,340,286
"698",250,168,204,305,299,223,179,226,236,315,314,385,251,239,188,194,317,279
"699",270,151,209,300,285,225,197,238,218,308,326,383,254,223,175,202,326,285
"700",259,155,242,319,312,243,183,269,270,343,354,385,271,241,235,213,364,284
"701",224,156,225,291,283,231,200,244,233,321,324,375,208,234,178,220,357,279
"702",220,153,255,300,294,244,235,253,264,327,338,397,241,250,218,224,377,261
"703",263,171,247,300,311,245,210,253,251,332,344,404,259,258,211,197,336,279
"704",258,154,235,310,313,246,198,249,266,343,342,395,230,247,211,215,374,270
"705",268,165,216,307,272,220,211,262,236,336,311,383,275,223,171,209,329,274
"706",217,148,238,304,310,228,175,221,243,346,342,397,235,235,211,217,369,271
"707",254,149,226,304,279,227,201,245,223,322,321,385,263,238,212,187,337,275
"708",241,155,253,309,311,227,190,222,239,324,337,375,250,241,196,226,343,258
"709",234,165,227,322,315,242,195,245,248,339,347,405,253,245,217,214,372,275
"710",271,152,208,302,297,232,183,212,251,316,339,406,268,227,197,223,349,275
"711",255,165,246,293,283,237,198,229,224,341,312,366,230,238,178,205,343,264
"712",234,144,232,309,300,239,206,241,237,327,336,397,229,251,212,220,355,260
"713",271,155,202,293,292,218,185,217,243,329,311,392,245,232,185,193,323,273
"714",267,154,250,318,287,254,224,235,266,333,350,398,277,254,205,200,335,262
"715",255,157,221,300,287,240,190,231,236,315,341,391,262,260,214,204,334,260
"716",244,156,246,314,310,250,203,250,252,343,344,386,265,248,233,220,369,280
"717",266,155,240,319,308,250,185,251,249,331,344,402,238,236,211,239,380,284
"718",235,158,240,305,290,233,208,233,261,323,342,389,233,246,227,240,365,256
"719",245,164,241,328,306,254,206,232,256,333,346,397,232,248,230,235,378,275
"720",247,161,251,314,297,241,194,249,229,320,348,414,285,269,219,213,333,288
"721",278,162,273,317,308,236,200,249,262,361,364,382,238,234,218,228,380,264
"722",242,143,245,312,299,228,192,266,257,328,354,385,220,246,214,231,356,275
"723",254,135,231,317,286,234,177,246,247,337,341,383,211,240,211,226,361,253
"724",248,162,225,295,280,219,201,232,237,321,318,380,222,238,178,210,361,260
"725",233,167,239,306,291,262,213,245,277,358,347,395,214,240,216,209,382,298
"726",240,151,237,285,273,232,209,242,253,316,317,391,197,243,179,196,352,268
"727",228,149,260,312,299,231,188,228,250,340,343,379,223,250,210,210,372,259
"728",243,147,249,310,304,227,208,228,247,337,346,385,233,248,191,212,344,279
"729",231,154,254,297,293,235,181,211,236,325,348,389,257,232,195,202,328,273
"730",231,153,217,281,287,218,187,239,241,312,331,365,207,225,190,216,353,280
"731",222,165,213,303,292,232,170,237,227,316,326,372,204,212,190,205,361,279
"732",256,162,259,326,306,238,195,251,241,340,359,405,286,257,198,211,344,290
"733",277,153,240,296,275,228,199,222,246,306,311,411,255,226,192,195,328,281
"734",265,155,231,323,295,243,192,250,269,318,361,400,261,260,209,194,352,275
"735",262,166,234,317,317,241,197,230,246,324,335,392,295,241,218,208,347,278
"736",222,167,231,296,280,231,201,231,250,320,330,407,216,236,214,220,362,270
"737",234,146,221,309,302,221,214,218,234,336,343,404,270,236,196,193,332,571
"738",250,154,210,312,342,240,182,238,251,335,346,398,265,248,227,203,342,307
"739",256,153,228,305,296,242,188,221,226,339,330,411,268,259,226,202,333,273
"740",279,175,238,306,310,239,210,243,250,334,345,407,294,247,251,210,347,1122
"741",215,147,247,308,292,232,216,238,248,331,333,400,240,233,216,232,350,1263
"742",249,165,233,306,292,235,203,229,267,349,335,392,278,248,205,197,341,290
"743",244,158,213,304,299,230,198,244,232,309,317,375,210,228,183,220,350,267
"744",249,155,221,302,284,225,187,229,248,327,329,358,216,238,178,222,356,266
"745",227,157,227,298,296,218,178,229,246,335,324,403,200,227,188,200,355,269
"746",227,164,249,308,293,247,189,237,250,356,341,406,237,233,213,225,366,273
"747",243,147,262,316,284,246,198,252,265,354,342,397,244,254,216,225,366,277
"748",255,168,203,300,294,235,171,233,245,310,319,398,249,244,193,190,330,282
"749",256,160,255,279,294,239,189,224,219,332,316,393,207,235,187,204,356,281
"750",235,156,213,295,279,233,227,245,234,323,320,379,226,238,188,205,352,264
"751",268,176,201,302,282,234,203,210,241,326,307,406,225,245,168,199,329,287
"752",263,158,238,295,297,231,222,230,247,340,349,389,259,226,219,217,327,278
"753",277,159,223,308,306,236,187,224,245,335,348,407,266,246,210,179,342,265
"754",228,143,236,303,308,230,220,231,249,307,349,434,278,234,197,213,337,259
"755",255,169,228,312,297,236,231,233,266,333,364,412,285,262,214,222,340,282
"756",256,153,252,304,320,252,214,232,257,338,342,396,235,245,228,223,365,263
"757",242,152,227,302,288,244,211,229,248,328,336,400,270,228,201,203,329,277
"758",268,162,239,314,304,258,227,255,249,347,353,394,279,251,214,212,349,281
"759",239,160,222,283,270,234,201,236,220,328,310,377,226,234,199,213,364,255
"760",250,170,233,292,270,232,212,228,234,332,317,391,245,247,164,193,334,279
"761",247,166,231,305,302,248,198,226,243,332,341,403,271,243,201,196,344,291
"762",285,171,245,320,299,245,214,240,282,323,361,384,287,248,209,195,338,244
"763",247,154,203,302,295,218,193,232,220,317,303,394,261,243,158,185,328,278
"764",234,166,227,315,290,241,185,248,240,349,350,387,242,251,197,238,382,288
"765",234,158,222,308,310,236,190,226,241,327,345,416,263,223,207,200,341,260
"766",250,155,241,301,297,231,191,227,238,316,342,381,269,233,201,208,330,274
"767",257,173,251,311,298,237,233,235,231,340,357,402,294,245,217,194,339,288
"768",253,156,209,291,286,227,185,225,246,314,310,405,249,242,180,176,332,267
"769",230,155,229,313,272,220,197,250,248,342,340,404,208,247,207,227,365,265
"770",231,159,255,314,324,235,235,259,245,340,345,384,231,244,216,229,378,265
"771",262,154,230,295,285,237,190,227,230,315,318,398,252,220,169,206,338,299
"772",250,153,244,311,276,236,205,246,255,340,327,385,239,241,221,239,360,262
"773",240,172,238,303,298,220,200,237,226,326,293,376,207,229,192,227,354,271
"774",253,148,226,291,290,235,192,233,241,318,322,376,223,225,179,202,348,263
"775",251,182,229,317,291,249,192,248,250,317,354,399,296,240,225,202,339,263
"776",256,173,219,306,289,216,198,249,227,326,329,376,223,227,192,212,360,254
"777",222,143,242,304,276,234,197,226,260,328,341,376,225,240,212,224,376,284
"778",230,163,234,313,300,247,190,245,263,325,351,407,240,231,225,205,369,264
"779",227,156,240,312,299,233,199,228,223,333,335,388,227,244,229,207,363,280
"780",231,150,238,294,287,228,175,246,239,321,317,380,215,228,193,217,353,285
"781",264,164,235,299,272,236,174,237,222,325,310,384,270,232,174,197,326,261
"782",227,163,252,326,304,239,192,245,261,332,364,401,247,231,205,234,354,261
"783",260,153,223,306,303,228,176,231,262,322,306,374,223,243,192,209,357,268
"784",261,174,241,308,294,243,205,229,253,334,358,405,261,238,215,224,335,287
"785",231,159,244,319,310,249,191,234,251,337,344,397,230,256,215,244,377,271
"786",238,153,234,316,299,246,204,236,230,361,337,384,252,255,212,215,387,286
"787",273,156,246,310,314,243,206,215,228,344,339,407,273,261,204,213,340,296
"788",266,152,239,311,296,246,207,269,244,313,352,400,261,243,221,203,324,255
"789",230,153,252,291,283,235,204,228,245,319,343,396,235,240,228,236,374,261
"790",234,169,221,290,283,230,172,228,229,319,308,395,236,221,180,216,330,295
"791",249,143,234,297,289,226,202,253,253,346,352,386,228,220,209,208,361,258
"792",218,137,228,315,293,227,194,245,246,333,326,389,238,252,214,224,363,275
"793",269,150,221,318,314,232,215,245,237,323,332,379,275,233,206,190,326,250
"794",264,140,233,304,285,245,199,224,249,323,355,392,254,261,217,199,327,262
"795",244,151,242,303,300,228,207,226,234,302,322,388,266,241,215,211,337,261
"796",255,156,227,300,302,237,207,237,243,330,345,387,276,234,196,201,334,280
"797",223,144,246,303,296,247,187,246,275,333,334,385,223,258,204,221,371,269
"798",268,153,231,303,301,232,212,209,258,316,342,392,264,232,208,199,335,264
"799",252,159,212,297,291,223,210,226,250,341,316,373,243,216,179,181,324,289
"800",272,165,229,308,288,234,186,233,221,337,326,400,275,252,195,207,322,269
"801",210,156,225,315,298,238,206,222,243,339,332,387,246,251,234,204,358,256
"802",232,151,241,305,293,237,203,232,248,326,332,399,219,242,213,205,354,261
"803",268,157,253,321,315,241,209,230,241,346,337,411,280,254,204,205,341,286
"804",251,152,231,305,282,233,198,235,228,316,351,406,269,241,208,209,345,299
"805",259,162,249,324,291,244,203,251,263,348,357,411,287,250,220,214,335,279
"806",237,163,231,296,301,230,216,238,234,327,352,403,260,244,213,199,339,272
"807",257,161,249,311,307,255,214,250,262,337,342,425,275,253,224,196,339,270
"808",271,148,215,300,299,226,200,230,245,329,349,404,273,234,197,215,327,265
"809",223,138,228,315,303,233,205,218,230,334,341,404,227,232,208,234,358,279
"810",235,159,226,291,293,229,208,238,249,327,309,378,220,233,192,210,351,274
"811",247,158,238,296,286,238,198,232,262,325,346,400,266,253,204,191,329,260
"812",260,150,237,314,288,232,183,224,242,340,333,382,270,219,210,197,336,263
"813",253,163,206,300,306,223,209,233,248,338,309,402,279,236,165,197,324,270
"814",264,162,211,300,280,220,178,250,243,326,312,368,226,229,199,219,353,259
"815",238,161,240,297,303,231,184,233,231,323,340,405,258,254,207,218,335,353
"816",246,155,213,293,291,232,165,235,230,330,304,362,207,233,192,202,358,267
"817",268,153,239,297,291,227,210,218,248,328,336,398,283,239,215,222,333,272
"818",237,146,228,307,274,234,188,245,248,334,324,389,275,242,213,220,333,267
"819",265,169,253,313,309,244,222,251,239,342,354,386,237,253,218,241,370,262
"820",268,156,238,307,300,247,230,243,249,360,347,414,255,245,203,197,336,266
"821",262,171,239,319,330,248,226,223,241,331,361,402,283,243,211,220,347,280
"822",241,153,226,310,309,232,187,241,248,326,339,390,294,250,222,208,339,536
"823",249,156,233,316,307,236,192,233,245,341,370,400,223,237,228,218,362,272
"824",222,148,229,309,297,241,208,241,233,328,345,387,250,243,217,227,371,276
"825",233,151,232,306,277,216,181,220,248,339,308,372,204,232,168,212,353,264
"826",279,164,229,306,277,221,184,211,239,309,318,374,246,212,167,187,320,271
"827",254,168,252,310,299,234,203,236,259,341,339,392,285,240,214,210,340,275
"828",229,161,235,315,294,237,209,229,255,351,347,391,245,251,240,252,364,270
"829",243,145,239,299,292,224,197,256,238,342,342,388,223,246,203,219,371,265
"830",234,153,214,307,286,247,178,234,235,329,345,396,247,257,208,202,326,262
"831",222,148,250,308,290,231,204,236,254,345,342,385,232,241,205,248,370,482
"832",258,158,241,315,317,237,213,222,232,325,330,396,276,243,216,203,334,298
"833",251,148,226,301,292,241,210,247,265,322,338,399,237,253,211,231,358,256
"834",270,158,226,288,283,212,196,214,223,315,327,407,257,229,172,198,322,291
"835",271,156,247,316,289,248,183,240,251,366,347,380,239,236,237,202,372,281
"836",254,166,245,304,304,242,194,264,244,339,351,394,277,251,204,205,344,287
"837",277,148,229,294,295,228,205,218,244,308,298,383,254,223,162,201,329,277
"838",235,159,243,299,308,228,217,248,255,336,331,382,237,240,217,222,364,260
"839",259,161,265,308,320,240,183,241,254,333,351,409,230,260,240,224,367,292
"840",246,169,243,319,309,243,192,233,263,342,338,405,286,241,212,192,346,282
"841",235,152,219,304,293,232,198,246,243,335,311,376,222,218,184,200,341,269
"842",262,149,211,300,293,238,205,230,249,330,348,411,266,242,216,205,338,277
"843",269,166,245,310,316,242,205,232,238,325,338,411,292,274,201,191,340,290
"844",225,149,241,301,272,234,176,244,231,330,309,393,222,237,183,209,342,273
"845",300,159,227,292,287,222,213,238,229,326,323,380,277,214,172,183,337,283
"846",267,146,232,306,296,233,187,226,231,317,329,396,257,253,204,208,341,289
"847",253,145,232,318,289,235,188,245,244,329,344,393,278,235,215,197,338,268
"848",291,161,215,286,287,218,194,230,241,309,308,395,248,234,183,185,327,280
"849",268,165,220,310,278,221,187,213,241,321,322,392,257,231,185,188,327,272
"850",259,152,223,305,298,218,188,259,221,333,319,373,270,242,168,186,323,259
"851",238,153,239,308,300,241,199,250,259,327,354,386,244,257,221,199,367,282
"852",247,155,214,304,273,226,189,237,244,327,309,393,214,209,190,208,357,264
"853",266,154,234,303,296,237,196,224,263,346,330,396,239,234,212,233,362,254
"854",227,165,233,304,318,236,215,239,251,328,346,405,258,230,205,223,338,260
"855",268,158,226,293,273,231,181,221,240,336,310,385,258,221,176,186,320,275
"856",235,167,267,305,317,248,215,242,276,340,348,402,247,250,223,211,365,271
"857",236,150,233,304,286,233,200,236,243,328,343,392,229,245,214,225,352,274
"858",235,155,234,312,314,238,208,221,246,329,350,411,300,257,200,206,346,277
"859",254,167,242,317,311,250,199,235,246,347,347,407,285,266,220,199,341,272
"860",229,152,218,302,282,239,188,236,234,337,345,385,265,240,209,200,329,270
"861",272,162,215,304,318,222,189,237,244,310,293,381,247,235,166,195,321,265
"862",283,166,200,291,292,226,166,244,247,307,307,388,259,233,169,205,317,292
"863",221,148,246,305,298,245,186,228,247,336,355,395,240,239,222,214,361,264
"864",257,167,260,295,292,231,209,241,246,321,356,382,263,244,214,207,330,275
"865",239,165,246,296,277,234,192,237,253,327,320,364,207,252,185,196,375,272
"866",213,153,230,313,290,234,187,242,262,340,338,377,229,221,208,232,362,265
"867",265,155,250,303,279,232,193,230,227,330,340,368,283,230,194,203,335,271
"868",251,159,209,301,296,239,198,245,244,327,328,402,273,243,222,193,337,249
"869",233,157,223,296,279,231,184,249,229,331,304,355,229,249,190,223,351,293
"870",225,149,228,304,303,239,222,226,222,335,341,394,237,237,204,219,371,277
"871",253,160,204,296,296,213,200,237,223,309,332,385,238,240,184,198,336,279
"872",247,167,217,311,292,229,166,239,259,335,319,357,244,221,178,202,317,264
"873",233,169,236,328,315,243,215,248,276,359,334,364,236,236,208,242,360,293
"874",238,154,203,311,296,232,192,226,233,332,339,411,275,223,228,221,330,275
"875",220,154,244,307,298,242,193,252,243,330,356,397,224,258,232,216,368,255
"876",259,166,216,295,283,227,200,219,224,316,314,380,283,241,175,197,324,278
"877",283,161,210,304,292,222,187,221,228,319,307,391,261,212,183,183,333,298
"878",243,177,246,307,296,246,195,236,274,346,338,411,231,255,224,228,364,281
"879",228,167,250,317,293,246,216,242,259,339,345,393,231,244,214,230,367,285
"880",288,156,242,316,301,239,186,256,257,341,343,391,281,244,201,211,339,281
"881",262,159,231,312,298,248,191,272,269,343,346,387,281,243,232,208,333,286
"882",246,159,214,297,291,219,182,251,231,312,312,398,242,228,181,182,319,282
"883",255,168,247,311,288,249,211,236,237,343,336,413,264,224,218,194,347,277
"884",249,150,234,291,268,221,190,240,226,306,307,385,260,222,196,204,330,272
"885",268,160,223,293,291,227,186,210,226,310,323,395,278,231,175,192,320,272
"886",249,158,208,305,296,223,211,235,226,313,317,371,255,219,168,203,328,283
"887",239,162,223,306,297,227,192,221,238,331,326,382,205,220,179,217,358,276
"888",230,161,225,297,304,231,198,245,233,327,301,366,224,231,192,219,356,264
"889",253,158,244,327,304,250,198,237,245,341,341,401,267,244,223,198,349,285
"890",246,158,220,328,316,249,224,248,252,345,353,402,246,224,231,217,371,248
"891",230,148,231,304,273,238,193,231,260,334,346,389,240,260,213,226,377,259
"892",243,148,222,304,286,232,215,220,243,332,347,384,232,239,194,242,373,286
"893",226,160,250,314,295,252,209,255,253,356,348,392,248,247,221,218,364,275
"894",226,169,247,299,274,221,176,240,258,326,325,380,212,257,183,219,344,268
"895",198,160,235,303,289,241,188,250,243,321,338,373,220,237,223,231,367,265
"896",220,144,234,302,314,220,194,239,252,349,369,389,231,226,200,219,354,272
"897",232,146,224,298,278,236,208,244,247,338,341,399,247,230,213,224,363,242
"898",228,146,246,307,295,242,189,232,262,337,342,389,223,224,224,219,364,266
"899",256,162,243,313,301,237,206,216,233,316,334,407,265,247,195,210,336,265
"900",227,149,241,301,311,237,176,249,242,330,347,378,229,262,217,220,367,273
"901",259,177,235,291,267,216,172,222,243,310,318,399,238,219,182,197,327,269
"902",259,169,231,300,287,225,203,241,220,319,317,373,241,244,179,202,363,256
"903",224,167,230,296,269,228,196,240,219,318,322,390,213,210,201,215,347,266
"904",226,148,237,292,281,217,186,235,241,332,313,382,206,232,172,215,351,278
"905",223,161,236,287,283,229,180,237,228,321,317,387,214,244,171,215,355,275
"906",244,167,226,300,295,227,189,229,218,320,324,378,263,245,191,191,320,284
"907",238,158,207,301,277,229,200,226,257,310,317,371,231,242,174,190,349,263
"908",228,153,201,291,304,227,200,218,229,315,313,364,215,237,185,222,356,265
"909",262,153,243,308,305,246,213,225,255,346,339,385,263,227,206,212,350,287
"910",219,150,234,316,294,239,204,266,258,347,348,406,242,271,233,215,373,262
"911",265,157,213,304,267,227,179,220,229,316,310,401,243,224,178,197,326,274
"912",259,154,227,298,276,223,166,224,234,315,310,390,246,244,156,192,337,270
"913",263,158,224,304,274,242,193,242,247,329,350,400,273,233,212,201,328,270
"914",265,149,228,296,303,231,187,244,233,317,349,393,268,229,198,190,333,251
"915",242,165,236,309,271,234,202,236,247,315,333,390,235,243,188,192,337,277
"916",216,150,234,306,289,223,185,239,245,321,344,392,237,233,213,212,367,265
"917",246,166,227,325,316,233,218,275,269,331,346,392,222,253,234,229,367,267
"918",268,169,208,300,274,223,190,232,232,299,318,381,249,226,163,204,326,283
"919",240,164,266,317,305,238,207,245,289,343,353,402,234,267,205,218,375,255
"920",222,145,226,284,278,221,197,228,253,320,325,387,213,258,184,210,370,271
"921",246,163,234,294,290,233,186,241,235,324,318,385,223,235,187,215,351,272
"922",256,148,220,302,286,227,198,248,259,329,318,385,203,235,179,203,356,272
"923",222,148,240,308,292,235,189,239,255,330,340,377,241,254,228,223,362,315
"924",245,137,224,309,287,236,212,250,237,341,344,404,216,249,208,247,357,244
"925",228,161,251,311,306,235,204,234,252,362,341,394,237,248,257,228,364,282
"926",251,148,228,314,302,239,206,244,245,338,341,397,231,246,210,226,365,261
"927",234,146,225,304,295,236,190,230,231,326,347,386,232,233,213,215,370,265
"928",223,168,222,302,278,235,191,241,258,333,320,385,224,228,201,210,363,259
"929",231,156,253,319,332,256,210,252,254,339,339,378,225,258,225,232,363,265
"930",245,159,228,298,294,238,230,230,257,329,336,399,248,258,214,221,342,253
"931",252,154,242,320,303,241,199,241,267,354,346,402,282,253,223,213,348,275
"932",218,145,226,291,280,229,218,217,227,331,315,372,208,224,192,226,343,274
"933",234,145,223,288,294,233,212,245,238,332,302,363,223,216,172,214,355,306
"934",238,144,227,321,307,244,207,234,234,348,339,371,233,233,226,223,361,272
"935",202,166,243,319,297,233,194,230,255,339,340,378,223,249,210,221,370,262
"936",211,148,233,307,315,220,203,228,262,340,332,377,223,234,208,213,370,269
"937",244,151,246,288,273,219,181,237,224,320,309,374,225,216,190,212,347,284
"938",237,159,230,284,279,220,182,225,236,302,322,392,267,250,185,197,328,265
"939",248,161,241,319,301,246,185,239,261,341,354,386,230,256,235,219,378,284
"940",233,158,253,313,304,246,208,240,282,342,352,395,258,256,241,203,367,255
"941",248,158,256,299,293,231,187,222,245,336,305,393,221,206,195,200,368,270
"942",245,159,227,291,295,232,221,239,228,333,313,393,209,229,188,204,357,267
"943",219,152,242,300,313,239,217,242,248,341,357,388,239,251,223,212,375,274
"944",231,153,243,298,315,235,196,223,243,336,338,387,270,250,203,205,336,284
"945",241,154,202,300,284,237,204,235,236,329,337,392,268,233,196,198,342,259
"946",245,155,208,287,287,227,193,223,256,305,321,376,242,221,164,219,333,309
"947",262,159,228,320,295,246,218,230,267,331,343,413,274,249,225,220,345,274
"948",249,165,244,298,286,232,233,232,239,334,339,392,265,245,209,204,338,284
"949",256,155,231,296,277,235,164,235,232,315,315,387,215,241,184,214,366,261
"950",212,144,232,307,290,239,213,212,249,338,346,376,224,231,226,205,366,272
"951",258,158,241,310,291,246,194,226,245,350,339,410,294,240,216,215,342,279
"952",252,151,222,303,293,230,185,244,251,331,340,398,229,244,216,225,364,262
"953",281,168,223,301,273,229,233,228,244,329,312,382,264,216,166,180,326,283
"954",217,167,217,305,286,226,182,233,254,344,306,382,221,250,176,207,361,292
"955",258,147,238,298,293,242,194,251,235,330,332,388,263,241,209,205,337,289
"956",227,154,243,312,310,234,167,230,259,323,324,369,223,239,218,236,362,263
"957",265,156,245,302,296,239,181,226,236,323,344,388,272,235,211,199,335,262
"958",248,148,217,304,319,235,197,242,251,336,342,374,234,250,218,237,363,258
"959",279,167,216,295,285,209,199,228,225,328,314,371,254,235,167,191,318,284
"960",267,155,224,305,311,240,191,260,238,314,330,393,257,239,230,231,334,266
"961",245,149,224,309,303,238,192,237,232,328,341,384,244,251,201,200,332,285
"962",286,160,259,306,304,238,196,237,258,327,339,419,274,260,220,204,348,289
"963",244,159,230,296,292,222,218,223,239,318,314,370,206,233,173,212,357,271
"964",243,166,264,317,302,244,195,264,273,340,360,392,238,245,237,217,361,265
"965",228,156,205,307,307,242,201,256,256,326,348,387,234,250,207,250,363,249
"966",226,151,232,307,308,253,217,240,252,335,347,385,223,244,220,213,368,256
"967",263,158,238,308,302,256,197,251,280,330,351,378,235,243,213,234,368,283
"968",267,171,236,316,303,242,217,248,221,365,341,409,282,256,219,198,339,269
"969",235,155,244,298,286,246,211,225,265,342,342,385,218,234,228,227,362,259
"970",248,161,237,310,308,254,206,237,240,342,352,395,286,263,215,217,333,285
"971",248,165,236,304,292,224,202,257,247,330,340,392,274,247,205,203,332,258
"972",241,163,258,313,293,247,256,250,252,345,352,369,285,257,217,212,342,280
"973",212,145,204,292,290,230,186,244,230,327,300,389,226,227,191,224,350,279
"974",268,161,247,309,323,238,195,239,238,327,352,417,271,250,230,208,338,277
"975",235,164,227,307,291,232,174,239,227,315,319,374,225,228,207,210,347,272
"976",259,168,221,301,272,221,185,239,242,307,313,388,258,251,181,210,330,272
"977",262,158,250,319,311,233,198,251,244,362,352,394,272,245,207,201,344,277
"978",238,153,267,304,290,226,180,254,250,335,337,378,231,214,216,224,360,276
"979",223,157,222,287,288,220,186,253,231,309,321,371,206,228,194,209,345,282
"980",252,149,254,303,315,237,196,214,246,329,339,387,265,244,207,199,339,293
"981",245,155,227,287,295,240,187,221,216,334,311,364,228,244,187,208,364,270
"982",216,155,244,322,306,248,197,243,277,337,346,387,215,247,224,213,374,280
"983",249,144,231,298,295,224,201,215,236,324,335,382,268,248,196,235,331,254
"984",275,157,259,319,312,240,218,251,240,335,350,388,281,232,204,201,347,278
"985",261,175,236,298,280,242,206,233,232,347,351,413,281,232,220,216,343,273
"986",232,152,243,302,284,216,188,216,240,325,338,410,274,223,194,212,338,280
"987",251,166,209,299,297,219,187,216,230,314,316,391,245,225,190,193,333,269
"988",226,160,249,305,292,245,194,230,246,356,359,391,238,238,219,231,374,263
"989",256,163,258,305,316,248,228,239,251,325,355,413,265,257,203,198,352,282
"990",262,149,231,314,320,231,212,224,236,326,348,375,224,249,196,233,367,264
"991",250,160,220,305,287,223,194,239,246,317,318,372,236,228,194,233,366,263
"992",238,162,243,294,285,231,182,256,233,326,300,365,224,239,189,223,346,289
"993",234,171,218,298,299,234,191,242,226,323,321,373,227,229,180,215,352,287
"994",247,169,223,314,308,240,217,239,257,326,335,404,278,253,206,199,345,280
"995",240,152,252,317,323,247,214,234,247,359,346,393,251,240,211,226,380,274
"996",250,157,240,310,308,256,188,253,251,344,357,394,235,252,247,220,367,264
"997",221,153,239,312,303,229,181,249,234,332,338,387,242,247,214,239,366,261
"998",258,156,226,296,282,230,201,236,227,316,301,383,233,250,185,187,326,277
"999",241,155,223,301,285,221,183,238,267,320,308,383,192,225,187,217,349,282
"1000",219,165,244,306,308,254,227,272,255,344,350,414,239,236,240,234,370,260
